# Gate B saved-source world matrices, glTF basis; source 9e37b73e8419e721b885326e06ba3b185fbd11168da77184a13e2b07d6961ea6
Take 0 0 root 1 0 0 0 0 1 0 0 0 0 1 0 0 0 0 1
Take 0 0 pelvis 1 0 0 0 0 1 -3.42285453e-08 0 0 3.42285453e-08 1 0 0 0.529999971 0 1
Take 0 0 chest 1 0 0 0 0 1 -3.42285453e-08 0 0 3.42285453e-08 1 0 0 0.929999888 3.55271368e-15 1
Take 0 0 head 1 0 0 0 0 1 -3.42285453e-08 0 0 3.42285453e-08 1 0 0 1.30900025 0 1
Take 0 0 arm_R_0 0.683121741 2.32830644e-08 0.73030448 0 0.730150878 0.0205101278 -0.682978034 0 -0.0149786491 0.999789655 0.0140109416 0 -2.22666898e-08 0.929999709 0.275000095 1
Take 0 0 arm_R_1 0.834065616 4.09781933e-08 0.551665246 0 0.545995653 0.14299871 -0.825493693 0 -0.0788874626 0.989722908 0.119270317 0 0.197777733 0.845555544 0.0900000483 1
Take 0 0 arm_R_2 0.945325971 2.49128789e-08 0.326126456 0 0.314944237 0.259616107 -0.912912548 0 -0.0846677199 0.965711951 0.245421886 0 0.337777704 0.882222176 -0.121666558 1
Take 0 0 hand_R 0.905458629 -1.63912773e-07 -0.424433976 0 -0.149366632 0.936030269 -0.318648994 0 0.397283047 0.351919889 0.847536623 0 0.419999778 1.04000044 -0.359999925 1
Take 0 0 bat_grip 0.905458629 -2.14163165e-07 -0.424433917 0 -0.149366602 0.936030209 -0.318649113 0 0.397283018 0.351919979 0.847536623 0 0.419999778 1.04000044 -0.359999925 1
Take 0 0 bat_barrel 0.905458689 -2.30327458e-07 -0.424433798 0 -0.14936623 0.936030388 -0.318648487 0 0.397283018 0.351919293 0.847536922 0 0.291544467 1.84498644 -0.63403821 1
Take 0 0 bat_tip 0.90545857 -2.45627263e-07 -0.424434006 0 -0.149366602 0.936030209 -0.318649113 0 0.397283107 0.351919979 0.847536564 0 0.240759864 2.16323686 -0.742378831 1
Take 0 0 arm_L_0 0.397238612 -1.49011612e-08 0.91771543 0 0.882791042 0.273245752 -0.382121533 0 -0.250761718 0.961944222 0.108543694 0 -3.89941448e-08 0.929999888 -0.275000095 1
Take 0 0 arm_L_1 0.33260116 -1.49011612e-08 0.94306767 0 0.793171883 0.540949464 -0.279736012 0 -0.510151744 0.841055155 0.179920375 0 0.18931368 0.898597419 -0.356945693 1
Take 0 0 arm_L_2 0.145333588 -1.78813934e-07 0.989382744 0 0.519540131 0.851031065 -0.0763168335 0 -0.841995239 0.525115371 0.123683363 0 0.320849836 0.988306105 -0.40333575 1
Take 0 0 hand_L 0.905458689 1.1920929e-07 -0.424434006 0 -0.149366453 0.936030388 -0.318648636 0 0.397283077 0.351919293 0.847537041 0 0.39460808 1.19912577 -0.414170384 1
Take 0 0 foot_R 0 4.37113883e-08 1 0 0.99999994 0 0 0 0 1 -4.37113883e-08 0 0.0799999833 0.0688500032 0.340000004 1
Take 0 0 foot_L 0 4.37113883e-08 1 0 0.99999994 0 0 0 0 1 -4.37113883e-08 0 0.0799999833 0.0688500032 -0.340000004 1
Take 0 360 root 1 0 0 0 0 1 0 0 0 0 1 0 0 0 0 1
Take 0 360 pelvis 0.989769578 -6.48121556e-07 -0.142675012 0 -6.48121556e-07 1 -9.038813e-06 0 0.142675012 9.038813e-06 0.989769578 0 -0.00878860336 0.553436279 -0.0205067396 1
Take 0 360 chest 0.980175316 -1.92550533e-06 -0.198132202 0 -1.92392827e-06 1 -1.92361076e-05 0 0.198132202 1.92359494e-05 0.980175316 0 -0.00878886227 0.953439772 -0.0205067396 1
Take 0 360 head 1 2.64556093e-08 -4.47034836e-08 0 -2.64556093e-08 1 -3.06956281e-07 0 4.47034836e-08 3.06954462e-07 1 0 -0.00878958777 1.33244717 -0.0205066949 1
Take 0 360 arm_R_0 0.725426793 8.38190317e-08 0.688299358 0 0.688134551 0.0218792073 -0.725253046 0 -0.0150594898 0.999760568 0.0158717409 0 0.0456964783 0.953439772 0.249036297 1
Take 0 360 arm_R_1 0.874457121 -3.94880772e-07 0.485102981 0 0.479588151 0.150356874 -0.864515841 0 -0.0729382187 0.988631725 0.131480858 0 0.220430136 0.868995547 0.0648804531 1
Take 0 360 arm_R_2 0.970330417 -5.21657057e-07 0.24178271 0 0.233013317 0.266878337 -0.935136616 0 -0.0645260513 0.963730156 0.258960336 0 0.337385923 0.905662179 -0.145941928 1
Take 0 360 hand_R 0.905458748 -1.41561031e-07 -0.424433768 0 -0.149366662 0.93603003 -0.318649143 0 0.397283018 0.351919919 0.847536802 0 0.396563947 1.0634402 -0.383431077 1
Take 0 360 bat_grip 0.905458748 -1.91811409e-07 -0.424433708 0 -0.149366632 0.936029971 -0.318649262 0 0.397282988 0.351920009 0.847536802 0 0.396563947 1.0634402 -0.383431077 1
Take 0 360 bat_barrel 0.905458808 -2.07975688e-07 -0.424433589 0 -0.14936626 0.936030149 -0.318648636 0 0.397282988 0.351919323 0.8475371 0 0.268108606 1.86842597 -0.657469451 1
Take 0 360 bat_tip 0.905458689 -2.23275507e-07 -0.424433798 0 -0.149366632 0.936029971 -0.318649262 0 0.397283077 0.351920009 0.847536743 0 0.217323989 2.1866765 -0.765810132 1
Take 0 360 arm_L_0 0.385893613 -2.98023224e-07 0.922543347 0 0.891356111 0.257814646 -0.372848272 0 -0.237844989 0.966194451 0.0994891971 0 -0.0632741973 0.953439832 -0.290049791 1
Take 0 360 arm_L_1 0.321612209 -2.98023224e-08 0.946871698 0 0.816737056 0.505948365 -0.277411073 0 -0.479067922 0.862563908 0.162719101 0 0.139318392 0.922037423 -0.374792635 1
Take 0 360 arm_L_2 0.154729396 3.39746475e-06 0.98795712 0 0.582074583 0.80800873 -0.0911646932 0 -0.798277974 0.589170575 0.125020534 0 0.284133404 1.01174545 -0.423979998 1
Take 0 360 hand_L 0.905458689 -9.53674316e-07 -0.424434155 0 -0.149365813 0.936030269 -0.318649292 0 0.397283614 0.351919532 0.847536922 0 0.371171176 1.22256565 -0.437611789 1
Take 0 360 foot_R 0 4.37113883e-08 1 0 0.99999994 0 0 0 0 1 -4.37113883e-08 0 0.0799999833 0.0688500032 0.340000004 1
Take 0 360 foot_L 0 4.37113883e-08 1 0 0.99999994 0 0 0 0 1 -4.37113883e-08 0 0.0799999833 0.0688500032 -0.340000004 1
Take 0 384 root 1 0 0 0 0 1 0 0 0 0 1 0 0 0 0 1
Take 0 384 pelvis 0.973194242 -1.75854069e-07 -0.229984611 0 -1.75854055e-07 1 -1.50877145e-06 0 0.229984611 1.50877145e-06 0.973194242 0 -0.0142458957 0.567989051 -0.0332404226 1
Take 0 384 chest 0.941981018 -1.04573292e-06 -0.33566606 0 -1.04450419e-06 1 -6.04659272e-06 0 0.33566606 6.0463808e-06 0.941981018 0 -0.0142459711 0.967989564 -0.0332404189 1
Take 0 384 head 0.99999994 4.14713668e-08 -1.49011612e-07 0 -4.14713668e-08 1 -2.77854724e-07 0 1.49011612e-07 2.77855179e-07 0.99999994 0 -0.0142463641 1.34699202 -0.0332403854 1
Take 0 384 arm_R_0 0.751572967 1.31316483e-07 0.659649849 0 0.659474969 0.023028804 -0.751373708 0 -0.0151910279 0.9997347 0.0173077788 0 0.0780616105 0.967989564 0.22580272 1
Take 0 384 arm_R_1 0.898961782 -6.33299351e-08 0.438027024 0 0.432624906 0.156568721 -0.887874842 0 -0.0685812831 0.987666905 0.14074938 0 0.23715587 0.88354528 0.0445393138 1
Take 0 384 arm_R_2 0.98321104 -1.47148967e-07 0.182471544 0 0.175527349 0.273249835 -0.945793152 0 -0.0498602018 0.961942971 0.268662333 0 0.338472337 0.920211971 -0.163390711 1
Take 0 384 hand_R 0.905458868 -5.96046448e-08 -0.424433976 0 -0.149366647 0.93603009 -0.318649024 0 0.397282898 0.3519198 0.847536922 0 0.382011026 1.07799006 -0.397987545 1
Take 0 384 bat_grip 0.905458868 -1.09855023e-07 -0.424433917 0 -0.149366617 0.93603003 -0.318649143 0 0.397282869 0.351919889 0.847536922 0 0.382011026 1.07799006 -0.397987545 1
Take 0 384 bat_barrel 0.905458927 -1.2601933e-07 -0.424433798 0 -0.149366245 0.936030209 -0.318648517 0 0.397282869 0.351919204 0.84753722 0 0.253555715 1.88297582 -0.6720258 1
Take 0 384 bat_tip 0.905458808 -1.41319106e-07 -0.424434006 0 -0.149366617 0.93603003 -0.318649143 0 0.397282958 0.351919889 0.847536862 0 0.202771097 2.20122623 -0.780366421 1
Take 0 384 arm_L_0 0.386261255 0 0.922389448 0 0.893841445 0.246864393 -0.374306619 0 -0.227705061 0.96905005 0.0953540653 0 -0.106553644 0.967989624 -0.292283624 1
Take 0 384 arm_L_1 0.326287746 2.23517418e-07 0.945270598 0 0.828523517 0.481413394 -0.285989344 0 -0.455065876 0.876493812 0.157079056 0 0.105614692 0.936587095 -0.381131589 1
Take 0 384 arm_L_2 0.180567116 1.40070915e-06 0.983562768 0 0.620460272 0.775921345 -0.113908254 0 -0.763167381 0.630829811 0.140104949 0 0.260005563 1.02629542 -0.434424043 1
Take 0 384 hand_L 0.905458689 -2.68220901e-07 -0.424434274 0 -0.149366528 0.936030328 -0.318649054 0 0.397283316 0.351919621 0.847536862 0 0.356618434 1.23711503 -0.452160895 1
Take 0 384 foot_R 3.94952204e-09 4.35325944e-08 1 0 0.995909631 -0.0903545469 0 0 0.0903545395 0.995909691 -4.37113883e-08 0 0.0877915621 0.120764531 0.343493611 1
Take 0 384 foot_L 0 4.37113883e-08 1 0 0.99999994 0 0 0 0 1 -4.37113883e-08 0 0.0799999833 0.0688500032 -0.340000004 1
Take 0 408 root 1 0 0 0 0 1 0 0 0 0 1 0 0 0 0 1
Take 0 408 pelvis 0.970295727 -2.18307701e-08 -0.241921932 0 -2.18307701e-08 1 -1.77797332e-07 0 0.241921932 1.77797332e-07 0.970295727 0 -0.0149999997 0.569999993 -0.0350000001 1
Take 0 408 chest 0.929775655 -9.36137923e-09 -0.36812669 0 -9.27720478e-09 1 -4.88611676e-08 0 0.36812669 4.88450951e-08 0.929775655 0 -0.0150000043 0.969999731 -0.0350000001 1
Take 0 408 head 1 -2.40795828e-10 -8.94069672e-08 0 2.4078961e-10 1 -3.31949437e-08 0 8.94069672e-08 3.3194933e-08 1 0 -0.0150000025 1.34899962 -0.0350000001 1
Take 0 408 arm_R_0 0.756725907 2.04890966e-08 0.653732181 0 0.653554499 0.0233199708 -0.756520092 0 -0.0152450148 0.999728024 0.017646851 0 0.0862348527 0.969999731 0.220688313 1
Take 0 408 arm_R_1 0.903875887 -2.04890966e-08 0.427794755 0 0.422409564 0.158170611 -0.892497599 0 -0.0676645339 0.987411737 0.142966643 0 0.24193421 0.885555625 0.0404588729 1
Take 0 408 arm_R_2 0.985548556 -1.39698386e-09 0.169392645 0 0.162862927 0.274972558 -0.947557807 0 -0.0465783253 0.961452007 0.270998865 0 0.339855701 0.922222316 -0.166437134 1
Take 0 408 hand_R 0.905458808 1.11758709e-08 -0.424434006 0 -0.149366677 0.936030209 -0.318648875 0 0.397283047 0.351919681 0.847536862 0 0.379999489 1.08000052 -0.399999887 1
Take 0 408 bat_grip 0.905458808 -3.90745214e-08 -0.424433947 0 -0.149366647 0.936030149 -0.318648994 0 0.397283018 0.35191977 0.847536862 0 0.379999489 1.08000052 -0.399999887 1
Take 0 408 bat_barrel 0.905458868 -5.52388393e-08 -0.424433827 0 -0.149366274 0.936030328 -0.318648368 0 0.397283018 0.351919085 0.84753716 0 0.251544118 1.8849864 -0.674038053 1
Take 0 408 bat_tip 0.905458748 -7.05386043e-08 -0.424434036 0 -0.149366647 0.936030149 -0.318648994 0 0.397283107 0.35191977 0.847536802 0 0.200759515 2.20323682 -0.782378614 1
Take 0 408 arm_L_0 0.386738986 5.96046448e-08 0.922189355 0 0.894304454 0.244050801 -0.375045121 0 -0.225061014 0.969762444 0.0943837911 0 -0.116234794 0.969999731 -0.290688306 1
Take 0 408 arm_L_1 0.32800281 5.96046448e-08 0.944676995 0 0.831240058 0.475121766 -0.288616449 0 -0.448836446 0.879920125 0.155841082 0 0.0984905213 0.938597262 -0.380737871 1
Take 0 408 arm_L_2 0.187580526 5.96046448e-08 0.982249498 0 0.629846871 0.767349303 -0.120282315 0 -0.75372833 0.641229331 0.143939584 0 0.255438149 1.02830577 -0.435231894 1
Take 0 408 hand_L 0.905458987 8.94069672e-08 -0.424433827 0 -0.149366751 0.936030149 -0.318648964 0 0.397282779 0.351919591 0.84753716 0 0.354607761 1.23912549 -0.454170316 1
Take 0 408 foot_R 5.82364068e-09 4.33217124e-08 1 0 0.991085172 -0.133229375 0 0 0.13322936 0.991085231 -4.37113883e-08 0 0.0925961137 0.15439631 0.385078877 1
Take 0 408 foot_L 0 4.37113883e-08 1 0 0.99999994 0 0 0 0 1 -4.37113883e-08 0 0.0799999833 0.0688500032 -0.340000004 1
Take 0 432 root 1 0 0 0 0 1 0 0 0 0 1 0 0 0 0 1
Take 0 432 pelvis 0.973198831 -2.0663542e-07 -0.229965389 0 -2.0663542e-07 1 -1.77301808e-06 0 0.229965389 1.77301808e-06 0.973198831 0 -0.0119005423 0.565289676 -0.0182759166 1
Take 0 432 chest 0.927946627 -1.94573886e-08 -0.372713178 0 -1.82066913e-08 1 -9.75339844e-08 0 0.372713178 9.72921725e-08 0.927946627 0 -0.0119006252 0.965290129 -0.0182759184 1
Take 0 432 head 1 2.68431677e-09 -1.1920929e-07 0 -2.68435763e-09 1 -5.14696126e-08 0 1.1920929e-07 5.14695948e-08 1 0 -0.0119006382 1.34429026 -0.0182759203 1
Take 0 432 arm_R_0 0.76700902 1.83470547e-07 0.641636252 0 0.641461194 0.023365397 -0.766799629 0 -0.0149922073 0.999726951 0.0179213881 0 0.0905954465 0.96529007 0.236909389 1
Take 0 432 arm_R_1 0.909214199 6.20260835e-07 0.416328669 0 0.411230326 0.156017736 -0.898080111 0 -0.0649552196 0.987754226 0.141853333 0 0.245220691 0.880922556 0.0520684347 1
Take 0 432 arm_R_2 0.986810744 4.92203981e-07 0.161878169 0 0.155836537 0.270647705 -0.949981391 0 -0.0438124388 0.962678432 0.267078012 0 0.342068195 0.917665899 -0.159439057 1
Take 0 432 hand_R 0.905458868 1.11758709e-08 -0.424433976 0 -0.149366707 0.936030209 -0.318648905 0 0.397283047 0.35191974 0.847536743 0 0.381137818 1.07552052 -0.397613227 1
Take 0 432 bat_grip 0.905458868 -3.90745178e-08 -0.424433917 0 -0.149366677 0.936030149 -0.318649024 0 0.397283018 0.35191983 0.847536743 0 0.381137818 1.07552052 -0.397613227 1
Take 0 432 bat_barrel 0.905458927 -5.52388322e-08 -0.424433798 0 -0.149366304 0.936030328 -0.318648398 0 0.397283018 0.351919144 0.847537041 0 0.252682447 1.88050652 -0.671651363 1
Take 0 432 bat_tip 0.905458808 -7.05386043e-08 -0.424434006 0 -0.149366677 0.936030149 -0.318649024 0 0.397283107 0.35191983 0.847536683 0 0.201897815 2.19875669 -0.779991984 1
Take 0 432 arm_L_0 0.404951602 6.85453415e-07 0.914338171 0 0.887014568 0.242639273 -0.392850608 0 -0.221854568 0.970116556 0.098256439 0 -0.114396676 0.96529007 -0.273461163 1
Take 0 432 arm_L_1 0.354643375 2.4586916e-06 0.935001731 0 0.824198902 0.472193509 -0.31261763 0 -0.441502422 0.88149488 0.167458177 0 0.100095674 0.933964252 -0.368457735 1
Take 0 432 arm_L_2 0.234693021 8.28504562e-06 0.972069621 0 0.62606281 0.764980853 -0.151161045 0 -0.743615866 0.644052923 0.179530323 0 0.256810963 1.02374947 -0.427898765 1
Take 0 432 hand_L 0.905459762 -1.90734863e-06 -0.424432188 0 -0.149365216 0.936029434 -0.318651915 0 0.397281706 0.351921618 0.847536683 0 0.355750769 1.23464763 -0.451783627 1
Take 0 432 foot_R 3.04915559e-09 4.36049099e-08 1 0 0.997563958 -0.0697565526 0 0 0.0697565451 0.997564018 -4.37113847e-08 0 0.0857381225 0.116693288 0.444921106 1
Take 0 432 foot_L 0 4.37113883e-08 1 0 0.99999994 0 0 0 0 1 -4.37113883e-08 0 0.0799999833 0.0688500032 -0.340000004 1
Take 0 456 root 1 0 0 0 0 1 0 0 0 0 1 0 0 0 0 1
Take 0 456 pelvis 0.983619332 -6.44959755e-07 -0.180258051 0 -6.44959755e-07 1 -7.0973515e-06 0 0.180258051 7.0973515e-06 0.983619332 0 -0.00122003234 0.551343977 0.0304124132 1
Take 0 456 chest 0.935720325 -3.13820408e-07 -0.352742612 0 -3.13713031e-07 1 -1.72184582e-06 0 0.352742612 1.72182581e-06 0.935720325 0 -0.00122029008 0.951346755 0.030412415 1
Take 0 456 head 0.99999994 1.46251864e-08 -1.49011612e-07 0 -1.46250159e-08 1 5.37936558e-08 0 1.49011612e-07 -5.37942242e-08 0.99999994 0 -0.00122040207 1.33034754 0.0304124262 1
Take 0 456 arm_R_0 0.788561583 1.14459544e-06 0.614955664 0 0.614865959 0.0170821082 -0.788446486 0 -0.0105056213 0.999854028 0.013469629 0 0.0957837552 0.951346636 0.287735015 1
Take 0 456 arm_R_1 0.918497026 9.46223736e-07 0.395427763 0 0.391358137 0.143096328 -0.909044564 0 -0.0565851107 0.989708722 0.131433219 0 0.250396162 0.865641475 0.089472197 1
Take 0 456 arm_R_2 0.988164067 2.39349902e-07 0.153399855 0 0.148418233 0.252771944 -0.956074357 0 -0.0387753993 0.96752584 0.249780178 0 0.347230852 0.901047111 -0.135457084 1
Take 0 456 hand_R 0.905458689 4.47034836e-08 -0.424433947 0 -0.149366736 0.93603009 -0.318648905 0 0.397282958 0.35191977 0.847536743 0 0.386287689 1.05756402 -0.387053102 1
Take 0 456 bat_grip 0.905458689 -5.54689805e-09 -0.424433887 0 -0.149366707 0.93603003 -0.318649024 0 0.397282928 0.35191986 0.847536743 0 0.386287689 1.05756402 -0.387053102 1
Take 0 456 bat_barrel 0.905458748 -2.17112017e-08 -0.424433768 0 -0.149366334 0.936030209 -0.318648398 0 0.397282928 0.351919174 0.847537041 0 0.257832289 1.86254978 -0.661091268 1
Take 0 456 bat_tip 0.905458629 -3.70109845e-08 -0.424433976 0 -0.149366707 0.93603003 -0.318649024 0 0.397283018 0.35191986 0.847536683 0 0.207047641 2.1808002 -0.769431829 1
Take 0 456 arm_L_0 0.452570379 2.17556953e-06 0.891728759 0 0.866606951 0.235690057 -0.439821213 0 -0.210172489 0.971828282 0.10666436 0 -0.0982243344 0.951346755 -0.226910204 1
Take 0 456 arm_L_1 0.422984958 4.29153442e-06 0.90613687 0 0.802725971 0.463917732 -0.37471506 0 -0.420374423 0.885878325 0.196226701 0 0.1125938 0.91868341 -0.333903909 1
Take 0 456 arm_L_2 0.352511525 9.20891762e-06 0.935807586 0 0.606683254 0.761383295 -0.22854054 0 -0.712510228 0.648301899 0.268390715 0 0.265634447 1.0071311 -0.405342162 1
Take 0 456 hand_L 0.905459225 -1.07288361e-06 -0.424432963 0 -0.149365872 0.936029673 -0.318650693 0 0.397282302 0.351920843 0.847536683 0 0.360898972 1.21669149 -0.441224515 1
Take 0 456 foot_R 2.62247751e-10 4.37106031e-08 1 0 0.99998194 -0.00599952973 0 0 0.00599952927 0.999981999 -4.37113883e-08 0 0.0804199576 0.0730913579 0.486506373 1
Take 0 456 foot_L 0 4.37113883e-08 1 0 0.99999994 0 0 0 0 1 -4.37113883e-08 0 0.0799999833 0.0688500032 -0.340000004 1
Take 0 464 root 1 0 0 0 0 1 0 0 0 0 1 0 0 0 0 1
Take 0 464 pelvis 0.984807789 2.18227014e-09 -0.173648134 0 2.18227014e-09 1 2.49434677e-08 0 0.173648134 -2.49434677e-08 0.984807789 0 0 0.550000012 0.0350000001 1
Take 0 464 chest 0.93685174 -2.08320294e-08 -0.349726737 0 -2.0830413e-08 1 -1.15367335e-07 0 0.349726737 1.15367037e-07 0.93685174 0 2.33064901e-09 0.94999969 0.0350000039 1
Take 0 464 head 0.99999994 2.8368774e-10 -1.78813934e-07 0 -2.83689516e-10 1 -3.58042982e-08 0 1.78813934e-07 3.58042911e-08 0.99999994 0 9.14486709e-10 1.329 0.0350000001 1
Take 0 464 arm_R_0 0.79006803 2.42143869e-08 0.61301899 0 0.612943351 0.0157166161 -0.789970398 0 -0.00963458512 0.99987644 0.0124172196 0 0.0961748585 0.94999969 0.292634279 1
Take 0 464 arm_R_1 0.919063389 -3.7252903e-09 0.394109696 0 0.390162557 0.141175613 -0.909858406 0 -0.0556386784 0.989984512 0.129749358 0 0.250897557 0.863967121 0.093225196 1
Take 0 464 arm_R_2 0.988204241 -5.58793545e-09 0.153141111 0 0.148256868 0.250541627 -0.956686318 0 -0.0383682325 0.968105793 0.24758634 0 0.347842455 0.899045587 -0.132850468 1
Take 0 464 hand_R 0.905458748 -9.31322575e-08 -0.424434185 0 -0.149366602 0.936030269 -0.318648845 0 0.397283137 0.351919651 0.847536743 0 0.387009531 1.05523515 -0.385592848 1
Take 0 464 bat_grip 0.905458748 -1.4338265e-07 -0.424434125 0 -0.149366572 0.936030209 -0.318648964 0 0.397283107 0.35191974 0.847536743 0 0.387009531 1.05523515 -0.385592848 1
Take 0 464 bat_barrel 0.905458808 -1.59546985e-07 -0.424434006 0 -0.1493662 0.936030388 -0.318648338 0 0.397283107 0.351919055 0.847537041 0 0.25855425 1.86022115 -0.659630954 1
Take 0 464 bat_tip 0.905458689 -1.74846718e-07 -0.424434215 0 -0.149366572 0.936030209 -0.318648964 0 0.397283196 0.35191974 0.847536683 0 0.207769647 2.17847157 -0.767971516 1
Take 0 464 arm_L_0 0.456474334 -5.96046448e-08 0.889736593 0 0.864950716 0.234390527 -0.443758219 0 -0.208545774 0.972142518 0.106993213 0 -0.0961749181 0.94999969 -0.222634181 1
Take 0 464 arm_L_1 0.428537488 -7.4505806e-08 0.903524101 0 0.801045418 0.462577134 -0.379932404 0 -0.417949438 0.886579096 0.198231623 0 0.114200413 0.917008758 -0.330566138 1
Take 0 464 arm_L_2 0.361988783 -1.1920929e-07 0.93218255 0 0.605008364 0.760768175 -0.234939188 0 -0.709174752 0.649023533 0.275389552 0 0.266798079 1.00512886 -0.402942538 1
Take 0 464 hand_L 0.905458808 -5.96046448e-08 -0.424433887 0 -0.149366528 0.936030149 -0.318648785 0 0.397282958 0.351919413 0.847537041 0 0.361617923 1.21436048 -0.439763278 1
Take 0 464 foot_R 0 4.37113883e-08 1 0 0.99999994 0 0 0 0 1 -4.37113883e-08 0 0.0799999833 0.0688500032 0.49000001 1
Take 0 464 foot_L 0 4.37113883e-08 1 0 0.99999994 0 0 0 0 1 -4.37113883e-08 0 0.0799999833 0.0688500032 -0.340000004 1
Take 0 496 root 1 0 0 0 0 1 0 0 0 0 1 0 0 0 0 1
Take 0 496 pelvis 0.984807789 2.18227014e-09 -0.173648134 0 2.18227014e-09 1 2.49434677e-08 0 0.173648134 -2.49434677e-08 0.984807789 0 0 0.550000012 0.0350000001 1
Take 0 496 chest 0.93685174 -2.08320294e-08 -0.349726737 0 -2.0830413e-08 1 -1.15367335e-07 0 0.349726737 1.15367037e-07 0.93685174 0 2.33064901e-09 0.94999969 0.0350000039 1
Take 0 496 head 0.99999994 2.8368774e-10 -1.78813934e-07 0 -2.83689516e-10 1 -3.58042982e-08 0 1.78813934e-07 3.58042911e-08 0.99999994 0 9.14486709e-10 1.329 0.0350000001 1
Take 0 496 arm_R_0 0.79006803 2.42143869e-08 0.61301899 0 0.612943351 0.0157166161 -0.789970398 0 -0.00963458512 0.99987644 0.0124172196 0 0.0961748585 0.94999969 0.292634279 1
Take 0 496 arm_R_1 0.919063389 -3.7252903e-09 0.394109696 0 0.390162557 0.141175613 -0.909858406 0 -0.0556386784 0.989984512 0.129749358 0 0.250897557 0.863967121 0.093225196 1
Take 0 496 arm_R_2 0.988204241 -5.58793545e-09 0.153141111 0 0.148256868 0.250541627 -0.956686318 0 -0.0383682325 0.968105793 0.24758634 0 0.347842455 0.899045587 -0.132850468 1
Take 0 496 hand_R 0.905458748 -9.31322575e-08 -0.424434185 0 -0.149366602 0.936030269 -0.318648845 0 0.397283137 0.351919651 0.847536743 0 0.387009531 1.05523515 -0.385592848 1
Take 0 496 bat_grip 0.905458748 -1.4338265e-07 -0.424434125 0 -0.149366572 0.936030209 -0.318648964 0 0.397283107 0.35191974 0.847536743 0 0.387009531 1.05523515 -0.385592848 1
Take 0 496 bat_barrel 0.905458808 -1.59546985e-07 -0.424434006 0 -0.1493662 0.936030388 -0.318648338 0 0.397283107 0.351919055 0.847537041 0 0.25855425 1.86022115 -0.659630954 1
Take 0 496 bat_tip 0.905458689 -1.74846718e-07 -0.424434215 0 -0.149366572 0.936030209 -0.318648964 0 0.397283196 0.35191974 0.847536683 0 0.207769647 2.17847157 -0.767971516 1
Take 0 496 arm_L_0 0.456474334 -5.96046448e-08 0.889736593 0 0.864950716 0.234390527 -0.443758219 0 -0.208545774 0.972142518 0.106993213 0 -0.0961749181 0.94999969 -0.222634181 1
Take 0 496 arm_L_1 0.428537488 -7.4505806e-08 0.903524101 0 0.801045418 0.462577134 -0.379932404 0 -0.417949438 0.886579096 0.198231623 0 0.114200413 0.917008758 -0.330566138 1
Take 0 496 arm_L_2 0.361988783 -1.1920929e-07 0.93218255 0 0.605008364 0.760768175 -0.234939188 0 -0.709174752 0.649023533 0.275389552 0 0.266798079 1.00512886 -0.402942538 1
Take 0 496 hand_L 0.905458808 -5.96046448e-08 -0.424433887 0 -0.149366528 0.936030149 -0.318648785 0 0.397282958 0.351919413 0.847537041 0 0.361617923 1.21436048 -0.439763278 1
Take 0 496 foot_R 0 4.37113883e-08 1 0 0.99999994 0 0 0 0 1 -4.37113883e-08 0 0.0799999833 0.0688500032 0.49000001 1
Take 0 496 foot_L 0 4.37113883e-08 1 0 0.99999994 0 0 0 0 1 -4.37113883e-08 0 0.0799999833 0.0688500032 -0.340000004 1
Take 0 672 root 1 0 0 0 0 1 0 0 0 0 1 0 0 0 0 1
Take 0 672 pelvis 1 0 0 0 0 1 -3.42285453e-08 0 0 3.42285453e-08 1 0 0 0.529999971 0 1
Take 0 672 chest 1 0 0 0 0 1 -3.42285453e-08 0 0 3.42285453e-08 1 0 0 0.929999888 3.55271368e-15 1
Take 0 672 head 1 0 0 0 0 1 -3.42285453e-08 0 0 3.42285453e-08 1 0 0 1.30900025 0 1
Take 0 672 arm_R_0 0.683121741 2.32830644e-08 0.73030448 0 0.730150878 0.0205101278 -0.682978034 0 -0.0149786491 0.999789655 0.0140109416 0 -2.22666898e-08 0.929999709 0.275000095 1
Take 0 672 arm_R_1 0.834065616 4.09781933e-08 0.551665246 0 0.545995653 0.14299871 -0.825493693 0 -0.0788874626 0.989722908 0.119270317 0 0.197777733 0.845555544 0.0900000483 1
Take 0 672 arm_R_2 0.945325971 2.49128789e-08 0.326126456 0 0.314944237 0.259616107 -0.912912548 0 -0.0846677199 0.965711951 0.245421886 0 0.337777704 0.882222176 -0.121666558 1
Take 0 672 hand_R 0.905458629 -1.63912773e-07 -0.424433976 0 -0.149366632 0.936030269 -0.318648994 0 0.397283047 0.351919889 0.847536623 0 0.419999778 1.04000044 -0.359999925 1
Take 0 672 bat_grip 0.905458629 -2.14163165e-07 -0.424433917 0 -0.149366602 0.936030209 -0.318649113 0 0.397283018 0.351919979 0.847536623 0 0.419999778 1.04000044 -0.359999925 1
Take 0 672 bat_barrel 0.905458689 -2.30327458e-07 -0.424433798 0 -0.14936623 0.936030388 -0.318648487 0 0.397283018 0.351919293 0.847536922 0 0.291544467 1.84498644 -0.63403821 1
Take 0 672 bat_tip 0.90545857 -2.45627263e-07 -0.424434006 0 -0.149366602 0.936030209 -0.318649113 0 0.397283107 0.351919979 0.847536564 0 0.240759864 2.16323686 -0.742378831 1
Take 0 672 arm_L_0 0.397238612 -1.49011612e-08 0.91771543 0 0.882791042 0.273245752 -0.382121533 0 -0.250761718 0.961944222 0.108543694 0 -3.89941448e-08 0.929999888 -0.275000095 1
Take 0 672 arm_L_1 0.33260116 -1.49011612e-08 0.94306767 0 0.793171883 0.540949464 -0.279736012 0 -0.510151744 0.841055155 0.179920375 0 0.18931368 0.898597419 -0.356945693 1
Take 0 672 arm_L_2 0.145333588 -1.78813934e-07 0.989382744 0 0.519540131 0.851031065 -0.0763168335 0 -0.841995239 0.525115371 0.123683363 0 0.320849836 0.988306105 -0.40333575 1
Take 0 672 hand_L 0.905458689 1.1920929e-07 -0.424434006 0 -0.149366453 0.936030388 -0.318648636 0 0.397283077 0.351919293 0.847537041 0 0.39460808 1.19912577 -0.414170384 1
Take 0 672 foot_R 0 4.37113883e-08 1 0 0.99999994 0 0 0 0 1 -4.37113883e-08 0 0.0799999833 0.0688500032 0.49000001 1
Take 0 672 foot_L 0 4.37113883e-08 1 0 0.99999994 0 0 0 0 1 -4.37113883e-08 0 0.0799999833 0.0688500032 -0.340000004 1
Take 0 800 root 1 0 0 0 0 1 0 0 0 0 1 0 0 0 0 1
Take 0 800 pelvis 1 0 0 0 0 1 -3.42285453e-08 0 0 3.42285453e-08 1 0 0 0.529999971 0 1
Take 0 800 chest 1 0 0 0 0 1 -3.42285453e-08 0 0 3.42285453e-08 1 0 0 0.929999888 3.55271368e-15 1
Take 0 800 head 1 0 0 0 0 1 -3.42285453e-08 0 0 3.42285453e-08 1 0 0 1.30900025 0 1
Take 0 800 arm_R_0 0.683121741 2.32830644e-08 0.73030448 0 0.730150878 0.0205101278 -0.682978034 0 -0.0149786491 0.999789655 0.0140109416 0 -2.22666898e-08 0.929999709 0.275000095 1
Take 0 800 arm_R_1 0.834065616 4.09781933e-08 0.551665246 0 0.545995653 0.14299871 -0.825493693 0 -0.0788874626 0.989722908 0.119270317 0 0.197777733 0.845555544 0.0900000483 1
Take 0 800 arm_R_2 0.945325971 2.49128789e-08 0.326126456 0 0.314944237 0.259616107 -0.912912548 0 -0.0846677199 0.965711951 0.245421886 0 0.337777704 0.882222176 -0.121666558 1
Take 0 800 hand_R 0.905458629 -1.63912773e-07 -0.424433976 0 -0.149366632 0.936030269 -0.318648994 0 0.397283047 0.351919889 0.847536623 0 0.419999778 1.04000044 -0.359999925 1
Take 0 800 bat_grip 0.905458629 -2.14163165e-07 -0.424433917 0 -0.149366602 0.936030209 -0.318649113 0 0.397283018 0.351919979 0.847536623 0 0.419999778 1.04000044 -0.359999925 1
Take 0 800 bat_barrel 0.905458689 -2.30327458e-07 -0.424433798 0 -0.14936623 0.936030388 -0.318648487 0 0.397283018 0.351919293 0.847536922 0 0.291544467 1.84498644 -0.63403821 1
Take 0 800 bat_tip 0.90545857 -2.45627263e-07 -0.424434006 0 -0.149366602 0.936030209 -0.318649113 0 0.397283107 0.351919979 0.847536564 0 0.240759864 2.16323686 -0.742378831 1
Take 0 800 arm_L_0 0.397238612 -1.49011612e-08 0.91771543 0 0.882791042 0.273245752 -0.382121533 0 -0.250761718 0.961944222 0.108543694 0 -3.89941448e-08 0.929999888 -0.275000095 1
Take 0 800 arm_L_1 0.33260116 -1.49011612e-08 0.94306767 0 0.793171883 0.540949464 -0.279736012 0 -0.510151744 0.841055155 0.179920375 0 0.18931368 0.898597419 -0.356945693 1
Take 0 800 arm_L_2 0.145333588 -1.78813934e-07 0.989382744 0 0.519540131 0.851031065 -0.0763168335 0 -0.841995239 0.525115371 0.123683363 0 0.320849836 0.988306105 -0.40333575 1
Take 0 800 hand_L 0.905458689 1.1920929e-07 -0.424434006 0 -0.149366453 0.936030388 -0.318648636 0 0.397283077 0.351919293 0.847537041 0 0.39460808 1.19912577 -0.414170384 1
Take 0 800 foot_R 0 4.37113883e-08 1 0 0.99999994 0 0 0 0 1 -4.37113883e-08 0 0.0799999833 0.0688500032 0.49000001 1
Take 0 800 foot_L 0 4.37113883e-08 1 0 0.99999994 0 0 0 0 1 -4.37113883e-08 0 0.0799999833 0.0688500032 -0.340000004 1
Early 432 0 root 1 0 0 0 0 1 0 0 0 0 1 0 0 0 0 1
Early 432 0 pelvis 1 0 0 0 0 1 -3.42285453e-08 0 0 3.42285453e-08 1 0 0 0.529999971 0 1
Early 432 0 chest 1 0 0 0 0 1 -3.42285453e-08 0 0 3.42285453e-08 1 0 0 0.929999888 3.55271368e-15 1
Early 432 0 head 1 0 0 0 0 1 -3.42285453e-08 0 0 3.42285453e-08 1 0 0 1.30900025 0 1
Early 432 0 arm_R_0 0.683121741 2.32830644e-08 0.73030448 0 0.730150878 0.0205101278 -0.682978034 0 -0.0149786491 0.999789655 0.0140109416 0 -2.22666898e-08 0.929999709 0.275000095 1
Early 432 0 arm_R_1 0.834065616 4.09781933e-08 0.551665246 0 0.545995653 0.14299871 -0.825493693 0 -0.0788874626 0.989722908 0.119270317 0 0.197777733 0.845555544 0.0900000483 1
Early 432 0 arm_R_2 0.945325971 2.49128789e-08 0.326126456 0 0.314944237 0.259616107 -0.912912548 0 -0.0846677199 0.965711951 0.245421886 0 0.337777704 0.882222176 -0.121666558 1
Early 432 0 hand_R 0.905458629 -1.63912773e-07 -0.424433976 0 -0.149366632 0.936030269 -0.318648994 0 0.397283047 0.351919889 0.847536623 0 0.419999778 1.04000044 -0.359999925 1
Early 432 0 bat_grip 0.905458629 -2.14163165e-07 -0.424433917 0 -0.149366602 0.936030209 -0.318649113 0 0.397283018 0.351919979 0.847536623 0 0.419999778 1.04000044 -0.359999925 1
Early 432 0 bat_barrel 0.905458689 -2.30327458e-07 -0.424433798 0 -0.14936623 0.936030388 -0.318648487 0 0.397283018 0.351919293 0.847536922 0 0.291544467 1.84498644 -0.63403821 1
Early 432 0 bat_tip 0.90545857 -2.45627263e-07 -0.424434006 0 -0.149366602 0.936030209 -0.318649113 0 0.397283107 0.351919979 0.847536564 0 0.240759864 2.16323686 -0.742378831 1
Early 432 0 arm_L_0 0.397238612 -1.49011612e-08 0.91771543 0 0.882791042 0.273245752 -0.382121533 0 -0.250761718 0.961944222 0.108543694 0 -3.89941448e-08 0.929999888 -0.275000095 1
Early 432 0 arm_L_1 0.33260116 -1.49011612e-08 0.94306767 0 0.793171883 0.540949464 -0.279736012 0 -0.510151744 0.841055155 0.179920375 0 0.18931368 0.898597419 -0.356945693 1
Early 432 0 arm_L_2 0.145333588 -1.78813934e-07 0.989382744 0 0.519540131 0.851031065 -0.0763168335 0 -0.841995239 0.525115371 0.123683363 0 0.320849836 0.988306105 -0.40333575 1
Early 432 0 hand_L 0.905458689 1.1920929e-07 -0.424434006 0 -0.149366453 0.936030388 -0.318648636 0 0.397283077 0.351919293 0.847537041 0 0.39460808 1.19912577 -0.414170384 1
Early 432 0 foot_R 0 4.37113883e-08 1 0 0.99999994 0 0 0 0 1 -4.37113883e-08 0 0.0799999833 0.0688500032 0.340000004 1
Early 432 0 foot_L 0 4.37113883e-08 1 0 0.99999994 0 0 0 0 1 -4.37113883e-08 0 0.0799999833 0.0688500032 -0.340000004 1
Early 432 360 root 1 0 0 0 0 1 0 0 0 0 1 0 0 0 0 1
Early 432 360 pelvis 0.989769578 -6.48121556e-07 -0.142675012 0 -6.48121556e-07 1 -9.038813e-06 0 0.142675012 9.038813e-06 0.989769578 0 -0.00878860336 0.553436279 -0.0205067396 1
Early 432 360 chest 0.980175316 -1.92550533e-06 -0.198132202 0 -1.92392827e-06 1 -1.92361076e-05 0 0.198132202 1.92359494e-05 0.980175316 0 -0.00878886227 0.953439772 -0.0205067396 1
Early 432 360 head 1 2.64556093e-08 -4.47034836e-08 0 -2.64556093e-08 1 -3.06956281e-07 0 4.47034836e-08 3.06954462e-07 1 0 -0.00878958777 1.33244717 -0.0205066949 1
Early 432 360 arm_R_0 0.725426793 8.38190317e-08 0.688299358 0 0.688134551 0.0218792073 -0.725253046 0 -0.0150594898 0.999760568 0.0158717409 0 0.0456964783 0.953439772 0.249036297 1
Early 432 360 arm_R_1 0.874457121 -3.94880772e-07 0.485102981 0 0.479588151 0.150356874 -0.864515841 0 -0.0729382187 0.988631725 0.131480858 0 0.220430136 0.868995547 0.0648804531 1
Early 432 360 arm_R_2 0.970330417 -5.21657057e-07 0.24178271 0 0.233013317 0.266878337 -0.935136616 0 -0.0645260513 0.963730156 0.258960336 0 0.337385923 0.905662179 -0.145941928 1
Early 432 360 hand_R 0.905458748 -1.41561031e-07 -0.424433768 0 -0.149366662 0.93603003 -0.318649143 0 0.397283018 0.351919919 0.847536802 0 0.396563947 1.0634402 -0.383431077 1
Early 432 360 bat_grip 0.905458748 -1.91811409e-07 -0.424433708 0 -0.149366632 0.936029971 -0.318649262 0 0.397282988 0.351920009 0.847536802 0 0.396563947 1.0634402 -0.383431077 1
Early 432 360 bat_barrel 0.905458808 -2.07975688e-07 -0.424433589 0 -0.14936626 0.936030149 -0.318648636 0 0.397282988 0.351919323 0.8475371 0 0.268108606 1.86842597 -0.657469451 1
Early 432 360 bat_tip 0.905458689 -2.23275507e-07 -0.424433798 0 -0.149366632 0.936029971 -0.318649262 0 0.397283077 0.351920009 0.847536743 0 0.217323989 2.1866765 -0.765810132 1
Early 432 360 arm_L_0 0.385893613 -2.98023224e-07 0.922543347 0 0.891356111 0.257814646 -0.372848272 0 -0.237844989 0.966194451 0.0994891971 0 -0.0632741973 0.953439832 -0.290049791 1
Early 432 360 arm_L_1 0.321612209 -2.98023224e-08 0.946871698 0 0.816737056 0.505948365 -0.277411073 0 -0.479067922 0.862563908 0.162719101 0 0.139318392 0.922037423 -0.374792635 1
Early 432 360 arm_L_2 0.154729396 3.39746475e-06 0.98795712 0 0.582074583 0.80800873 -0.0911646932 0 -0.798277974 0.589170575 0.125020534 0 0.284133404 1.01174545 -0.423979998 1
Early 432 360 hand_L 0.905458689 -9.53674316e-07 -0.424434155 0 -0.149365813 0.936030269 -0.318649292 0 0.397283614 0.351919532 0.847536922 0 0.371171176 1.22256565 -0.437611789 1
Early 432 360 foot_R 0 4.37113883e-08 1 0 0.99999994 0 0 0 0 1 -4.37113883e-08 0 0.0799999833 0.0688500032 0.340000004 1
Early 432 360 foot_L 0 4.37113883e-08 1 0 0.99999994 0 0 0 0 1 -4.37113883e-08 0 0.0799999833 0.0688500032 -0.340000004 1
Early 432 384 root 1 0 0 0 0 1 0 0 0 0 1 0 0 0 0 1
Early 432 384 pelvis 0.973194242 -1.75854069e-07 -0.229984611 0 -1.75854055e-07 1 -1.50877145e-06 0 0.229984611 1.50877145e-06 0.973194242 0 -0.0142458957 0.567989051 -0.0332404226 1
Early 432 384 chest 0.941981018 -1.04573292e-06 -0.33566606 0 -1.04450419e-06 1 -6.04659272e-06 0 0.33566606 6.0463808e-06 0.941981018 0 -0.0142459711 0.967989564 -0.0332404189 1
Early 432 384 head 0.99999994 4.14713668e-08 -1.49011612e-07 0 -4.14713668e-08 1 -2.77854724e-07 0 1.49011612e-07 2.77855179e-07 0.99999994 0 -0.0142463641 1.34699202 -0.0332403854 1
Early 432 384 arm_R_0 0.751572967 1.31316483e-07 0.659649849 0 0.659474969 0.023028804 -0.751373708 0 -0.0151910279 0.9997347 0.0173077788 0 0.0780616105 0.967989564 0.22580272 1
Early 432 384 arm_R_1 0.898961782 -6.33299351e-08 0.438027024 0 0.432624906 0.156568721 -0.887874842 0 -0.0685812831 0.987666905 0.14074938 0 0.23715587 0.88354528 0.0445393138 1
Early 432 384 arm_R_2 0.98321104 -1.47148967e-07 0.182471544 0 0.175527349 0.273249835 -0.945793152 0 -0.0498602018 0.961942971 0.268662333 0 0.338472337 0.920211971 -0.163390711 1
Early 432 384 hand_R 0.905458868 -5.96046448e-08 -0.424433976 0 -0.149366647 0.93603009 -0.318649024 0 0.397282898 0.3519198 0.847536922 0 0.382011026 1.07799006 -0.397987545 1
Early 432 384 bat_grip 0.905458868 -1.09855023e-07 -0.424433917 0 -0.149366617 0.93603003 -0.318649143 0 0.397282869 0.351919889 0.847536922 0 0.382011026 1.07799006 -0.397987545 1
Early 432 384 bat_barrel 0.905458927 -1.2601933e-07 -0.424433798 0 -0.149366245 0.936030209 -0.318648517 0 0.397282869 0.351919204 0.84753722 0 0.253555715 1.88297582 -0.6720258 1
Early 432 384 bat_tip 0.905458808 -1.41319106e-07 -0.424434006 0 -0.149366617 0.93603003 -0.318649143 0 0.397282958 0.351919889 0.847536862 0 0.202771097 2.20122623 -0.780366421 1
Early 432 384 arm_L_0 0.386261255 0 0.922389448 0 0.893841445 0.246864393 -0.374306619 0 -0.227705061 0.96905005 0.0953540653 0 -0.106553644 0.967989624 -0.292283624 1
Early 432 384 arm_L_1 0.326287746 2.23517418e-07 0.945270598 0 0.828523517 0.481413394 -0.285989344 0 -0.455065876 0.876493812 0.157079056 0 0.105614692 0.936587095 -0.381131589 1
Early 432 384 arm_L_2 0.180567116 1.40070915e-06 0.983562768 0 0.620460272 0.775921345 -0.113908254 0 -0.763167381 0.630829811 0.140104949 0 0.260005563 1.02629542 -0.434424043 1
Early 432 384 hand_L 0.905458689 -2.68220901e-07 -0.424434274 0 -0.149366528 0.936030328 -0.318649054 0 0.397283316 0.351919621 0.847536862 0 0.356618434 1.23711503 -0.452160895 1
Early 432 384 foot_R 3.94952204e-09 4.35325944e-08 1 0 0.995909631 -0.0903545469 0 0 0.0903545395 0.995909691 -4.37113883e-08 0 0.0877915621 0.120764531 0.343493611 1
Early 432 384 foot_L 0 4.37113883e-08 1 0 0.99999994 0 0 0 0 1 -4.37113883e-08 0 0.0799999833 0.0688500032 -0.340000004 1
Early 432 408 root 1 0 0 0 0 1 0 0 0 0 1 0 0 0 0 1
Early 432 408 pelvis 0.970295727 -2.18307701e-08 -0.241921932 0 -2.18307701e-08 1 -1.77797332e-07 0 0.241921932 1.77797332e-07 0.970295727 0 -0.0149999997 0.569999993 -0.0350000001 1
Early 432 408 chest 0.929775655 -9.36137923e-09 -0.36812669 0 -9.27720478e-09 1 -4.88611676e-08 0 0.36812669 4.88450951e-08 0.929775655 0 -0.0150000043 0.969999731 -0.0350000001 1
Early 432 408 head 1 -2.40795828e-10 -8.94069672e-08 0 2.4078961e-10 1 -3.31949437e-08 0 8.94069672e-08 3.3194933e-08 1 0 -0.0150000025 1.34899962 -0.0350000001 1
Early 432 408 arm_R_0 0.756725907 2.04890966e-08 0.653732181 0 0.653554499 0.0233199708 -0.756520092 0 -0.0152450148 0.999728024 0.017646851 0 0.0862348527 0.969999731 0.220688313 1
Early 432 408 arm_R_1 0.903875887 -2.04890966e-08 0.427794755 0 0.422409564 0.158170611 -0.892497599 0 -0.0676645339 0.987411737 0.142966643 0 0.24193421 0.885555625 0.0404588729 1
Early 432 408 arm_R_2 0.985548556 -1.39698386e-09 0.169392645 0 0.162862927 0.274972558 -0.947557807 0 -0.0465783253 0.961452007 0.270998865 0 0.339855701 0.922222316 -0.166437134 1
Early 432 408 hand_R 0.905458808 1.11758709e-08 -0.424434006 0 -0.149366677 0.936030209 -0.318648875 0 0.397283047 0.351919681 0.847536862 0 0.379999489 1.08000052 -0.399999887 1
Early 432 408 bat_grip 0.905458808 -3.90745214e-08 -0.424433947 0 -0.149366647 0.936030149 -0.318648994 0 0.397283018 0.35191977 0.847536862 0 0.379999489 1.08000052 -0.399999887 1
Early 432 408 bat_barrel 0.905458868 -5.52388393e-08 -0.424433827 0 -0.149366274 0.936030328 -0.318648368 0 0.397283018 0.351919085 0.84753716 0 0.251544118 1.8849864 -0.674038053 1
Early 432 408 bat_tip 0.905458748 -7.05386043e-08 -0.424434036 0 -0.149366647 0.936030149 -0.318648994 0 0.397283107 0.35191977 0.847536802 0 0.200759515 2.20323682 -0.782378614 1
Early 432 408 arm_L_0 0.386738986 5.96046448e-08 0.922189355 0 0.894304454 0.244050801 -0.375045121 0 -0.225061014 0.969762444 0.0943837911 0 -0.116234794 0.969999731 -0.290688306 1
Early 432 408 arm_L_1 0.32800281 5.96046448e-08 0.944676995 0 0.831240058 0.475121766 -0.288616449 0 -0.448836446 0.879920125 0.155841082 0 0.0984905213 0.938597262 -0.380737871 1
Early 432 408 arm_L_2 0.187580526 5.96046448e-08 0.982249498 0 0.629846871 0.767349303 -0.120282315 0 -0.75372833 0.641229331 0.143939584 0 0.255438149 1.02830577 -0.435231894 1
Early 432 408 hand_L 0.905458987 8.94069672e-08 -0.424433827 0 -0.149366751 0.936030149 -0.318648964 0 0.397282779 0.351919591 0.84753716 0 0.354607761 1.23912549 -0.454170316 1
Early 432 408 foot_R 5.82364068e-09 4.33217124e-08 1 0 0.991085172 -0.133229375 0 0 0.13322936 0.991085231 -4.37113883e-08 0 0.0925961137 0.15439631 0.385078877 1
Early 432 408 foot_L 0 4.37113883e-08 1 0 0.99999994 0 0 0 0 1 -4.37113883e-08 0 0.0799999833 0.0688500032 -0.340000004 1
Early 432 432 root 1 0 0 0 0 1 0 0 0 0 1 0 0 0 0 1
Early 432 432 pelvis 0.973198831 -2.0663542e-07 -0.229965389 0 -2.0663542e-07 1 -1.77301808e-06 0 0.229965389 1.77301808e-06 0.973198831 0 -0.0119005423 0.565289676 -0.0182759166 1
Early 432 432 chest 0.927946627 -1.94573886e-08 -0.372713178 0 -1.82066913e-08 1 -9.75339844e-08 0 0.372713178 9.72921725e-08 0.927946627 0 -0.0119006252 0.965290129 -0.0182759184 1
Early 432 432 head 1 2.68431677e-09 -1.1920929e-07 0 -2.68435763e-09 1 -5.14696126e-08 0 1.1920929e-07 5.14695948e-08 1 0 -0.0119006382 1.34429026 -0.0182759203 1
Early 432 432 arm_R_0 0.76700902 1.83470547e-07 0.641636252 0 0.641461194 0.023365397 -0.766799629 0 -0.0149922073 0.999726951 0.0179213881 0 0.0905954465 0.96529007 0.236909389 1
Early 432 432 arm_R_1 0.909214199 6.20260835e-07 0.416328669 0 0.411230326 0.156017736 -0.898080111 0 -0.0649552196 0.987754226 0.141853333 0 0.245220691 0.880922556 0.0520684347 1
Early 432 432 arm_R_2 0.986810744 4.92203981e-07 0.161878169 0 0.155836537 0.270647705 -0.949981391 0 -0.0438124388 0.962678432 0.267078012 0 0.342068195 0.917665899 -0.159439057 1
Early 432 432 hand_R 0.905458868 1.11758709e-08 -0.424433976 0 -0.149366707 0.936030209 -0.318648905 0 0.397283047 0.35191974 0.847536743 0 0.381137818 1.07552052 -0.397613227 1
Early 432 432 bat_grip 0.905458868 -3.90745178e-08 -0.424433917 0 -0.149366677 0.936030149 -0.318649024 0 0.397283018 0.35191983 0.847536743 0 0.381137818 1.07552052 -0.397613227 1
Early 432 432 bat_barrel 0.905458927 -5.52388322e-08 -0.424433798 0 -0.149366304 0.936030328 -0.318648398 0 0.397283018 0.351919144 0.847537041 0 0.252682447 1.88050652 -0.671651363 1
Early 432 432 bat_tip 0.905458808 -7.05386043e-08 -0.424434006 0 -0.149366677 0.936030149 -0.318649024 0 0.397283107 0.35191983 0.847536683 0 0.201897815 2.19875669 -0.779991984 1
Early 432 432 arm_L_0 0.404951602 6.85453415e-07 0.914338171 0 0.887014568 0.242639273 -0.392850608 0 -0.221854568 0.970116556 0.098256439 0 -0.114396676 0.96529007 -0.273461163 1
Early 432 432 arm_L_1 0.354643375 2.4586916e-06 0.935001731 0 0.824198902 0.472193509 -0.31261763 0 -0.441502422 0.88149488 0.167458177 0 0.100095674 0.933964252 -0.368457735 1
Early 432 432 arm_L_2 0.234693021 8.28504562e-06 0.972069621 0 0.62606281 0.764980853 -0.151161045 0 -0.743615866 0.644052923 0.179530323 0 0.256810963 1.02374947 -0.427898765 1
Early 432 432 hand_L 0.905459762 -1.90734863e-06 -0.424432188 0 -0.149365216 0.936029434 -0.318651915 0 0.397281706 0.351921618 0.847536683 0 0.355750769 1.23464763 -0.451783627 1
Early 432 432 foot_R 3.04915559e-09 4.36049099e-08 1 0 0.997563958 -0.0697565526 0 0 0.0697565451 0.997564018 -4.37113847e-08 0 0.0857381225 0.116693288 0.444921106 1
Early 432 432 foot_L 0 4.37113883e-08 1 0 0.99999994 0 0 0 0 1 -4.37113883e-08 0 0.0799999833 0.0688500032 -0.340000004 1
Early 432 432.5 root 1 0 0 0 0 1 0 0 0 0 1 0 0 0 0 1
Early 432 432.5 pelvis 0.973558426 -1.45123761e-06 -0.228438243 0 -5.51090011e-07 1 -8.70150416e-06 0 0.228438243 8.59731244e-06 0.973558426 0 -0.0115273297 0.564824939 -0.016690705 1
Early 432 432.5 chest 0.928113699 -2.04465891e-07 -0.372296989 0 -1.52951998e-08 1 -5.8733167e-07 0 0.372296989 5.50804543e-07 0.928113699 0 -0.0115273716 0.964824438 -0.0166907068 1
Early 432 432.5 head 1 6.30677732e-11 1.50799751e-05 0 -5.98134875e-11 1 -2.10756184e-07 0 -1.50799751e-05 2.10755729e-07 1 0 -0.0115273753 1.34382463 -0.0166907087 1
Early 432 432.5 arm_R_0 0.767256975 3.10130417e-06 0.641339779 0 0.641167104 0.0232039206 -0.767050564 0 -0.0148839559 0.999730647 0.017801417 0 0.0907931402 0.964824438 0.23856166 1
Early 432 432.5 arm_R_1 0.909315467 4.07733023e-06 0.416107416 0 0.411027133 0.155777335 -0.898214996 0 -0.0648237616 0.987792134 0.141649112 0 0.245409846 0.880416274 0.0532870106 1
Early 432 432.5 arm_R_2 0.986822605 1.85426325e-06 0.16180566 0 0.15577957 0.270358503 -0.950073302 0 -0.0437473096 0.962759674 0.266795635 0 0.342248768 0.917119026 -0.158654347 1
Early 432 432.5 hand_R 0.905458808 -3.7252903e-08 -0.424434125 0 -0.149366677 0.936030269 -0.318648964 0 0.397283077 0.351919711 0.847536922 0 0.381310016 1.07493246 -0.397262484 1
Early 432 432.5 bat_grip 0.905458808 -8.75032953e-08 -0.424434066 0 -0.149366647 0.936030209 -0.318649083 0 0.397283047 0.3519198 0.847536922 0 0.381310016 1.07493246 -0.397262484 1
Early 432 432.5 bat_barrel 0.905458868 -1.03667624e-07 -0.424433947 0 -0.149366274 0.936030388 -0.318648458 0 0.397283047 0.351919115 0.84753722 0 0.252854645 1.87991846 -0.671300709 1
Early 432 432.5 bat_tip 0.905458748 -1.18967378e-07 -0.424434155 0 -0.149366647 0.936030209 -0.318649083 0 0.397283137 0.3519198 0.847536862 0 0.202070042 2.19816875 -0.77964133 1
Early 432 432.5 arm_L_0 0.405553669 6.22868538e-06 0.914071381 0 0.88678968 0.242488384 -0.393451124 0 -0.221654087 0.970154405 0.0983363986 0 -0.113847867 0.964824975 -0.271943182 1
Early 432 432.5 arm_L_1 0.355506152 1.22487545e-05 0.934674144 0 0.823983669 0.472043216 -0.313410908 0 -0.44121027 0.881575584 0.167804062 0 0.100518845 0.93345809 -0.367328852 1
Early 432 432.5 arm_L_2 0.236181706 2.00867653e-05 0.971709132 0 0.625894129 0.76492399 -0.152144432 0 -0.74328649 0.644120753 0.180648297 0 0.257108212 1.02320206 -0.427158535 1
Early 432 432.5 hand_L 0.905459404 -1.01327896e-06 -0.424432874 0 -0.149365962 0.936029851 -0.318650782 0 0.397282213 0.351920962 0.847536802 0 0.355921119 1.23405814 -0.451433182 1
Early 432 432.5 foot_R 2.97493785e-09 4.36100365e-08 1 0 0.99768126 -0.0680586472 -2.22044605e-16 0 0.0680586398 0.99768132 -4.37113883e-08 0 0.0855767429 0.115569085 0.446143538 1
Early 432 432.5 foot_L 1.01407984e-07 4.37113883e-08 1 0 0.99999994 -2.21634239e-15 -1.01407991e-07 0 -2.21634133e-15 1 -4.37113883e-08 0 0.0799999833 0.0688500032 -0.339999914 1
Early 432 433.0 root 1 0 0 0 0 1 0 0 0 0 1 0 0 0 0 1
Early 432 433.0 pelvis 0.973915637 -2.68513122e-06 -0.226910487 0 -8.84673909e-07 1 -1.56305214e-05 0 0.226910487 1.54235495e-05 0.973915637 0 -0.0111541161 0.564360201 -0.0151054943 1
Early 432 433.0 chest 0.928280532 -3.87039563e-07 -0.371880651 0 -1.45039394e-08 1 -1.07696906e-06 0 0.371880651 1.0051217e-06 0.928280532 0 -0.0111541217 0.964358628 -0.0151054952 1
Early 432 433.0 head 1 -2.80010681e-10 3.02493572e-05 0 2.91265678e-10 1 -3.69882571e-07 0 -3.02493572e-05 3.69880979e-07 1 0 -0.0111541171 1.34335887 -0.0151054943 1
Early 432 433.0 arm_R_0 0.767504871 5.88875264e-06 0.641043127 0 0.640872896 0.0230424404 -0.767301083 0 -0.014775699 0.999734402 0.0176814459 0 0.0909907669 0.964358628 0.240213841 1
Early 432 433.0 arm_R_1 0.909416795 7.46175647e-06 0.415886164 0 0.410823762 0.155536935 -0.898349524 0 -0.0646923557 0.987829983 0.141444877 0 0.24559857 0.879909694 0.054505527 1
Early 432 433.0 arm_R_2 0.986834526 3.23727727e-06 0.161733195 0 0.155722439 0.270069212 -0.950164735 0 -0.0436822213 0.962840796 0.266513169 0 0.342428654 0.916571677 -0.157869637 1
Early 432 433.0 hand_R 0.905458748 -6.70552254e-08 -0.424434006 0 -0.149366662 0.936030149 -0.318648815 0 0.397283196 0.351919681 0.847536862 0 0.381481469 1.07434356 -0.396911591 1
Early 432 433.0 bat_grip 0.905458748 -1.17305603e-07 -0.424433947 0 -0.149366632 0.93603009 -0.318648934 0 0.397283167 0.35191977 0.847536862 0 0.381481469 1.07434356 -0.396911591 1
Early 432 433.0 bat_barrel 0.905458808 -1.33469925e-07 -0.424433827 0 -0.14936626 0.936030269 -0.318648309 0 0.397283167 0.351919085 0.84753716 0 0.253026128 1.87932944 -0.670949697 1
Early 432 433.0 bat_tip 0.905458689 -1.48769686e-07 -0.424434036 0 -0.149366632 0.93603009 -0.318648934 0 0.397283256 0.35191977 0.847536802 0 0.20224151 2.19757986 -0.779290259 1
Early 432 433.0 arm_L_0 0.406155586 1.15633011e-05 0.913804054 0 0.886564195 0.242337495 -0.394051582 0 -0.221453488 0.970192015 0.0984164029 0 -0.11329899 0.964359879 -0.270425081 1
Early 432 433.0 arm_L_1 0.356368601 2.16662884e-05 0.934345603 0 0.823767602 0.471892893 -0.314204127 0 -0.440917671 0.881655931 0.168149874 0 0.100941598 0.932951927 -0.366199791 1
Early 432 433.0 arm_L_2 0.237670064 3.12030315e-05 0.971346021 0 0.625724077 0.764867008 -0.153127536 0 -0.742955208 0.644188285 0.181766272 0 0.257404417 1.02265489 -0.426417917 1
Early 432 433.0 hand_L 0.905458927 -2.98023224e-08 -0.424434155 0 -0.149366692 0.936030269 -0.318649054 0 0.397283316 0.351919621 0.847536922 0 0.356089532 1.23346889 -0.451081961 1
Early 432 433.0 foot_R 2.90071167e-09 4.36150351e-08 1 0 0.997795641 -0.0663605556 2.22044605e-16 0 0.0663605481 0.997795701 -4.37113883e-08 0 0.0854153633 0.114444882 0.447365969 1
Early 432 433.0 foot_L 2.02815968e-07 4.37113883e-08 1 0 0.99999994 -4.43268477e-15 -2.02815983e-07 0 -4.43268266e-15 1 -4.37113883e-08 0 0.0799999833 0.0688500032 -0.339999855 1
Early 432 433.5 root 1 0 0 0 0 1 0 0 0 0 1 0 0 0 0 1
Early 432 433.5 pelvis 0.974918723 -3.884325e-06 -0.222561121 0 -1.35047367e-06 1 -2.3368535e-05 0 0.222561121 2.30829864e-05 0.974918723 0 -0.0104505308 0.563562274 -0.0124509707 1
Early 432 433.5 chest 0.928754687 -6.08053597e-07 -0.370694876 0 -6.33590389e-08 1 -1.79904964e-06 0 0.370694876 1.69436498e-06 0.928754687 0 -0.0104505355 0.963560283 -0.0124509716 1
Early 432 433.5 head 1 -2.45182719e-09 7.35223293e-05 0 2.46780019e-09 1 -2.06712002e-07 0 -7.35223293e-05 2.06714276e-07 1 0 -0.0104505382 1.34256041 -0.0124509707 1
Early 432 433.5 arm_R_0 0.768210888 1.39689073e-05 0.6401968 0 0.640033305 0.0225826204 -0.768015087 0 -0.0144680282 0.999744952 0.0173393078 0 0.0913155749 0.963560283 0.243011102 1
Early 432 433.5 arm_R_1 0.909705222 1.68979168e-05 0.415254593 0 0.410243183 0.154851735 -0.898733079 0 -0.0643180609 0.987937748 0.140862539 0 0.245931208 0.878999889 0.0566047989 1
Early 432 433.5 arm_R_2 0.986868262 6.81728125e-06 0.161526278 0 0.15555954 0.269244611 -0.950425386 0 -0.0434965305 0.963071942 0.26570794 0 0.342768937 0.91555059 -0.1564686 1
Early 432 433.5 hand_R 0.905458808 -3.16649675e-07 -0.424433947 0 -0.149366438 0.936030328 -0.318648964 0 0.397283077 0.35191977 0.847536683 0 0.381829381 1.0732106 -0.396208793 1
Early 432 433.5 bat_grip 0.905458808 -3.66900082e-07 -0.424433887 0 -0.149366409 0.936030269 -0.318649083 0 0.397283047 0.35191986 0.847536683 0 0.381829381 1.0732106 -0.396208793 1
Early 432 433.5 bat_barrel 0.905458868 -3.83064389e-07 -0.424433768 0 -0.149366036 0.936030447 -0.318648458 0 0.397283047 0.351919174 0.847536981 0 0.253374219 1.87819672 -0.670247018 1
Early 432 433.5 bat_tip 0.905458748 -3.98364165e-07 -0.424433976 0 -0.149366409 0.936030269 -0.318649083 0 0.397283137 0.35191986 0.847536623 0 0.202589691 2.19644713 -0.778587639 1
Early 432 433.5 arm_L_0 0.407869816 2.66134739e-05 0.913040161 0 0.885919392 0.241908222 -0.395761758 0 -0.220882416 0.970299125 0.0986433774 0 -0.112216637 0.963562131 -0.267913461 1
Early 432 433.5 arm_L_1 0.358823091 4.84585762e-05 0.933405638 0 0.823147118 0.47146675 -0.316461712 0 -0.440084964 0.88188386 0.169133186 0 0.101779394 0.932042241 -0.364291668 1
Early 432 433.5 arm_L_2 0.241891086 6.00814819e-05 0.970303416 0 0.625222504 0.764714539 -0.155911878 0 -0.742014527 0.644369245 0.184939891 0 0.25799793 1.02163327 -0.425113231 1
Early 432 433.5 hand_L 0.905458868 -1.1920929e-07 -0.424433887 0 -0.14936702 0.936029792 -0.318650246 0 0.397282779 0.351920962 0.847536385 0 0.356439412 1.23233497 -0.450381875 1
Early 432 433.5 foot_R 2.82120416e-09 4.36202505e-08 1 0 0.99791497 -0.0645416379 2.22044605e-16 0 0.0645416304 0.99791503 -4.37113883e-08 0 0.0852449387 0.11323484 0.448657334 1
Early 432 433.5 foot_L 1.18522259e-07 4.37113883e-08 1 0 0.99999994 -2.59038705e-15 -1.18522266e-07 0 -2.59038557e-15 1 -4.37113883e-08 0 0.0799999833 0.0688500032 -0.339999914 1
Early 432 434.0 root 1 0 0 0 0 1 0 0 0 0 1 0 0 0 0 1
Early 432 434.0 pelvis 0.975902438 -5.04931813e-06 -0.218207315 0 -1.78172968e-06 1 -3.11085496e-05 0 0.218207315 3.07476948e-05 0.975902438 0 -0.00974694639 0.562764406 -0.00979644712 1
Early 432 434.0 chest 0.929227412 -8.21833055e-07 -0.369508445 0 -1.17946911e-07 1 -2.52073187e-06 0 0.369508445 2.38591565e-06 0.929227412 0 -0.00974696316 0.962761939 -0.00979644712 1
Early 432 434.0 head 1 2.26174279e-09 0.000116795301 0 -2.25742269e-09 1 -4.30763976e-08 0 -0.000116795301 4.30768523e-08 1 0 -0.00974697713 1.34176183 -0.00979644619 1
Early 432 434.0 arm_R_0 0.768916011 2.09622085e-05 0.639349759 0 0.639192998 0.0221227761 -0.768728137 0 -0.0141602857 0.999755204 0.0169971939 0 0.0916401595 0.962761939 0.245807871 1
Early 432 434.0 arm_R_1 0.90999347 2.57473439e-05 0.414622813 0 0.409662306 0.154166669 -0.899115801 0 -0.0639441758 0.988044858 0.140280172 0 0.246262193 0.878089607 0.0587032661 1
Early 432 434.0 arm_R_2 0.986902297 1.06331427e-05 0.161319181 0 0.155396238 0.268420041 -0.950685382 0 -0.0433114059 0.963302016 0.264902741 0 0.343106627 0.914528131 -0.155068442 1
Early 432 434.0 hand_R 0.905458868 -2.98023224e-08 -0.424434006 0 -0.149366707 0.936030269 -0.318648845 0 0.397283077 0.35191974 0.847536922 0 0.382174343 1.07207525 -0.395506859 1
Early 432 434.0 bat_grip 0.905458868 -8.00527147e-08 -0.424433947 0 -0.149366677 0.936030209 -0.318648964 0 0.397283047 0.35191983 0.847536922 0 0.382174343 1.07207525 -0.395506859 1
Early 432 434.0 bat_barrel 0.905458927 -9.62170361e-08 -0.424433827 0 -0.149366304 0.936030388 -0.318648338 0 0.397283047 0.351919144 0.84753722 0 0.253718972 1.87706125 -0.669544935 1
Early 432 434.0 bat_tip 0.905458808 -1.11516798e-07 -0.424434036 0 -0.149366677 0.936030209 -0.318648964 0 0.397283137 0.35191983 0.847536862 0 0.20293434 2.19531155 -0.777885556 1
Early 432 434.0 arm_L_0 0.409582704 4.03225422e-05 0.912273109 0 0.885271251 0.241478905 -0.397470623 0 -0.220310718 0.970405996 0.0988697261 0 -0.111134082 0.962764382 -0.265401334 1
Early 432 434.0 arm_L_1 0.361275107 7.32690096e-05 0.932459414 0 0.822520673 0.471040457 -0.318717331 0 -0.439249367 0.882111609 0.170114845 0 0.102615818 0.931132555 -0.362382561 1
Early 432 434.0 arm_L_2 0.246107638 8.57710838e-05 0.969242632 0 0.624709487 0.764561594 -0.158692464 0 -0.741059303 0.644550502 0.188110769 0 0.258587986 1.02061164 -0.423806518 1
Early 432 434.0 hand_L 0.905458808 -4.17232513e-07 -0.424434096 0 -0.149366587 0.93603003 -0.318649471 0 0.397283196 0.351919919 0.847536802 0 0.356782675 1.23120093 -0.449677408 1
Early 432 434.0 foot_R 2.74168666e-09 4.36253202e-08 1 0 0.998030961 -0.0627224892 2.22044605e-16 0 0.0627224818 0.99803102 -4.37113883e-08 0 0.0850745142 0.112024799 0.449948728 1
Early 432 434.0 foot_L 3.42285418e-08 4.37113918e-08 1 0 0.99999994 -7.48088699e-16 -3.42285453e-08 0 -7.48088541e-16 1 -4.37113918e-08 0 0.0799999833 0.0688500032 -0.340000004 1
Early 432 434.5 root 1 0 0 0 0 1 0 0 0 0 1 0 0 0 0 1
Early 432 434.5 pelvis 0.97760272 -2.64199844e-06 -0.210458979 0 -8.18891181e-07 1 -1.63573386e-05 0 0.210458979 1.61633216e-05 0.97760272 0 -0.0087120086 0.561645985 -0.00614775019 1
Early 432 434.5 chest 0.929974794 -5.77097126e-07 -0.367623329 0 -6.17787919e-08 1 -1.72608452e-06 0 0.367623329 1.6279273e-06 0.929974794 0 -0.00871204026 0.9616431 -0.00614774739 1
Early 432 434.5 head 1 1.31212801e-08 0.000208377838 0 -1.31508955e-08 1 1.39969075e-07 0 -0.000208377838 -1.39970666e-07 1 0 -0.00871205423 1.34064305 -0.006147746 1
Early 432 434.5 arm_R_0 0.770068169 3.33413482e-05 0.637961626 0 0.637814522 0.0214298107 -0.769891739 0 -0.013697044 0.999770284 0.0164811853 0 0.092112124 0.961643159 0.249667421 1
Early 432 434.5 arm_R_1 0.910471857 4.04752791e-05 0.413571209 0 0.408688843 0.153113574 -0.89973855 0 -0.0633597523 0.988208473 0.139389068 0 0.24674651 0.876804411 0.0616167784 1
Early 432 434.5 arm_R_2 0.986963391 1.67500693e-05 0.160945132 0 0.155091614 0.267137259 -0.951096356 0 -0.0430103317 0.963658333 0.263652116 0 0.343602777 0.913076818 -0.15310134 1
Early 432 434.5 hand_R 0.905458927 -5.55068254e-07 -0.424433708 0 -0.149366155 0.93603009 -0.318649173 0 0.397283107 0.351919591 0.847536981 0 0.382681876 1.0704577 -0.394486368 1
Early 432 434.5 bat_grip 0.905458927 -6.05318689e-07 -0.424433649 0 -0.149366125 0.93603003 -0.318649292 0 0.397283077 0.351919681 0.847536981 0 0.382681876 1.0704577 -0.394486368 1
Early 432 434.5 bat_barrel 0.905458987 -6.21483025e-07 -0.424433529 0 -0.149365753 0.936030209 -0.318648666 0 0.397283077 0.351918995 0.847537279 0 0.254226983 1.87544346 -0.668524742 1
Early 432 434.5 bat_tip 0.905458868 -6.36782772e-07 -0.424433738 0 -0.149366125 0.93603003 -0.318649292 0 0.397283167 0.351919681 0.847536922 0 0.203442529 2.19369388 -0.776865482 1
Early 432 434.5 arm_L_0 0.412353009 6.27934933e-05 0.911024272 0 0.88420254 0.240836665 -0.400229514 0 -0.219433129 0.970565617 0.0992541015 0 -0.109536193 0.961645961 -0.261963636 1
Early 432 434.5 arm_L_1 0.365238845 0.000113084912 0.930913925 0 0.821462929 0.470411241 -0.322353572 0 -0.437948763 0.882447302 0.171719477 0 0.103850633 0.929847002 -0.359751821 1
Early 432 434.5 arm_L_2 0.252916634 0.000124752522 0.96748811 0 0.623797536 0.764363945 -0.163169026 0 -0.739533424 0.644784927 0.193242341 0 0.259460181 1.01915884 -0.421982944 1
Early 432 434.5 hand_L 0.905458808 -5.96046448e-08 -0.424433917 0 -0.149367929 0.936029017 -0.318651527 0 0.397282779 0.351922512 0.847535849 0 0.357293069 1.22958052 -0.448662907 1
Early 432 434.5 foot_R 2.65763633e-09 4.36305214e-08 1 0 0.998149931 -0.0607996434 2.22044605e-16 0 0.0607996397 0.998149991 -4.37113883e-08 0 0.0848971456 0.110739544 0.451294839 1
Early 432 434.5 foot_L -5.00651467e-08 4.37113883e-08 1 0 0.99999994 1.0942086e-15 5.00651502e-08 0 1.09420849e-15 1 -4.37113883e-08 0 0.0799999833 0.0688500032 -0.340000033 1
Early 432 435.0 root 1 0 0 0 0 1 0 0 0 0 1 0 0 0 0 1
Early 432 435.0 pelvis 0.979241431 -3.50446896e-07 -0.202697366 0 2.69010556e-08 1 -1.59895649e-06 0 0.202697366 1.56031172e-06 0.979241431 0 -0.0076770708 0.560527503 -0.00249905325 1
Early 432 435.0 chest 0.930718422 -3.56277781e-07 -0.365736604 0 1.64119385e-08 1 -9.32373041e-07 0 0.365736604 8.61774311e-07 0.930718422 0 -0.0076770694 0.960524082 -0.0024990493 1
Early 432 435.0 head 0.99999994 6.29000851e-10 0.000300019979 0 -7.25492555e-10 1 3.21937989e-07 0 -0.000300019979 -3.21938217e-07 0.99999994 0 -0.00767707452 1.33952391 -0.0024990486 1
Early 432 435.0 arm_R_0 0.771217823 4.3047592e-05 0.636571348 0 0.63643378 0.0207367782 -0.771052539 0 -0.0132336104 0.999784887 0.0159652103 0 0.0925836861 0.960524082 0.253525734 1
Early 432 435.0 arm_R_1 0.910949111 5.37447631e-05 0.41251877 0 0.407714128 0.152060792 -0.900359154 0 -0.0627763122 0.988371015 0.138497785 0 0.247227281 0.875517845 0.0645283312 1
Early 432 435.0 arm_R_2 0.987024248 2.34122854e-05 0.160570398 0 0.154785782 0.265854686 -0.951505482 0 -0.0427106619 0.96401304 0.262401462 0 0.344093293 0.911622465 -0.151136398 1
Early 432 435.0 hand_R 0.905458689 1.2293458e-07 -0.424434006 0 -0.149366781 0.936030209 -0.318648875 0 0.397282958 0.351919681 0.847536862 0 0.383182824 1.06883502 -0.393467933 1
Early 432 435.0 bat_grip 0.905458689 7.26841876e-08 -0.424433947 0 -0.149366751 0.936030149 -0.318648994 0 0.397282928 0.35191977 0.847536862 0 0.383182824 1.06883502 -0.393467933 1
Early 432 435.0 bat_barrel 0.905458748 5.65198661e-08 -0.424433827 0 -0.149366379 0.936030328 -0.318648368 0 0.397282928 0.351919085 0.84753716 0 0.254727364 1.87382102 -0.667506099 1
Early 432 435.0 bat_tip 0.905458629 4.12201082e-08 -0.424434036 0 -0.149366751 0.936030149 -0.318648994 0 0.397283018 0.35191977 0.847536802 0 0.203942731 2.19207144 -0.77584666 1
Early 432 435.0 arm_L_0 0.415119439 8.200109e-05 0.909767032 0 0.883125305 0.240194187 -0.402984798 0 -0.218553767 0.970724821 0.0996367931 0 -0.107937805 0.96052736 -0.258524716 1
Early 432 435.0 arm_L_1 0.369195938 0.000147983432 0.929351687 0 0.820390046 0.469781399 -0.325984478 0 -0.436640382 0.882782757 0.173319966 0 0.105082877 0.928561091 -0.357118636 1
Early 432 435.0 arm_L_2 0.259712875 0.000156134367 0.965685964 0 0.622856319 0.764165163 -0.167635396 0 -0.737969875 0.645020545 0.198366225 0 0.260325849 1.01770592 -0.420154542 1
Early 432 435.0 hand_L 0.905459106 -2.98023224e-08 -0.424433917 0 -0.149366662 0.93603009 -0.318649083 0 0.397283018 0.35191977 0.847536862 0 0.357791066 1.22796011 -0.447638273 1
Early 432 435.0 foot_R 2.5735758e-09 4.36355592e-08 1 0 0.998265207 -0.0588765629 2.22044605e-16 0 0.0588765591 0.998265266 -4.37113883e-08 0 0.0847197771 0.109454289 0.452640921 1
Early 432 435.0 foot_L -1.34358828e-07 4.37113918e-08 1 0 0.99999994 2.9365061e-15 1.34358842e-07 0 2.93650547e-15 1 -4.37113883e-08 0 0.0799999833 0.0688500032 -0.340000063 1
Early 432 435.5 root 1 0 0 0 0 1 0 0 0 0 1 0 0 0 0 1
Early 432 435.5 pelvis 0.982333899 -3.11347748e-07 -0.187136635 0 1.3854776e-08 1 -1.59101796e-06 0 0.187136635 1.5603182e-06 0.982333899 0 -0.00613171188 0.558977067 0.00232582539 1
Early 432 435.5 chest 0.931740284 -3.65978678e-07 -0.363125324 0 5.85752957e-09 1 -9.92827836e-07 0 0.363125324 9.22930781e-07 0.931740284 0 -0.00613170955 0.958973169 0.00232582912 1
Early 432 435.5 head 0.999999762 6.05638206e-10 0.000559180975 0 -7.33734851e-10 1 2.29107172e-07 0 -0.000559180975 -2.29107457e-07 0.999999762 0 -0.00613170909 1.33797324 0.00232582935 1
Early 432 435.5 arm_R_0 0.772990584 6.2183477e-05 0.634417355 0 0.634289682 0.0199923776 -0.772836864 0 -0.0127315484 0.999800026 0.0154145127 0 0.0933739766 0.958973169 0.25862962 1
Early 432 435.5 arm_R_1 0.911727965 7.76983798e-05 0.410794497 0 0.406085521 0.150809601 -0.90130502 0 -0.062021777 0.988562703 0.13746582 0 0.247979999 0.873789966 0.0683801994 1
Early 432 435.5 arm_R_2 0.987150252 3.62677965e-05 0.159794942 0 0.154105797 0.26424247 -0.952064693 0 -0.0422591344 0.964456201 0.260841489 0 0.344807744 0.909718215 -0.148537129 1
Early 432 435.5 hand_R 0.905458987 -1.21071935e-06 -0.424433619 0 -0.14936547 0.936030209 -0.318649113 0 0.397283167 0.351919442 0.847536922 0 0.383857936 1.06675458 -0.392121375 1
Early 432 435.5 bat_grip 0.905458987 -1.26096973e-06 -0.424433559 0 -0.14936544 0.936030149 -0.318649232 0 0.397283137 0.351919532 0.847536922 0 0.383857936 1.06675458 -0.392121375 1
Early 432 435.5 bat_barrel 0.905459046 -1.27713406e-06 -0.42443344 0 -0.149365067 0.936030328 -0.318648607 0 0.397283137 0.351918846 0.84753722 0 0.255403638 1.87174058 -0.666159749 1
Early 432 435.5 bat_tip 0.905458927 -1.29243381e-06 -0.424433649 0 -0.14936544 0.936030149 -0.318649232 0 0.397283226 0.351919532 0.847536862 0 0.204619408 2.189991 -0.77450037 1
Early 432 435.5 arm_L_0 0.419236511 0.000115334988 0.907877088 0 0.88143605 0.239530712 -0.407057285 0 -0.217511371 0.970888734 0.100318253 0 -0.105637357 0.958976865 -0.253978848 1
Early 432 435.5 arm_L_1 0.375081837 0.000206962228 0.926991761 0 0.818594456 0.469175786 -0.331326723 0 -0.434990525 0.883104801 0.175809816 0 0.106841855 0.926832676 -0.353641748 1
Early 432 435.5 arm_L_2 0.269830495 0.000216081738 0.96290791 0 0.621121347 0.764103234 -0.174225062 0 -0.735798717 0.645093799 0.206044018 0 0.261544138 1.01579976 -0.417747438 1
Early 432 435.5 hand_L 0.905458987 0 -0.424433768 0 -0.149368644 0.936028361 -0.318653405 0 0.397282183 0.35192433 0.847535431 0 0.35847047 1.22587609 -0.446304023 1
Early 432 435.5 foot_R 2.48578513e-09 4.36406502e-08 1 0 0.998381615 -0.0568681434 2.22044605e-16 0 0.0568681397 0.998381674 -4.37113883e-08 0 0.0845375657 0.108105585 0.454027057 1
Early 432 435.5 foot_L -1.34358828e-07 4.37113918e-08 1 0 0.99999994 2.9365061e-15 1.34358842e-07 0 2.93650547e-15 1 -4.37113883e-08 0 0.0799999833 0.0688500032 -0.340000063 1
Early 432 436.0 root 1 0 0 0 0 1 0 0 0 0 1 0 0 0 0 1
Early 432 436.0 pelvis 0.985179126 -2.72253402e-07 -0.171528786 0 6.84176604e-10 1 -1.58328737e-06 0 0.171528786 1.55970429e-06 0.985179126 0 -0.00458635297 0.557426631 0.00715070358 1
Early 432 436.0 chest 0.932754934 -3.76457535e-07 -0.360511154 0 -3.54548746e-09 1 -1.05340598e-06 0 0.360511154 9.83847713e-07 0.932754934 0 -0.00458634924 0.957422256 0.0071507073 1
Early 432 436.0 head 0.999999642 -6.1999117e-10 0.000818401575 0 5.08492803e-10 1 1.36186145e-07 0 -0.000818401575 -1.36185747e-07 0.999999642 0 -0.00458634365 1.33642256 0.0071507073 1
Early 432 436.0 arm_R_0 0.774757445 7.71470368e-05 0.632258594 0 0.632140279 0.0192478634 -0.774614871 0 -0.0122293681 0.999814689 0.0148636969 0 0.0941634774 0.957422316 0.263731271 1
Early 432 436.0 arm_R_1 0.91250366 9.93646681e-05 0.409068584 0 0.404454052 0.149559021 -0.902246654 0 -0.0612695366 0.988752723 0.13643302 0 0.248725742 0.872060716 0.0722284168 1
Early 432 436.0 arm_R_2 0.987275422 5.03383344e-05 0.159018591 0 0.153423399 0.262630552 -0.952620864 0 -0.04181109 0.964896381 0.259281129 0 0.345510751 0.907810092 -0.145942092 1
Early 432 436.0 hand_R 0.905458689 1.00582838e-07 -0.424434096 0 -0.149366781 0.93603009 -0.318648815 0 0.397283018 0.351919711 0.847536922 0 0.384519279 1.06466663 -0.390779167 1
Early 432 436.0 bat_grip 0.905458689 5.03324564e-08 -0.424434036 0 -0.149366751 0.93603003 -0.318648934 0 0.397282988 0.3519198 0.847536922 0 0.384519279 1.06466663 -0.390779167 1
Early 432 436.0 bat_barrel 0.905458748 3.41681456e-08 -0.424433917 0 -0.149366379 0.936030209 -0.318648309 0 0.397282988 0.351919115 0.84753722 0 0.256063819 1.86965251 -0.664817214 1
Early 432 436.0 bat_tip 0.905458629 1.88683735e-08 -0.424434125 0 -0.149366751 0.93603003 -0.318648934 0 0.397283077 0.3519198 0.847536862 0 0.205279186 2.18790293 -0.773157835 1
Early 432 436.0 arm_L_0 0.423345178 0.000143676996 0.905968606 0 0.879728258 0.238866925 -0.411121517 0 -0.216464981 0.971052289 0.100996658 0 -0.103336126 0.95742631 -0.249430761 1
Early 432 436.0 arm_L_1 0.380952954 0.00025844574 0.924594641 0 0.816765368 0.468569219 -0.336656064 0 -0.433323443 0.883426845 0.178291604 0 0.108596139 0.92510426 -0.350159824 1
Early 432 436.0 arm_L_2 0.279918671 0.000265479088 0.96002388 0 0.619320631 0.764039934 -0.180789649 0 -0.733544409 0.6451689 0.213704467 0 0.262750596 1.01389349 -0.41533038 1
Early 432 436.0 hand_L 0.905458987 -2.98023224e-08 -0.424433917 0 -0.149366766 0.936030149 -0.318649322 0 0.397282958 0.351919889 0.847537041 0 0.359127313 1.22379196 -0.444949508 1
Early 432 436.0 foot_R 2.3979847e-09 4.36455636e-08 1 0 0.998494029 -0.0548595041 2.22044605e-16 0 0.0548595004 0.998494089 -4.37113883e-08 0 0.0843553543 0.106756896 0.455413222 1
Early 432 436.0 foot_L -1.34358828e-07 4.37113918e-08 1 0 0.99999994 2.9365061e-15 1.34358842e-07 0 2.93650547e-15 1 -4.37113883e-08 0 0.0799999833 0.0688500032 -0.340000063 1
Early 432 436.5 root 1 0 0 0 0 1 0 0 0 0 1 0 0 0 0 1
Early 432 436.5 pelvis 0.989076674 -2.31145961e-07 -0.147401869 0 -1.57178945e-08 1 -1.67360281e-06 0 0.147401869 1.65763834e-06 0.989076674 0 -0.00254075229 0.555515289 0.0129661486 1
Early 432 436.5 chest 0.934022963 -4.87816465e-07 -0.357212871 0 -4.16046575e-08 1 -1.47440437e-06 0 0.357212871 1.39198937e-06 0.934022963 0 -0.0025407481 0.955510616 0.0129661495 1
Early 432 436.5 head 0.999999166 5.17673016e-09 0.00129762292 0 -5.31377964e-09 1 1.05653044e-07 0 -0.00129762292 -1.05659865e-07 0.999999166 0 -0.00254075066 1.3345108 0.0129661504 1
Early 432 436.5 arm_R_0 0.777039051 0.000100772828 0.629452288 0 0.629343867 0.0184367541 -0.776908159 0 -0.0116833281 0.999829948 0.0142626893 0 0.0952723846 0.955510557 0.269887537 1
Early 432 436.5 arm_R_1 0.913532615 0.000129643828 0.406765461 0 0.402260602 0.148126632 -0.903462708 0 -0.0603699088 0.988968313 0.135266393 0 0.249744534 0.869956434 0.0768842772 1
Early 432 436.5 arm_R_2 0.987458467 6.83357939e-05 0.157878548 0 0.152400017 0.260733813 -0.9533059 0 -0.0412294008 0.96541065 0.257453442 0 0.34643814 0.905514002 -0.142787322 1
Early 432 436.5 hand_R 0.905458927 -2.08988786e-06 -0.424433708 0 -0.149364606 0.936030447 -0.318649292 0 0.397283494 0.351919144 0.847536802 0 0.385353953 1.06217933 -0.389125854 1
Early 432 436.5 bat_grip 0.905458927 -2.14013835e-06 -0.424433649 0 -0.149364576 0.936030388 -0.318649411 0 0.397283465 0.351919234 0.847536802 0 0.385353953 1.06217933 -0.389125854 1
Early 432 436.5 bat_barrel 0.905458987 -2.1563028e-06 -0.424433529 0 -0.149364203 0.936030567 -0.318648785 0 0.397283465 0.351918548 0.8475371 0 0.25690037 1.86716545 -0.663164377 1
Early 432 436.5 bat_tip 0.905458868 -2.17160232e-06 -0.424433738 0 -0.149364576 0.936030388 -0.318649411 0 0.397283554 0.351919234 0.847536743 0 0.206116468 2.18541598 -0.771505117 1
Early 432 436.5 arm_L_0 0.428599298 0.000183850527 0.903494775 0 0.877474964 0.238176689 -0.416304737 0 -0.215267897 0.971221745 0.101920918 0 -0.10035383 0.955515027 -0.243956223 1
Early 432 436.5 arm_L_1 0.388458639 0.000329509377 0.921466231 0 0.814270496 0.467990786 -0.343436092 0 -0.431350738 0.883733332 0.181526676 0 0.110862851 0.922999322 -0.34596315 1
Early 432 436.5 arm_L_2 0.292829394 0.000338211656 0.956164896 0 0.616731644 0.764110982 -0.18914701 0 -0.73067981 0.645084739 0.223545462 0 0.264302969 1.01159489 -0.412412971 1
Early 432 436.5 hand_L 0.905458987 -5.96046448e-08 -0.424433827 0 -0.149369374 0.936027646 -0.318655401 0 0.397281736 0.351926506 0.847534835 0 0.359968096 1.22129977 -0.443315625 1
Early 432 436.5 foot_R 2.30734409e-09 4.36504486e-08 1 0 0.998605788 -0.0527858883 2.22044605e-16 0 0.0527858846 0.998605847 -4.37113883e-08 0 0.0841704756 0.105358012 0.456824511 1
Early 432 436.5 foot_L -1.34358828e-07 4.37113918e-08 1 0 0.99999994 2.9365061e-15 1.34358842e-07 0 2.93650547e-15 1 -4.37113883e-08 0 0.0799999833 0.0688500032 -0.340000063 1
Early 432 437.0 root 1 0 0 0 0 1 0 0 0 0 1 0 0 0 0 1
Early 432 437.0 pelvis 0.99238348 -1.87657449e-07 -0.123186894 0 -2.99079588e-08 1 -1.76429182e-06 0 0.123186894 1.75453829e-06 0.99238348 0 -0.000495151733 0.553603947 0.0187815949 1
Early 432 437.0 chest 0.935279429 -6.07314064e-07 -0.353910089 0 -6.81965133e-08 1 -1.89623552e-06 0 0.353910089 1.7976455e-06 0.935279429 0 -0.000495147717 0.953598857 0.0187815949 1
Early 432 437.0 head 0.999998391 1.10372866e-09 0.00177687407 0 -1.23594646e-09 1 7.44161071e-08 0 -0.00177687407 -7.44183808e-08 0.999998391 0 -0.000495155051 1.33259904 0.0187815968 1
Early 432 437.0 arm_R_0 0.779310465 0.000118591823 0.626637876 0 0.626538992 0.0176254679 -0.779190719 0 -0.0111371735 0.999844611 0.0136614451 0 0.0963800922 0.953598797 0.276040435 1
Early 432 437.0 arm_R_1 0.914555848 0.000156700611 0.404459536 0 0.400062978 0.146695063 -0.904671192 0 -0.0594739839 0.989181697 0.134098172 0 0.250752866 0.867850304 0.0815347731 1
Early 432 437.0 arm_R_2 0.987640142 8.81251981e-05 0.156737298 0 0.151373371 0.258837491 -0.953986049 0 -0.0406535752 0.965920866 0.25562498 0 0.347348183 0.903212488 -0.139638692 1
Early 432 437.0 hand_R 0.905458689 -7.4505806e-09 -0.424434185 0 -0.149366647 0.936030209 -0.318648845 0 0.397283077 0.351919621 0.847536802 0 0.386167407 1.05968177 -0.387478888 1
Early 432 437.0 bat_grip 0.905458689 -5.77009764e-08 -0.424434125 0 -0.149366617 0.936030149 -0.318648964 0 0.397283047 0.351919711 0.847536802 0 0.386167407 1.05968177 -0.387478888 1
Early 432 437.0 bat_barrel 0.905458748 -7.38653085e-08 -0.424434006 0 -0.149366245 0.936030328 -0.318648338 0 0.397283047 0.351919025 0.8475371 0 0.257712066 1.86466765 -0.661517024 1
Early 432 437.0 bat_tip 0.905458629 -8.91650558e-08 -0.424434215 0 -0.149366617 0.936030149 -0.318648964 0 0.397283137 0.351919711 0.847536743 0 0.206927478 2.18291807 -0.769857585 1
Early 432 437.0 arm_L_0 0.433839023 0.000217467546 0.900990367 0 0.875191569 0.23748599 -0.42147401 0 -0.214064181 0.971390903 0.102840275 0 -0.0973703414 0.953603566 -0.238478288 1
Early 432 437.0 arm_L_1 0.395938784 0.000390797853 0.918276846 0 0.811721265 0.46741125 -0.35019359 0 -0.429349661 0.884039998 0.184748963 0 0.113122843 0.920894265 -0.341758281 1
Early 432 437.0 arm_L_2 0.305687219 0.000398382545 0.952131987 0 0.614034891 0.764180064 -0.197459102 0 -0.727678895 0.645002961 0.233355284 0 0.265838236 1.00929618 -0.409479231 1
Early 432 437.0 hand_L 0.905459046 -3.27825546e-07 -0.424433887 0 -0.149366498 0.936030328 -0.318649352 0 0.397283107 0.35191977 0.847536922 0 0.360776156 1.21880722 -0.441649348 1
Early 432 437.0 foot_R 2.2166935e-09 4.36551453e-08 1 0 0.998713255 -0.0507120416 0 0 0.0507120378 0.998713315 -4.37113883e-08 0 0.0839855969 0.103959128 0.4582358 1
Early 432 437.0 foot_L -1.34358828e-07 4.37113918e-08 1 0 0.99999994 2.9365061e-15 1.34358842e-07 0 2.93650547e-15 1 -4.37113883e-08 0 0.0799999833 0.0688500032 -0.340000063 1
Early 432 437.5 root 1 0 0 0 0 1 0 0 0 0 1 0 0 0 0 1
Early 432 437.5 pelvis 0.995871186 -1.39999983e-07 -0.0907779261 0 -3.47276909e-08 1 -1.92320181e-06 0 0.0907779261 1.91841377e-06 0.995871186 0 0.00198594574 0.551461399 0.0252848659 1
Early 432 437.5 chest 0.936758041 -5.69868234e-07 -0.349977851 0 -4.61345024e-08 1 -1.75178252e-06 0 0.349977851 1.65714232e-06 0.936758041 0 0.00198594714 0.951456368 0.0252848659 1
Early 432 437.5 head 0.999996901 -8.07119704e-10 0.00251415372 0 1.04802211e-09 1 -9.58102646e-08 0 -0.00251415372 9.5812652e-08 0.999996901 0 0.00198593945 1.3304565 0.0252848677 1
Early 432 437.5 arm_R_0 0.781906664 0.00014379248 0.623395681 0 0.623307168 0.0166697111 -0.781799376 0 -0.0105042234 0.999861002 0.012944567 0 0.0977573693 0.951456249 0.282938302 1
Early 432 437.5 arm_R_1 0.915739715 0.000188846141 0.401772439 0 0.39749828 0.145048425 -0.90606612 0 -0.0584475435 0.989424467 0.132751554 0 0.252000362 0.86547786 0.0867792144 1
Early 432 437.5 arm_R_2 0.987859905 0.000107984873 0.155348137 0 0.150116205 0.256672263 -0.954769313 0 -0.0399766117 0.966498494 0.253540009 0 0.348464459 0.900611281 -0.136048481 1
Early 432 437.5 hand_R 0.905459166 -2.73436308e-06 -0.424433321 0 -0.149363995 0.936030388 -0.31864962 0 0.397283614 0.351919204 0.847536922 0 0.387150645 1.05685198 -0.385543257 1
Early 432 437.5 bat_grip 0.905459166 -2.78461357e-06 -0.424433261 0 -0.149363965 0.936030328 -0.318649739 0 0.397283584 0.351919293 0.847536922 0 0.387150645 1.05685198 -0.385543257 1
Early 432 437.5 bat_barrel 0.905459225 -2.80077802e-06 -0.424433142 0 -0.149363592 0.936030507 -0.318649113 0 0.397283584 0.351918608 0.84753722 0 0.258697599 1.8618381 -0.659582019 1
Early 432 437.5 bat_tip 0.905459106 -2.81607754e-06 -0.424433351 0 -0.149363965 0.936030328 -0.318649739 0 0.397283673 0.351919293 0.847536862 0 0.20791389 2.18008852 -0.767922878 1
Early 432 437.5 arm_L_0 0.43986392 0.000259906054 0.898064554 0 0.872516751 0.236700863 -0.427419513 0 -0.212683678 0.971582532 0.103889287 0 -0.0937854424 0.951461077 -0.232369661 1
Early 432 437.5 arm_L_1 0.404535353 0.000465169549 0.914522529 0 0.808680892 0.466801971 -0.357954353 0 -0.42706725 0.884361804 0.188461632 0 0.115840495 0.91852051 -0.337046325 1
Early 432 437.5 arm_L_2 0.320473701 0.000472471118 0.947257519 0 0.610679686 0.764347732 -0.206984892 0 -0.724131823 0.644804001 0.244664729 0 0.267689854 1.0066911 -0.406166017 1
Early 432 437.5 hand_L 0.905459046 -1.1920929e-07 -0.424433619 0 -0.149370372 0.936026692 -0.318657547 0 0.397281289 0.35192889 0.847534001 0 0.361765027 1.21597111 -0.4397403 1
Early 432 437.5 foot_R 2.12413398e-09 4.3659746e-08 1 0 0.998818517 -0.0485945232 -2.22044605e-16 0 0.0485945195 0.998818576 -4.37113883e-08 0 0.0838002414 0.10252431 0.459657133 1
Early 432 437.5 foot_L -5.00651431e-08 4.37113883e-08 1 0 0.99999994 1.0942086e-15 5.00651467e-08 0 1.09420828e-15 1 -4.37113883e-08 0 0.0799999833 0.0688500032 -0.340000033 1
Early 432 438.0 root 1 0 0 0 0 1 0 0 0 0 1 0 0 0 0 1
Early 432 438.0 pelvis 0.998300731 -8.70268622e-08 -0.0582725182 0 -3.43657014e-08 1 -2.08218489e-06 0 0.0582725182 2.08064944e-06 0.998300731 0 0.00446704356 0.54931885 0.0317881368 1
Early 432 438.0 chest 0.938219965 -5.27731743e-07 -0.346039504 0 -3.0071746e-08 1 -1.60659556e-06 0 0.346039504 1.51774611e-06 0.938219965 0 0.00446703983 0.949313819 0.0317881368 1
Early 432 438.0 head 0.999994695 1.97553618e-09 0.00325122476 0 -1.11276677e-09 1 -2.65391805e-07 0 -0.00325122476 2.6538703e-07 0.999994695 0 0.00446703006 1.32831395 0.0317881405 1
Early 432 438.0 arm_R_0 0.784489214 0.000161007047 0.620142341 0 0.620063901 0.0157137681 -0.784393907 0 -0.00987104606 0.999876499 0.012227484 0 0.0991330519 0.949313581 0.28983146 1
Early 432 438.0 arm_R_1 0.916915655 0.000216387212 0.399081022 0 0.394927859 0.143403009 -0.907450974 0 -0.0574257821 0.989664316 0.131403044 0 0.253234446 0.863102973 0.0920164138 1
Early 432 438.0 arm_R_2 0.988077462 0.00012970937 0.153956875 0 0.148854598 0.25450784 -0.955545843 0 -0.0393071771 0.967070639 0.251454234 0 0.349558353 0.89800334 -0.132466465 1
Early 432 438.0 hand_R 0.905458808 -1.49011612e-08 -0.424434066 0 -0.149366692 0.936030269 -0.318648845 0 0.397283077 0.351919681 0.847536743 0 0.388106287 1.05400956 -0.383615941 1
Early 432 438.0 bat_grip 0.905458808 -6.51515535e-08 -0.424434006 0 -0.149366662 0.936030209 -0.318648964 0 0.397283047 0.35191977 0.847536743 0 0.388106287 1.05400956 -0.383615941 1
Early 432 438.0 bat_barrel 0.905458868 -8.13158891e-08 -0.424433887 0 -0.149366289 0.936030388 -0.318648338 0 0.397283047 0.351919085 0.847537041 0 0.259650946 1.85899556 -0.657654047 1
Early 432 438.0 bat_tip 0.905458748 -9.66156364e-08 -0.424434096 0 -0.149366662 0.936030209 -0.318648964 0 0.397283137 0.35191977 0.847536683 0 0.208866298 2.17724609 -0.765994668 1
Early 432 438.0 arm_L_0 0.445869148 0.000293508172 0.895098269 0 0.869802058 0.235915154 -0.433346033 0 -0.211294383 0.971773624 0.104931831 0 -0.090198949 0.949318588 -0.226256236 1
Early 432 438.0 arm_L_1 0.413096428 0.000526756048 0.910687447 0 0.805569053 0.466191471 -0.365683496 0 -0.424747169 0.884683788 0.192157567 0 0.118550129 0.916146994 -0.332322717 1
Early 432 438.0 arm_L_2 0.335182726 0.000531226397 0.942153215 0 0.607183218 0.764513314 -0.216444194 0 -0.720403552 0.644607723 0.255928904 0 0.269521028 1.00408638 -0.402829736 1
Early 432 438.0 hand_L 0.905459046 -8.94069672e-08 -0.424433768 0 -0.149366468 0.936030149 -0.318649441 0 0.397283077 0.3519198 0.847537041 0 0.362714738 1.213135 -0.43778646 1
Early 432 438.0 foot_R 2.03156447e-09 4.36641514e-08 1 0 0.998919308 -0.0464767814 0 0 0.0464767776 0.998919368 -4.37113883e-08 0 0.0836148858 0.101089492 0.461078495 1
Early 432 438.0 foot_L 3.42285418e-08 4.37113918e-08 1 0 0.99999994 -7.48088699e-16 -3.42285453e-08 0 -7.48088541e-16 1 -4.37113918e-08 0 0.0799999833 0.0688500032 -0.340000004 1
Early 432 438.5 root 1 0 0 0 0 1 0 0 0 0 1 0 0 0 0 1
Early 432 438.5 pelvis 0.999816954 -7.47233653e-09 -0.0191323217 0 -2.65729216e-08 1 -1.77920845e-06 0 0.0191323217 1.77939114e-06 0.999816954 0 0.00725584384 0.547152936 0.0385218672 1
Early 432 438.5 chest 0.940848172 -4.47778916e-07 -0.338828325 0 -3.86958803e-08 1 -1.42900058e-06 0 0.338828325 1.35758376e-06 0.940848172 0 0.00725583965 0.947147667 0.0385218747 1
Early 432 438.5 head 0.999990761 -1.56339297e-09 0.00427472591 0 1.98403427e-09 1 -9.84000508e-08 0 -0.00427472591 9.84073267e-08 0.999990761 0 0.00725583406 1.32614803 0.0385218784 1
Early 432 438.5 arm_R_0 0.78674531 0.000182626769 0.617277503 0 0.617211163 0.0144437803 -0.786664784 0 -0.00905947108 0.999895632 0.0112508982 0 0.0999180675 0.947147548 0.297258556 1
Early 432 438.5 arm_R_1 0.917795777 0.000237140805 0.397052437 0 0.393034756 0.141357735 -0.90859288 0 -0.056341894 0.989958525 0.129644364 0 0.254132181 0.860625684 0.0977006406 1
Early 432 438.5 arm_R_2 0.98816365 0.000133441994 0.153401822 0 0.148419932 0.251950264 -0.956290841 0 -0.0387772433 0.967740178 0.248948321 0 0.350566536 0.895215571 -0.128526405 1
Early 432 438.5 hand_R 0.905459166 -1.66520476e-06 -0.424432933 0 -0.149365529 0.936029673 -0.318650961 0 0.397282392 0.351921171 0.847536266 0 0.389222562 1.05091226 -0.38142097 1
Early 432 438.5 bat_grip 0.905459166 -1.71545503e-06 -0.424432874 0 -0.1493655 0.936029613 -0.31865108 0 0.397282362 0.35192126 0.847536266 0 0.389222562 1.05091226 -0.38142097 1
Early 432 438.5 bat_barrel 0.905459225 -1.73161914e-06 -0.424432755 0 -0.149365127 0.936029792 -0.318650454 0 0.397282362 0.351920575 0.847536564 0 0.260768205 1.85589767 -0.655460894 1
Early 432 438.5 bat_tip 0.905459106 -1.74691922e-06 -0.424432963 0 -0.1493655 0.936029613 -0.31865108 0 0.397282451 0.35192126 0.847536206 0 0.209983975 2.17414808 -0.763802171 1
Early 432 438.5 arm_L_0 0.452303916 0.000334352255 0.891863763 0 0.866826117 0.235119492 -0.439694583 0 -0.20984152 0.971966386 0.106055498 0 -0.0854064152 0.947152615 -0.220215902 1
Early 432 438.5 arm_L_1 0.422249228 0.000596389174 0.906479597 0 0.801936448 0.465969801 -0.373858541 0 -0.422614932 0.884800494 0.196277022 0 0.122115999 0.91366756 -0.32757616 1
Early 432 438.5 arm_L_2 0.350851268 0.000593259931 0.93643105 0 0.602340937 0.765529513 -0.226163432 0 -0.71699965 0.643400431 0.268229544 0 0.271861285 1.00129378 -0.399380326 1
Early 432 438.5 hand_L 0.905458808 -1.78813934e-07 -0.424433887 0 -0.149372905 0.936024368 -0.31866315 0 0.397280484 0.351935029 0.847531676 0 0.36383155 1.21002996 -0.435640663 1
Early 432 438.5 foot_R 1.93808036e-09 4.36684005e-08 1 0 0.999016523 -0.0443381183 2.22044605e-16 0 0.0443381146 0.999016583 -4.37113883e-08 0 0.0834311843 0.0996341109 0.46249485 1
Early 432 438.5 foot_L 1.18522259e-07 4.37113883e-08 1 0 0.99999994 -2.59038705e-15 -1.18522266e-07 0 -2.59038557e-15 1 -4.37113883e-08 0 0.0799999833 0.0688500032 -0.339999914 1
Early 432 439.0 root 1 0 0 0 0 1 0 0 0 0 1 0 0 0 0 1
Early 432 439.0 pelvis 0.999799252 6.02232859e-08 0.0200372301 0 -3.06512966e-08 1 -1.47615924e-06 0 -0.0200372301 1.47524872e-06 0.999799252 0 0.0100446437 0.544987023 0.0452555977 1
Early 432 439.0 chest 0.943421125 -3.64821346e-07 -0.331597209 0 -5.33076481e-08 1 -1.25185875e-06 0 0.331597209 1.19870663e-06 0.943421125 0 0.0100446437 0.944981456 0.0452556051 1
Early 432 439.0 head 0.999986053 4.53155735e-10 0.00529831648 0 -8.14736723e-10 1 6.82520067e-08 0 -0.00529831648 -6.82550763e-08 0.999986053 0 0.0100446409 1.323982 0.0452556126 1
Early 432 439.0 arm_R_0 0.788990915 0.000189869665 0.614404678 0 0.614349544 0.0131736137 -0.788924158 0 -0.00824370421 0.999913096 0.0102772536 0 0.100698039 0.944981456 0.304670155 1
Early 432 439.0 arm_R_1 0.918671787 0.000248666853 0.395021439 0 0.391137511 0.139314875 -0.909726799 0 -0.0552586019 0.990248024 0.127887487 0 0.255012989 0.858144522 0.103365436 1
Early 432 439.0 arm_R_2 0.988250017 0.000136679038 0.152844816 0 0.147981629 0.249395207 -0.957028449 0 -0.0382496081 0.96840179 0.246444732 0 0.351550639 0.892418146 -0.124607071 1
Early 432 439.0 hand_R 0.905458868 -3.7252903e-08 -0.424433827 0 -0.149366558 0.936030209 -0.318648845 0 0.39728272 0.35191977 0.847536981 0 0.390312284 1.04779828 -0.379246503 1
Early 432 439.0 bat_grip 0.905458868 -8.75032953e-08 -0.424433768 0 -0.149366528 0.936030149 -0.318648964 0 0.39728269 0.35191986 0.847536981 0 0.390312284 1.04779828 -0.379246503 1
Early 432 439.0 bat_barrel 0.905458927 -1.03667603e-07 -0.424433649 0 -0.149366155 0.936030328 -0.318648338 0 0.39728269 0.351919174 0.847537279 0 0.261857033 1.85278416 -0.653284609 1
Early 432 439.0 bat_tip 0.905458808 -1.18967378e-07 -0.424433857 0 -0.149366528 0.936030149 -0.318648964 0 0.397282779 0.35191986 0.847536922 0 0.21107246 2.17103457 -0.761625171 1
Early 432 439.0 arm_L_0 0.458715439 0.000362962484 0.888583362 0 0.863805056 0.234323129 -0.446020007 0 -0.208377466 0.972158611 0.107173949 0 -0.080608815 0.944986463 -0.21416007 1
Early 432 439.0 arm_L_1 0.43135938 0.000650718808 0.902180195 0 0.798224688 0.46574688 -0.381991297 0 -0.420436084 0.884917676 0.200384796 0 0.125678703 0.911188602 -0.322802126 1
Early 432 439.0 arm_L_2 0.366422415 0.000648930669 0.930448651 0 0.597346544 0.766541541 -0.235777348 0 -0.713380516 0.642194152 0.28049022 0 0.274188161 0.998501599 -0.395884663 1
Early 432 439.0 hand_L 0.905458927 0 -0.424433887 0 -0.149366647 0.936030149 -0.318649083 0 0.397283018 0.351919532 0.8475371 0 0.364919901 1.20692325 -0.433417022 1
Early 432 439.0 foot_R 1.84458693e-09 4.36724505e-08 1 0 0.999109149 -0.0421992391 3.33066907e-16 0 0.0421992354 0.999109209 -4.37113883e-08 0 0.0832474828 0.0981787294 0.463911235 1
Early 432 439.0 foot_L 2.02815968e-07 4.37113883e-08 1 0 0.99999994 -4.43268477e-15 -2.02815983e-07 0 -4.43268266e-15 1 -4.37113883e-08 0 0.0799999833 0.0688500032 -0.339999855 1
Early 432 439.5 root 1 0 0 0 0 1 0 0 0 0 1 0 0 0 0 1
Early 432 439.5 pelvis 0.998048782 1.07884958e-07 0.0624389127 0 -2.18141789e-08 1 -1.37916118e-06 0 -0.0624389127 1.37510813e-06 0.998048782 0 0.0129146092 0.543144107 0.0514895283 1
Early 432 439.5 chest 0.948467672 -1.98375972e-07 -0.316873908 0 2.7589941e-08 1 -5.43458384e-07 0 0.316873908 5.06710251e-07 0.948467672 0 0.0129146082 0.943138599 0.051489532 1
Early 432 439.5 head 0.999978006 -1.19939472e-08 0.00663474202 0 1.23216068e-08 1 -4.93437255e-08 0 -0.00663474202 4.94244716e-08 0.999978006 0 0.0129146073 1.32213891 0.051489532 1
Early 432 439.5 arm_R_0 0.789856851 0.000204414129 0.613291085 0 0.613250315 0.0112752076 -0.789808154 0 -0.00707641523 0.999936283 0.00878048129 0 0.099491097 0.943138599 0.312217057 1
Early 432 439.5 arm_R_1 0.918530643 0.000243250281 0.39534989 0 0.391616553 0.136542767 -0.909940898 0 -0.0542035103 0.990634024 0.125323519 0 0.25462383 0.855822802 0.109213226 1
Early 432 439.5 arm_R_2 0.987936854 0.000102716964 0.154856905 0 0.150064558 0.246217787 -0.957526743 0 -0.0382268727 0.969214439 0.243232295 0 0.351974994 0.889618278 -0.120461076 1
Early 432 439.5 hand_R 0.905459642 3.82587314e-06 -0.424432337 0 -0.149373144 0.936026752 -0.318655759 0 0.397278875 0.351928622 0.847535133 0 0.391547114 1.04451942 -0.376803637 1
Early 432 439.5 bat_grip 0.905459642 3.7756231e-06 -0.424432278 0 -0.149373114 0.936026692 -0.318655878 0 0.397278845 0.351928711 0.847535133 0 0.391547114 1.04451942 -0.376803637 1
Early 432 439.5 bat_barrel 0.905459702 3.75946001e-06 -0.424432158 0 -0.149372742 0.936026871 -0.318655252 0 0.397278845 0.351928025 0.847535431 0 0.2630862 1.84950233 -0.650847673 1
Early 432 439.5 bat_tip 0.905459583 3.74415822e-06 -0.424432367 0 -0.149373114 0.936026692 -0.318655878 0 0.397278935 0.351928711 0.847535074 0 0.212299377 2.16775179 -0.759190619 1
Early 432 439.5 arm_L_0 0.465123683 0.000400587916 0.88524574 0 0.860715568 0.233573526 -0.452340901 0 -0.206951112 0.972339094 0.108295619 0 -0.0736619234 0.943143725 -0.20923911 1
Early 432 439.5 arm_L_1 0.440456688 0.000709146261 0.897773743 0 0.793946683 0.466515958 -0.389886796 0 -0.419102132 0.884512663 0.204916894 0 0.130716726 0.908862472 -0.318738967 1
Early 432 439.5 arm_L_2 0.381957829 0.000684008002 0.924179673 0 0.589916945 0.769595325 -0.244378865 0 -0.711411357 0.638531685 0.29354921 0 0.277316391 0.99569428 -0.39268446 1
Early 432 439.5 hand_L 0.905458927 -5.06639481e-07 -0.424433827 0 -0.14937824 0.936019897 -0.318674594 0 0.397278666 0.351947695 0.847527504 0 0.366137475 1.2036382 -0.431086987 1
Early 432 439.5 foot_R 1.75119452e-09 4.36762946e-08 1 0 0.999197125 -0.0400626659 1.11022302e-16 0 0.0400626622 0.999197185 -4.37113883e-08 0 0.0830674618 0.0967188179 0.465307832 1
Early 432 439.5 foot_L 3.42285738e-08 4.37113883e-08 1 0 0.99999994 -7.48089758e-16 -3.42285773e-08 0 -7.48088858e-16 1 -4.37113883e-08 0 0.0799999833 0.0688500032 -0.339999974 1
Early 432 440.0 root 1 0 0 0 0 1 0 0 0 0 1 0 0 0 0 1
Early 432 440.0 pelvis 0.994500875 1.51254994e-07 0.104728185 0 -1.71004721e-08 1 -1.28187628e-06 0 -0.104728185 1.27303622e-06 0.994500875 0 0.0157845747 0.54130125 0.0577234589 1
Early 432 440.0 chest 0.953284502 -1.45705599e-08 -0.302073717 0 6.88147566e-08 1 1.68930569e-07 0 0.302073717 -1.81826067e-07 0.953284502 0 0.0157845728 0.941295683 0.0577234589 1
Early 432 440.0 head 0.999968112 1.55316116e-09 0.00797134638 0 -2.46139109e-10 1 -1.63967442e-07 0 -0.00797134638 1.6396028e-07 0.999968112 0 0.0157845672 1.32029593 0.0577234514 1
Early 432 440.0 arm_R_0 0.790721118 0.000186750665 0.612176359 0 0.612148166 0.00937681273 -0.790687442 0 -0.005887907 0.999956012 0.00730016083 0 0.0982652009 0.941295683 0.319699883 1
Early 432 440.0 arm_R_1 0.918389618 0.000214871019 0.395677179 0 0.392094254 0.133776814 -0.910145938 0 -0.0531279966 0.991011441 0.122775018 0 0.254208505 0.85349381 0.114993289 1
Early 432 440.0 arm_R_2 0.987619936 5.83492219e-05 0.156865075 0 0.152147353 0.243048877 -0.958007514 0 -0.0381817818 0.970014036 0.240031093 0 0.352374464 0.886802614 -0.116381146 1
Early 432 440.0 hand_R 0.905458808 1.11758709e-08 -0.424433917 0 -0.149366662 0.936030209 -0.318648905 0 0.397282928 0.351919681 0.847536862 0 0.392764568 1.04121768 -0.374422342 1
Early 432 440.0 bat_grip 0.905458808 -3.90745214e-08 -0.424433857 0 -0.149366632 0.936030149 -0.318649024 0 0.397282898 0.35191977 0.847536862 0 0.392764568 1.04121768 -0.374422342 1
Early 432 440.0 bat_barrel 0.905458868 -5.52388393e-08 -0.424433738 0 -0.14936626 0.936030328 -0.318648398 0 0.397282898 0.351919085 0.84753716 0 0.264309227 1.84620357 -0.648460507 1
Early 432 440.0 bat_tip 0.905458748 -7.05386043e-08 -0.424433947 0 -0.149366632 0.936030149 -0.318649024 0 0.397282988 0.35191977 0.847536802 0 0.21352461 2.16445398 -0.756801128 1
Early 432 440.0 arm_L_0 0.47150746 0.000420629978 0.881861925 0 0.857581437 0.232823193 -0.458636522 0 -0.205510795 0.972518981 0.109417036 0 -0.066696085 0.941300869 -0.204254121 1
Early 432 440.0 arm_L_1 0.449508905 0.000750303268 0.893275499 0 0.789594233 0.467283338 -0.397727609 0 -0.417711109 0.884107351 0.20945549 0 0.135771304 0.906538129 -0.314590096 1
Early 432 440.0 arm_L_2 0.397385657 0.000739380717 0.917651296 0 0.582350194 0.772629678 -0.252807409 0 -0.709191561 0.634856582 0.306601286 0 0.280460656 0.992886305 -0.389366567 1
Early 432 440.0 hand_L 0.905458927 -2.08616257e-07 -0.424433708 0 -0.149366528 0.936030149 -0.318649352 0 0.397282749 0.35191986 0.847536802 0 0.36737287 1.20034325 -0.428592682 1
Early 432 440.0 foot_R 1.65779457e-09 4.36799397e-08 1 0 0.999280512 -0.0379259214 0 0 0.0379259177 0.999280572 -4.37113883e-08 0 0.0828874409 0.0952589065 0.466704398 1
Early 432 440.0 foot_L -1.34358828e-07 4.37113918e-08 1 0 0.99999994 2.9365061e-15 1.34358842e-07 0 2.93650547e-15 1 -4.37113883e-08 0 0.0799999833 0.0688500032 -0.340000063 1
Early 432 440.5 root 1 0 0 0 0 1 0 0 0 0 1 0 0 0 0 1
Early 432 440.5 pelvis 0.98935467 2.06496551e-07 0.145524472 0 -3.52531018e-08 1 -1.17931177e-06 0 -0.145524472 1.16162744e-06 0.98935467 0 0.0184756927 0.540061116 0.0628473163 1
Early 432 440.5 chest 0.959600925 -2.35348807e-08 -0.281364828 0 5.5084854e-08 1 1.04223091e-07 0 0.281364828 -1.15511398e-07 0.959600925 0 0.018475689 0.940055668 0.0628473163 1
Early 432 440.5 head 0.999954402 7.6324973e-09 0.00956058502 0 -4.56445548e-09 1 -3.20939762e-07 0 -0.00956058502 3.20881554e-07 0.999954402 0 0.0184756853 1.31905591 0.0628473088 1
Early 432 440.5 arm_R_0 0.790003002 0.000196905807 0.613102973 0 0.613088369 0.00666441023 -0.789986193 0 -0.00424150564 0.999977767 0.00514422171 0 0.0952367261 0.940055549 0.326464981 1
Early 432 440.5 arm_R_1 0.91719389 0.000191118568 0.398441315 0 0.395026267 0.130211204 -0.90939486 0 -0.0520553291 0.991486251 0.119353466 0 0.252634704 0.851549268 0.120381184 1
Early 432 440.5 arm_R_2 0.98690784 1.94320455e-06 0.161284968 0 0.156599358 0.239278123 -0.958239257 0 -0.038593825 0.97095108 0.236145198 0 0.35224998 0.884152889 -0.112374172 1
Early 432 440.5 hand_R 0.90546006 1.22450292e-05 -0.424431264 0 -0.149384648 0.936022639 -0.318662673 0 0.397273391 0.351939857 0.847532988 0 0.394086391 1.03786004 -0.371798247 1
Early 432 440.5 bat_grip 0.90546006 1.21947796e-05 -0.424431205 0 -0.149384618 0.93602258 -0.318662792 0 0.397273362 0.351939946 0.847532988 0 0.394086391 1.03786004 -0.371798247 1
Early 432 440.5 bat_barrel 0.905460119 1.21786179e-05 -0.424431086 0 -0.149384245 0.936022758 -0.318662167 0 0.397273362 0.351939261 0.847533286 0 0.265615582 1.84283948 -0.645848274 1
Early 432 440.5 bat_tip 0.90546 1.21633138e-05 -0.424431294 0 -0.149384618 0.93602258 -0.318662792 0 0.397273451 0.351939946 0.847532928 0 0.214824855 2.16108727 -0.754193544 1
Early 432 440.5 arm_L_0 0.477254808 0.000453591347 0.878764987 0 0.854792237 0.231742963 -0.464355022 0 -0.203858197 0.97277689 0.110212609 0 -0.0582854189 0.940060854 -0.200771526 1
Early 432 440.5 arm_L_1 0.457685709 0.000795468688 0.889113963 0 0.785309136 0.468542218 -0.40466994 0 -0.416909277 0.883440733 0.213820323 0 0.141810611 0.904585958 -0.311444253 1
Early 432 440.5 arm_L_2 0.411439121 0.000754356384 0.911437213 0 0.573259056 0.77722162 -0.259422868 0 -0.708584428 0.629226267 0.319346935 0 0.284125268 0.990226805 -0.386563748 1
Early 432 440.5 hand_L 0.905459046 2.08616257e-07 -0.424433708 0 -0.149384558 0.936014473 -0.318686634 0 0.397276044 0.351961255 0.847523093 0 0.368656218 1.1969831 -0.42614013 1
Early 432 440.5 foot_R 1.56553259e-09 4.36833432e-08 1 0 0.999358356 -0.0358152092 -2.22044605e-16 0 0.0358152054 0.999358416 -4.37113883e-08 0 0.0827130824 0.0938109905 0.468066752 1
Early 432 440.5 foot_L -5.00651431e-08 4.37113883e-08 1 0 0.99999994 1.0942086e-15 5.00651467e-08 0 1.09420828e-15 1 -4.37113883e-08 0 0.0799999833 0.0688500032 -0.340000033 1
Early 432 441.0 root 1 0 0 0 0 1 0 0 0 0 1 0 0 0 0 1
Early 432 441.0 pelvis 0.982535601 2.5711131e-07 0.186074719 0 -5.76068686e-08 1 -1.07758046e-06 0 -0.186074719 1.04804201e-06 0.982535601 0 0.0211668089 0.538820982 0.0679711699 1
Early 432 441.0 chest 0.965467393 -3.55024952e-08 -0.260523975 0 4.76829456e-08 1 4.04336333e-08 0 0.260523975 -5.14598923e-08 0.965467393 0 0.021166807 0.938815594 0.0679711699 1
Early 432 441.0 head 0.999937892 5.73072079e-09 0.0111497045 0 -4.15056434e-10 1 -4.76764768e-07 0 -0.0111497045 4.7673052e-07 0.999937892 0 0.021166807 1.31781578 0.0679711699 1
Early 432 441.0 arm_R_0 0.789283574 0.000151511282 0.614028811 0 0.614023566 0.00395231321 -0.789277852 0 -0.00254640123 0.999992132 0.00302650221 0 0.0921758339 0.938815475 0.333105206 1
Early 432 441.0 arm_R_1 0.915990412 0.000125057995 0.401199907 0 0.397954404 0.126656562 -0.90862 0 -0.0509282276 0.991946578 0.115966521 0 0.251026928 0.849593639 0.125645816 1
Early 432 441.0 arm_R_2 0.98617667 -8.16006213e-05 0.165696323 0 0.161054075 0.235524431 -0.958430946 0 -0.0389473364 0.971868396 0.232281953 0 0.352100551 0.881482601 -0.108481467 1
Early 432 441.0 hand_R 0.905458927 -2.98023224e-08 -0.424433768 0 -0.149366572 0.936030149 -0.318648875 0 0.397282779 0.35191977 0.847537041 0 0.395398289 1.03447747 -0.369275421 1
Early 432 441.0 bat_grip 0.905458927 -8.00527076e-08 -0.424433708 0 -0.149366543 0.93603009 -0.318648994 0 0.397282749 0.35191986 0.847537041 0 0.395398289 1.03447747 -0.369275421 1
Early 432 441.0 bat_barrel 0.905458987 -9.62170219e-08 -0.424433589 0 -0.14936617 0.936030269 -0.318648368 0 0.397282749 0.351919174 0.847537339 0 0.266943038 1.83946335 -0.643313527 1
Early 432 441.0 bat_tip 0.905458868 -1.11516798e-07 -0.424433798 0 -0.149366543 0.93603009 -0.318648994 0 0.397282839 0.35191986 0.847536981 0 0.21615845 2.15771389 -0.751654148 1
Early 432 441.0 arm_L_0 0.482981712 0.000455245376 0.875630379 0 0.851967394 0.230661988 -0.470049649 0 -0.202188611 0.973033786 0.111017555 0 -0.0498423465 0.93882072 -0.197164044 1
Early 432 441.0 arm_L_1 0.465824008 0.000810220838 0.884877086 0 0.780968666 0.469799161 -0.411553979 0 -0.416047871 0.882773042 0.218210846 0 0.147884935 0.902637899 -0.308147579 1
Early 432 441.0 arm_L_2 0.425394893 0.000792741776 0.905007541 0 0.564067483 0.781771243 -0.265822411 0 -0.707719445 0.623564899 0.33211416 0 0.287834316 0.987565994 -0.383571714 1
Early 432 441.0 hand_L 0.905458987 -2.68220901e-07 -0.424433559 0 -0.149366468 0.936030269 -0.318649292 0 0.397282839 0.351919889 0.847536922 0 0.370006502 1.19360328 -0.423445672 1
Early 432 441.0 foot_R 1.47326329e-09 4.36865548e-08 1 0 0.999431789 -0.0337043367 0 0 0.033704333 0.999431849 -4.37113883e-08 0 0.0825387239 0.0923630744 0.469429135 1
Early 432 441.0 foot_L 3.42285418e-08 4.37113918e-08 1 0 0.99999994 -7.48088699e-16 -3.42285453e-08 0 -7.48088541e-16 1 -4.37113918e-08 0 0.0799999833 0.0688500032 -0.340000004 1
Early 432 441.5 root 1 0 0 0 0 1 0 0 0 0 1 0 0 0 0 1
Early 432 441.5 pelvis 0.974904716 2.73837486e-07 0.222622469 0 -5.08014466e-08 1 -1.00758439e-06 0 -0.222622469 9.70989277e-07 0.974904716 0 0.0236007459 0.53821373 0.0718355626 1
Early 432 441.5 chest 0.971846521 0.000108007021 -0.235614806 0 -0.000104988947 1 2.53544313e-05 0 0.235614806 9.63417506e-08 0.971846521 0 0.0236007366 0.938208342 0.07183557 1
Early 432 441.5 head 0.999916315 -4.57403189e-07 0.0129345208 0 4.3941705e-07 1 1.3928651e-06 0 -0.0129345208 -1.38706025e-06 0.999916315 0 0.0235607196 1.31720865 0.0718442053 1
Early 432 441.5 arm_R_0 0.785455108 0.000142171979 0.618918598 0 0.618918538 0.000306779519 -0.785455048 0 -0.000301524997 0.99999994 0.000153005123 0 0.087747775 0.938208044 0.338633835 1
Early 432 441.5 arm_R_1 0.912733793 6.17280602e-05 0.408554792 0 0.405482948 0.122257948 -0.90588975 0 -0.0500049666 0.992498279 0.111563973 0 0.249184176 0.848015368 0.130605549 1
Early 432 441.5 arm_R_2 0.984649122 -0.000180738047 0.174544588 0 0.169852644 0.231295303 -0.957941771 0 -0.0401981696 0.972883523 0.227775484 0 0.352838784 0.878930211 -0.104094177 1
Early 432 441.5 hand_R 0.898082614 0.000280305743 -0.43982631 0 -0.15910466 0.93248415 -0.32428208 0 0.410040289 0.361210525 0.837492585 0 0.398716718 1.03094602 -0.365462035 1
Early 432 441.5 bat_grip 0.898082614 0.000280255917 -0.43982625 0 -0.159104645 0.93248409 -0.324282199 0 0.410040259 0.361210614 0.837492585 0 0.398716718 1.03094602 -0.365462035 1
Early 432 441.5 bat_barrel 0.898082674 0.000280241104 -0.439826131 0 -0.159104258 0.932484329 -0.324281573 0 0.410040259 0.361209929 0.837492883 0 0.261886686 1.8328824 -0.644344687 1
Early 432 441.5 bat_tip 0.898082554 0.000280223612 -0.439826339 0 -0.159104645 0.93248409 -0.324282199 0 0.410040349 0.361210614 0.837492526 0 0.20779115 2.14992714 -0.754600644 1
Early 432 441.5 arm_L_0 0.487576604 0.000500366092 0.873080075 0 0.850035965 0.227964371 -0.474838257 0 -0.199268699 0.97366935 0.110724643 0 -0.0405464061 0.938213646 -0.194963828 1
Early 432 441.5 arm_L_1 0.472392946 0.000862270594 0.881387711 0 0.777803898 0.469949186 -0.41733554 0 -0.414567232 0.882693052 0.221329927 0 0.15462999 0.900840342 -0.305772781 1
Early 432 441.5 arm_L_2 0.436828196 0.000825822353 0.899544597 0 0.555175781 0.786578655 -0.270321399 0 -0.707785845 0.617489338 0.343141198 0 0.29202199 0.984584808 -0.3810305 1
Early 432 441.5 hand_L 0.898058295 0.000122964382 -0.439876199 0 -0.158970773 0.932501972 -0.324296683 0 0.410145581 0.36116457 0.837460876 0 0.371629596 1.18945885 -0.42076534 1
Early 432 441.5 foot_R 1.38315948e-09 4.36895e-08 1 0 0.999499202 -0.0316430032 0 0 0.0316429995 0.999499261 -4.37113883e-08 0 0.0823717266 0.0909437686 0.470743567 1
Early 432 441.5 foot_L 3.42285418e-08 4.37113918e-08 1 0 0.99999994 -7.48088699e-16 -3.42285453e-08 0 -7.48088541e-16 1 -4.37113918e-08 0 0.0799999833 0.0688500032 -0.340000004 1
Early 432 442.0 root 1 0 0 0 0 1 0 0 0 0 1 0 0 0 0 1
Early 432 442.0 pelvis 0.965914905 2.87675618e-07 0.258859843 0 -4.6613696e-08 1 -9.37382879e-07 0 -0.258859843 8.93365666e-07 0.965914905 0 0.026034683 0.537606478 0.0756999478 1
Early 432 442.0 chest 0.97758311 0.000216038985 -0.210550159 0 -0.000211511622 1 4.40218282e-05 0 0.210550189 1.49878986e-06 0.97758311 0 0.0260346681 0.93760103 0.0756999627 1
Early 432 442.0 head 0.999891758 4.22721769e-09 0.01471892 0 2.78342327e-09 1 -4.76248943e-07 0 -0.0147189051 4.76212904e-07 0.999891758 0 0.0259541217 1.3166014 0.0757146999 1
Early 432 442.0 arm_R_0 0.781596482 6.43478706e-05 0.623784542 0 0.623781323 -0.00334000587 -0.781591833 0 0.00203316519 0.999994397 -0.00265063718 0 0.0832812041 0.93760097 0.343984902 1
Early 432 442.0 arm_R_1 0.909419715 -5.3755939e-05 0.415879875 0 0.412986606 0.117870457 -0.903077245 0 -0.0489714071 0.993028939 0.107215934 0 0.24730882 0.846421242 0.13541086 1
Early 432 442.0 arm_R_2 0.983043969 -0.000319135375 0.183370739 0 0.178651437 0.227085844 -0.957348228 0 -0.0413353778 0.973874569 0.223292381 0 0.353558958 0.87635237 -0.0998309627 1
Early 432 442.0 hand_R 0.890428722 0.000196307898 -0.455123007 0 -0.168723434 0.928886712 -0.329699486 0 0.422693104 0.370363712 0.82714045 0 0.402033091 1.02738976 -0.361739576 1
Early 432 442.0 bat_grip 0.890428722 0.000196258508 -0.455122948 0 -0.168723419 0.928886652 -0.329699606 0 0.422693074 0.370363802 0.82714045 0 0.402033091 1.02738976 -0.361739576 1
Early 432 442.0 bat_barrel 0.890428782 0.00019624499 -0.455122828 0 -0.168723032 0.92888689 -0.32969898 0 0.422693104 0.370363116 0.827140749 0 0.256930918 1.82623231 -0.645281255 1
Early 432 442.0 bat_tip 0.890428662 0.000196225388 -0.455123007 0 -0.168723419 0.928886652 -0.329699606 0 0.422693163 0.370363802 0.827140391 0 0.199564993 2.14205408 -0.757379055 1
Early 432 442.0 arm_L_0 0.492158294 0.000464051962 0.870505691 0 0.848080456 0.22526361 -0.479599953 0 -0.196315765 0.974297702 0.110471666 0 -0.0312119462 0.937606096 -0.192586094 1
Early 432 442.0 arm_L_1 0.478936046 0.000827223063 0.87784946 0 0.774617016 0.470096678 -0.423057735 0 -0.413024008 0.882614613 0.22450535 0 0.161415115 0.899054646 -0.303197026 1
Early 432 442.0 arm_L_2 0.448191613 0.000813424587 0.893937171 0 0.546248972 0.791335225 -0.274592042 0 -0.707627296 0.611382008 0.354225367 0 0.296264112 0.981614351 -0.378248483 1
Early 432 442.0 hand_L 0.890428722 0.000196307898 -0.455122709 0 -0.16872327 0.928886771 -0.329699993 0 0.422692835 0.370363921 0.82714045 0 0.37335065 1.18530071 -0.417788595 1
Early 432 442.0 foot_R 1.29304945e-09 4.36922605e-08 1 0 0.999562323 -0.0295815263 0 0 0.0295815244 0.999562383 -4.37113883e-08 0 0.0822047293 0.0895244703 0.472057998 1
Early 432 442.0 foot_L 3.42285418e-08 4.37113918e-08 1 0 0.99999994 -7.48088699e-16 -3.42285453e-08 0 -7.48088541e-16 1 -4.37113918e-08 0 0.0799999833 0.0688500032 -0.340000004 1
Early 432 442.5 root 1 0 0 0 0 1 0 0 0 0 1 0 0 0 0 1
Early 432 442.5 pelvis 0.956193507 3.28305788e-07 0.292735368 0 -3.64745674e-08 1 -1.00236957e-06 0 -0.292735368 9.47781814e-07 0.956193507 0 0.0284414273 0.537186146 0.0790459067 1
Early 432 442.5 chest 0.982989609 0.00067959947 -0.183659852 0 -0.000668195775 0.999999762 0.000123978083 0 0.183659881 8.5153556e-07 0.982989848 0 0.0284414161 0.937180996 0.0790459141 1
Early 432 442.5 head 0.999861777 -1.51942368e-06 0.0166240931 0 1.40004329e-06 1 7.19418404e-06 0 -0.0166241229 -7.1699601e-06 0.999861836 0 0.0281873792 1.31618142 0.0790883452 1
Early 432 442.5 arm_R_0 0.772110224 1.42166391e-05 0.63548851 0 0.635469377 -0.00780540891 -0.77208668 0 0.00494928518 0.999969482 -0.00603563152 0 0.0782970637 0.9371804 0.348751605 1
Early 432 442.5 arm_R_1 0.902188301 -0.000188011676 0.431342274 0 0.428610891 0.112751283 -0.896426082 0 -0.0484658703 0.993623137 0.101803534 0 0.246937513 0.844783366 0.141025826 1
Early 432 442.5 arm_R_2 0.979738653 -0.000496093184 0.200279132 0 0.195358008 0.222697392 -0.955113113 0 -0.0441278443 0.974887431 0.218282238 0 0.357803166 0.873490751 -0.0933678821 1
Early 432 442.5 hand_R 0.865884006 0.00195520371 -0.500240922 0 -0.205578193 0.913039327 -0.352273643 0 0.456050843 0.407866746 0.790988147 0 0.410899907 1.02329671 -0.354425579 1
Early 432 442.5 bat_grip 0.865884006 0.00195515621 -0.500240922 0 -0.205578178 0.913039267 -0.352273732 0 0.456050813 0.407866836 0.790988147 0 0.410899907 1.02329671 -0.354425579 1
Early 432 442.5 bat_barrel 0.865884066 0.0019551483 -0.500240803 0 -0.205577761 0.913039505 -0.352273136 0 0.456050873 0.40786615 0.790988445 0 0.234102637 1.80851054 -0.657380939 1
Early 432 442.5 bat_tip 0.865883946 0.00195511966 -0.500240982 0 -0.205578178 0.913039267 -0.352273732 0 0.456050903 0.407866836 0.790988088 0 0.164206088 2.11894393 -0.777153969 1
Early 432 442.5 arm_L_0 0.495322198 0.000556856394 0.868709266 0 0.847699523 0.218288809 -0.483482897 0 -0.189898655 0.97588402 0.107651114 0 -0.0214142986 0.93718642 -0.190660849 1
Early 432 442.5 arm_L_1 0.483480155 0.000923484564 0.875355005 0 0.774353683 0.465868056 -0.428186327 0 -0.408195168 0.884853721 0.224522769 0 0.168805063 0.896440983 -0.300704718 1
Early 432 442.5 arm_L_2 0.456186652 0.00091432035 0.889883757 0 0.540670812 0.793977559 -0.277983308 0 -0.706801832 0.607946277 0.361707538 0 0.301237136 0.976810336 -0.375203162 1
Early 432 442.5 hand_L 0.86580652 0.00131237507 -0.500377059 0 -0.205081552 0.913079143 -0.352459878 0 0.456421524 0.407779932 0.790819168 0 0.37589103 1.17836237 -0.414252639 1
Early 432 442.5 foot_R 1.20611665e-09 4.36947438e-08 1 0 0.999619186 -0.0275927354 0 0 0.0275927335 0.999619246 -4.37113883e-08 0 0.0820467174 0.0881502628 0.473311603 1
Early 432 442.5 foot_L 3.42285418e-08 4.37113918e-08 1 0 0.99999994 -7.48088699e-16 -3.42285453e-08 0 -7.48088541e-16 1 -4.37113918e-08 0 0.0799999833 0.0688500032 -0.340000004 1
Early 432 443.0 root 1 0 0 0 0 1 0 0 0 0 1 0 0 0 0 1
Early 432 443.0 pelvis 0.945284426 3.70828332e-07 0.326247424 0 -2.40517615e-08 1 -1.06695882e-06 0 -0.326247424 1.00073271e-06 0.945284426 0 0.0308481716 0.536765873 0.0823918581 1
Early 432 443.0 chest 0.987656534 0.00114315224 -0.156631172 0 -0.0011296419 0.999999344 0.000175273861 0 0.156631261 3.82679809e-06 0.987657189 0 0.0308481641 0.936760902 0.0823918581 1
Early 432 443.0 head 0.999828279 1.26277655e-08 0.0185294598 0 -6.5138579e-09 1 -3.34359584e-07 0 -0.0185294598 3.34182914e-07 0.999828339 0 0.030418979 1.31576109 0.0824510828 1
Early 432 443.0 arm_R_0 0.762447774 -8.39941204e-05 0.647049785 0 0.647000253 -0.0122757647 -0.762391031 0 0.00800708309 0.9999246 -0.00930524804 0 0.0732780248 0.936760783 0.353314847 1
Early 432 443.0 arm_R_1 0.89469552 -0.000351216644 0.446676373 0 0.444115222 0.107633099 -0.889481127 0 -0.0477647558 0.994190574 0.0964548886 0 0.246535495 0.843123615 0.146531329 1
Early 432 443.0 arm_R_2 0.976144552 -0.000698707066 0.217120111 0 0.212031737 0.218314812 -0.95256567 0 -0.0467349701 0.975878119 0.213255048 0 0.362015516 0.870597005 -0.0869198442 1
Early 432 443.0 hand_R 0.83897835 0.000689923763 -0.544164181 0 -0.242397219 0.895780742 -0.37258625 0 0.487194628 0.444495678 0.75170809 0 0.419719428 1.01917696 -0.347037792 1
Early 432 443.0 bat_grip 0.83897835 0.000689878128 -0.544164181 0 -0.242397219 0.895780683 -0.37258634 0 0.487194598 0.444495767 0.75170809 0 0.419719428 1.01917696 -0.347037792 1
Early 432 443.0 bat_barrel 0.83897841 0.000689875509 -0.544164062 0 -0.242396802 0.895780981 -0.372585773 0 0.487194687 0.444495112 0.751708448 0 0.211257786 1.7895484 -0.667461991 1
Early 432 443.0 bat_tip 0.838978291 0.000689838373 -0.54416424 0 -0.242397219 0.895780683 -0.37258634 0 0.487194687 0.444495767 0.751708031 0 0.128842741 2.09411383 -0.794141352 1
Early 432 443.0 arm_L_0 0.498478323 0.00044439733 0.866902113 0 0.84728235 0.211297363 -0.487305224 0 -0.183390573 0.977421761 0.104950547 0 -0.0115817571 0.936765671 -0.188532159 1
Early 432 443.0 arm_L_1 0.488009781 0.000796094537 0.872837901 0 0.774095297 0.461621374 -0.433223307 0 -0.403265357 0.887076795 0.224659383 0 0.176215157 0.893857241 -0.297989964 1
Early 432 443.0 arm_L_2 0.464143991 0.000790148973 0.885759532 0 0.535160244 0.796595752 -0.281138361 0 -0.705814302 0.604511857 0.369312137 0 0.306234002 0.972059965 -0.371888429 1
Early 432 443.0 hand_L 0.83897841 0.000690162182 -0.544164181 0 -0.242397293 0.895780861 -0.37258628 0 0.487194717 0.444495559 0.751708031 0 0.378512144 1.17145967 -0.410377592 1
Early 432 443.0 foot_R 1.11917919e-09 4.36970566e-08 1 0 0.999672115 -0.0256038345 -1.11022302e-16 0 0.0256038327 0.999672174 -4.37113918e-08 0 0.0818887055 0.0867760554 0.474565178 1
Early 432 443.0 foot_L 3.42285418e-08 4.37113918e-08 1 0 0.99999994 -7.48088699e-16 -3.42285453e-08 0 -7.48088541e-16 1 -4.37113918e-08 0 0.0799999833 0.0688500032 -0.340000004 1
Early 432 443.5 root 1 0 0 0 0 1 0 0 0 0 1 0 0 0 0 1
Early 432 443.5 pelvis 0.933808446 3.91962374e-07 0.357773423 0 -1.21689707e-08 1 -1.06379866e-06 0 -0.357773423 9.89030355e-07 0.933808446 0 0.0332317166 0.536353707 0.0854954422 1
Early 432 443.5 chest 0.991494775 0.00196771603 -0.130132139 0 -0.00195106794 0.999998093 0.00025542354 0 0.130132377 6.45328612e-07 0.991496623 0 0.0332317092 0.936348975 0.0854954422 1
Early 432 443.5 head 0.999790549 -1.9496415e-06 0.0204671025 0 1.69154214e-06 1 1.26186678e-05 0 -0.0204671025 -1.25816696e-05 0.999790549 0 0.0324909873 1.31534874 0.0855815858 1
Early 432 443.5 arm_R_0 0.748702884 -0.000150002539 0.662905633 0 0.662804246 -0.0173286907 -0.748592138 0 0.0115995957 0.999849856 -0.0128745809 0 0.0683914945 0.936348081 0.357434452 1
Early 432 443.5 arm_R_1 0.884145856 -0.000505868345 0.467210859 0 0.464819789 0.101998322 -0.879510462 0 -0.0472097993 0.994784415 0.0904165581 0 0.247448817 0.841303825 0.152826682 1
Early 432 443.5 arm_R_2 0.97095871 -0.000893182121 0.239245638 0 0.233898371 0.21381475 -0.948459029 0 -0.0503070764 0.976873815 0.207814202 0 0.368739694 0.867361605 -0.0784448087 1
Early 432 443.5 hand_R 0.811354578 0.00302667916 -0.584546268 0 -0.295866489 0.864565909 -0.40618816 0 0.504149556 0.502510309 0.702364981 0 0.432269007 1.01451719 -0.336376011 1
Early 432 443.5 bat_grip 0.811354578 0.00302663655 -0.584546268 0 -0.295866489 0.864565849 -0.40618825 0 0.504149497 0.502510369 0.702364981 0 0.432269007 1.01451719 -0.336376011 1
Early 432 443.5 bat_barrel 0.811354637 0.0030266426 -0.584546208 0 -0.295866013 0.864566147 -0.406187713 0 0.504149616 0.502509713 0.702365339 0 0.177823782 1.75804377 -0.685697913 1
Early 432 443.5 bat_tip 0.811354518 0.00302659161 -0.584546328 0 -0.295866489 0.864565849 -0.40618825 0 0.504149556 0.502510369 0.702364922 0 0.0772292018 2.05199647 -0.823801875 1
Early 432 443.5 arm_L_0 0.499333054 0.000579193234 0.866410017 0 0.849023104 0.199005187 -0.489445627 0 -0.172703505 0.979998231 0.0988779664 0 -0.00192809617 0.936354339 -0.186444581 1
Early 432 443.5 arm_L_1 0.489192009 0.00091573596 0.872175694 0 0.778013706 0.451503634 -0.436851829 0 -0.394190371 0.892268836 0.220159352 0 0.183829501 0.890130639 -0.294847339 1
Early 432 443.5 arm_L_2 0.465977609 0.000916555524 0.884796083 0 0.535029411 0.796167135 -0.28259781 0 -0.704704642 0.605075955 0.370505512 0 0.311801434 0.965012193 -0.367709965 1
Early 432 443.5 hand_L 0.81129545 0.00209075212 -0.584632695 0 -0.295279264 0.864541173 -0.406667948 0 0.504589081 0.502557516 0.702015519 0 0.381980151 1.16112161 -0.405150801 1
Early 432 443.5 foot_R 1.03637343e-09 4.36990995e-08 1 0 0.999718845 -0.023709463 0 0 0.0237094611 0.999718904 -4.37113883e-08 0 0.081741035 0.0854627043 0.475746155 1
Early 432 443.5 foot_L 3.42285418e-08 4.37113918e-08 1 0 0.99999994 -7.48088699e-16 -3.42285453e-08 0 -7.48088541e-16 1 -4.37113918e-08 0 0.0799999833 0.0688500032 -0.340000004 1
Early 432 444.0 root 1 0 0 0 0 1 0 0 0 0 1 0 0 0 0 1
Early 432 444.0 pelvis 0.921281338 4.12692117e-07 0.388896793 0 -3.98824418e-10 1 -1.06024197e-06 0 -0.388896793 9.76625984e-07 0.921281338 0 0.0356152616 0.535941601 0.0885990262 1
Early 432 444.0 chest 0.994621456 0.0027922804 -0.103539586 0 -0.00277758855 0.999996126 0.000286079478 0 0.103540003 3.04954551e-06 0.99462533 0 0.0356152542 0.935936987 0.0885990188 1
Early 432 444.0 head 0.999749005 2.11106794e-08 0.022404857 0 -1.53824544e-08 1 -2.72469151e-07 0 -0.0224048123 2.72009629e-07 0.999749005 0 0.0345612466 1.31493604 0.0886933133 1
Early 432 444.0 arm_R_0 0.734626234 -0.000237469561 0.678471982 0 0.678298175 -0.0223875251 -0.734445691 0 0.0153637286 0.999749303 -0.0162853468 0 0.063480936 0.935936928 0.36135906 1
Early 432 444.0 arm_R_1 0.873126268 -0.000660721213 0.487493873 0 0.485281199 0.0963561982 -0.869032502 0 -0.0463988706 0.995346606 0.0844517946 0 0.24831599 0.839460075 0.159084931 1
Early 432 444.0 arm_R_2 0.965273499 -0.00109252054 0.261239082 0 0.255673498 0.209306881 -0.94383353 0 -0.0536479838 0.977849245 0.202317744 0 0.375373572 0.864094019 -0.0698567033 1
Early 432 444.0 hand_R 0.781646073 0.000431492925 -0.623721957 0 -0.34839347 0.829757988 -0.436031491 0 0.517350256 0.558122873 0.648727596 0 0.444654852 1.00983489 -0.325465083 1
Early 432 444.0 bat_grip 0.781646073 0.000431453896 -0.623721957 0 -0.34839347 0.829757929 -0.43603158 0 0.517350197 0.558122933 0.648727596 0 0.444654852 1.00983489 -0.325465083 1
Early 432 444.0 bat_barrel 0.781646132 0.000431468914 -0.623721898 0 -0.348392993 0.829758286 -0.436031103 0 0.517350376 0.558122337 0.648728013 0 0.145036429 1.7234267 -0.700452209 1
Early 432 444.0 bat_tip 0.781646013 0.000431403983 -0.623722017 0 -0.34839347 0.829757929 -0.43603158 0 0.517350256 0.558122933 0.648727536 0 0.0265826583 2.00554466 -0.848702908 1
Early 432 444.0 arm_L_0 0.500183284 0.00039152801 0.86591959 0 0.850662291 0.186671659 -0.49145472 0 -0.161835015 0.982422352 0.0930368453 0 0.00774960313 0.935941458 -0.184161991 1
Early 432 444.0 arm_L_1 0.490367532 0.000704273582 0.871515512 0 0.781904161 0.441315114 -0.440303564 0 -0.384922981 0.897352099 0.215855867 0 0.191420496 0.886451662 -0.291493446 1
Early 432 444.0 arm_L_2 0.46780318 0.000703588128 0.883832335 0 0.53503871 0.79572475 -0.283823907 0 -0.703487039 0.605658174 0.371866047 0 0.317313254 0.958072722 -0.363265842 1
Early 432 444.0 hand_L 0.781646311 0.00043156743 -0.623721957 0 -0.34839344 0.829758167 -0.43603158 0 0.517350316 0.558122933 0.648727477 0 0.38542822 1.15089381 -0.399590701 1
Early 432 444.0 foot_R 9.53563783e-10 4.37009859e-08 1 0 0.999761939 -0.021815002 1.11022302e-16 0 0.0218150001 0.999761999 -4.37113883e-08 0 0.0815933645 0.0841493532 0.476927131 1
Early 432 444.0 foot_L 3.42285418e-08 4.37113918e-08 1 0 0.99999994 -7.48088699e-16 -3.42285453e-08 0 -7.48088541e-16 1 -4.37113918e-08 0 0.0799999833 0.0688500032 -0.340000004 1
Early 432 444.5 root 1 0 0 0 0 1 0 0 0 0 1 0 0 0 0 1
Early 432 444.5 pelvis 0.908804059 3.77092249e-07 0.417223215 0 -3.4704474e-08 1 -8.28220209e-07 0 -0.417223215 7.3821036e-07 0.908804059 0 0.0378469527 0.535541296 0.0914158821 1
Early 432 444.5 chest 0.997011364 0.00384967588 -0.0771593451 0 -0.00383829814 0.999992609 0.000295762788 0 0.0771599412 1.28161764e-06 0.997018695 0 0.0378469452 0.935536861 0.0914158821 1
Early 432 444.5 head 0.999705374 -1.51925929e-06 0.0242760405 0 1.15458795e-06 1 1.50225824e-05 0 -0.0242760256 -1.49902089e-05 0.999705315 0 0.0363910682 1.31453419 0.0915100649 1
Early 432 444.5 arm_R_0 0.719128549 -0.000295684673 0.69487685 0 0.694603741 -0.0277406219 -0.718857467 0 0.0194888841 0.999615073 -0.0197436493 0 0.0584833436 0.935536206 0.364803255 1
Early 432 444.5 arm_R_1 0.860843301 -0.000790145248 0.508869648 0 0.506845474 0.0904521793 -0.857278109 0 -0.0453510061 0.995900452 0.0782656521 0 0.24914661 0.83754468 0.165578663 1
Early 432 444.5 arm_R_2 0.958690941 -0.00124626793 0.284447104 0 0.278669119 0.204693824 -0.938319623 0 -0.0570551902 0.978825271 0.196585402 0 0.38204661 0.860654235 -0.0603079908 1
Early 432 444.5 hand_R 0.765150189 0.00218784809 -0.643848062 0 -0.397466451 0.788308144 -0.469671041 0 0.506523073 0.615276873 0.604043543 0 0.457186848 1.00486195 -0.312853366 1
Early 432 444.5 bat_grip 0.765150189 0.00218781293 -0.643848062 0 -0.397466451 0.788308084 -0.46967113 0 0.506523013 0.615276933 0.604043543 0 0.457186848 1.00486195 -0.312853366 1
Early 432 444.5 bat_barrel 0.765150249 0.00218783738 -0.643848002 0 -0.397465974 0.788308501 -0.469670683 0 0.506523192 0.615276337 0.604043961 0 0.115365654 1.68280697 -0.71677053 1
Early 432 444.5 bat_tip 0.76515013 0.00218775799 -0.643848121 0 -0.397466451 0.788308084 -0.46967113 0 0.506523073 0.615276933 0.604043484 0 -0.019772917 1.95083189 -0.876458764 1
Early 432 444.5 arm_L_0 0.498218775 0.000536456704 0.867051303 0 0.854315996 0.170461029 -0.491006434 0 -0.148061782 0.985364258 0.0844685137 0 0.0172105376 0.935541689 -0.181972429 1
Early 432 444.5 arm_L_1 0.487327546 0.00079613924 0.873219013 0 0.789640367 0.426524341 -0.441072792 0 -0.372800142 0.904475808 0.207228333 0 0.199187517 0.882037759 -0.287648499 1
Early 432 444.5 arm_L_2 0.461285591 0.000757873058 0.887251496 0 0.540040135 0.793186367 -0.281446546 0 -0.703968883 0.608978629 0.365475953 0 0.323385239 0.949628592 -0.357785344 1
Early 432 444.5 hand_L 0.765144408 0.00150123239 -0.643856883 0 -0.397104591 0.788251519 -0.47007215 0 0.506815612 0.615351498 0.603722334 0 0.389760286 1.13846052 -0.392457485 1
Early 432 444.5 foot_R 8.75768014e-10 4.37026131e-08 1 0 0.999799192 -0.0200352389 5.55111512e-17 0 0.0200352371 0.999799252 -4.37113883e-08 0 0.0814571083 0.0829116181 0.478025019 1
Early 432 444.5 foot_L 3.42285418e-08 4.37113918e-08 1 0 0.99999994 -7.48088699e-16 -3.42285453e-08 0 -7.48088541e-16 1 -4.37113918e-08 0 0.0799999833 0.0688500032 -0.340000004 1
Early 432 445.0 root 1 0 0 0 0 1 0 0 0 0 1 0 0 0 0 1
Early 432 445.0 pelvis 0.895456076 3.34130675e-07 0.445149869 0 -7.61745085e-08 1 -5.9737124e-07 0 -0.445149869 5.01010675e-07 0.895456076 0 0.0400786437 0.535140991 0.094232738 1
Early 432 445.0 chest 0.998700619 0.00490705855 -0.0507252216 0 -0.0049009556 0.99998796 0.000244687311 0 0.0507258177 4.23275333e-06 0.998712659 0 0.0400786363 0.935136735 0.094232738 1
Early 432 445.0 head 0.999658108 3.27327143e-08 0.0261470564 0 -2.34680329e-08 1 -3.43270585e-07 0 -0.0261470415 3.42625299e-07 0.999658167 0 0.0382203497 1.31413198 0.0943037868 1
Early 432 445.0 arm_R_0 0.703261912 -0.000368269626 0.710930705 0 0.710532844 -0.0330985673 -0.702885211 0 0.0237896554 0.999451935 -0.023015257 0 0.0534720831 0.935136735 0.36805591 1
Early 432 445.0 arm_R_1 0.848038554 -0.000911697745 0.52993381 0 0.528102398 0.084539853 -0.844962001 0 -0.0440301858 0.996419549 0.0721745566 0 0.249912634 0.835607409 0.172047406 1
Early 432 445.0 arm_R_2 0.951553404 -0.00139921531 0.307480782 0 0.301530808 0.200070307 -0.932229161 0 -0.0602134056 0.979780495 0.190799505 0 0.388575703 0.857189059 -0.0506285988 1
Early 432 445.0 hand_R 0.747948825 0.000267878175 -0.663756609 0 -0.444345772 0.743067384 -0.500407577 0 0.493081927 0.669216454 0.555895329 0 0.469462395 0.999877989 -0.299971551 1
Early 432 445.0 bat_grip 0.747948825 0.000267847005 -0.663756549 0 -0.444345772 0.743067324 -0.500407696 0 0.493081868 0.669216514 0.555895269 0 0.469462395 0.999877989 -0.299971551 1
Early 432 445.0 bat_barrel 0.747948885 0.000267880649 -0.66375643 0 -0.444345325 0.743067741 -0.500407279 0 0.493082106 0.669215977 0.555895746 0 0.0873250067 1.6389159 -0.730322123 1
Early 432 445.0 bat_tip 0.747948766 0.000267787167 -0.663756609 0 -0.444345772 0.743067324 -0.500407696 0 0.493081927 0.669216514 0.555895209 0 -0.063752532 1.89155889 -0.900460839 1
Early 432 445.0 arm_L_0 0.496244788 0.000309586525 0.868182719 0 0.857776344 0.154192239 -0.490351677 0 -0.134018719 0.988040805 0.0762514174 0 0.0266851336 0.935140669 -0.179591343 1
Early 432 445.0 arm_L_1 0.484270841 0.000556588173 0.874918163 0 0.797257125 0.41160357 -0.441547066 0 -0.360364974 0.911362886 0.198883787 0 0.206887513 0.877682924 -0.283599317 1
Early 432 445.0 arm_L_2 0.454730093 0.000561237335 0.890629292 0 0.54513818 0.790618896 -0.278830349 0 -0.704304576 0.612308443 0.35921216 0 0.329311907 0.941336155 -0.352048576 1
Early 432 445.0 hand_L 0.747948706 0.000267982483 -0.66375649 0 -0.444345653 0.743067503 -0.500407577 0 0.493081987 0.669216514 0.555895448 0 0.393923998 1.12619972 -0.385040611 1
Early 432 445.0 foot_R 7.97969468e-10 4.37041052e-08 1 0 0.999833286 -0.0182554144 0 0 0.0182554126 0.999833345 -4.37113883e-08 0 0.081320852 0.0816738904 0.479122937 1
Early 432 445.0 foot_L 3.42285418e-08 4.37113918e-08 1 0 0.99999994 -7.48088699e-16 -3.42285453e-08 0 -7.48088541e-16 1 -4.37113918e-08 0 0.0799999833 0.0688500032 -0.340000004 1
Early 432 445.5 root 1 0 0 0 0 1 0 0 0 0 1 0 0 0 0 1
Early 432 445.5 pelvis 0.882935643 3.3462166e-07 0.469493985 0 -7.43644364e-08 1 -5.72877696e-07 0 -0.469493985 4.70900488e-07 0.882935643 0 0.0420459881 0.534756184 0.0967308283 1
Early 432 445.5 chest 0.99968946 0.00604641251 -0.0241735876 0 -0.00604484277 0.999981701 0.000138022704 0 0.024173975 8.14563464e-06 0.999707699 0 0.042045977 0.934752226 0.0967308283 1
Early 432 445.5 head 0.999612093 -6.76756031e-07 0.0278470367 0 2.81575694e-07 0.99999994 1.41904493e-05 0 -0.0278470423 -1.41771698e-05 0.999612153 0 0.0397549346 1.31374502 0.0967570022 1
Early 432 445.5 arm_R_0 0.688185394 -0.000409014057 0.725534618 0 0.724988997 -0.0383949131 -0.687689364 0 0.0281381272 0.999262512 -0.0261262506 0 0.048169855 0.934752107 0.370790541 1
Early 432 445.5 arm_R_1 0.835689008 -0.000994678587 0.549201846 0 0.547563016 0.0787280053 -0.833052516 0 -0.0424089581 0.996895611 0.0663368255 0 0.249644801 0.833713174 0.178199828 1
Early 432 445.5 arm_R_2 0.944444597 -0.00148317963 0.328666985 0 0.322597682 0.195524886 -0.926121354 0 -0.0628890097 0.980697632 0.185140938 0 0.393354744 0.853775501 -0.0410538316 1
Early 432 445.5 hand_R 0.743446648 0.0010946393 -0.668794453 0 -0.476554006 0.702481449 -0.528598309 0 0.46923691 0.711701274 0.522778928 0 0.479301721 0.99493736 -0.286968052 1
Early 432 445.5 bat_grip 0.743446648 0.00109461159 -0.668794394 0 -0.476553977 0.702481389 -0.528598428 0 0.469236851 0.711701334 0.522778869 0 0.479301721 0.99493736 -0.286968052 1
Early 432 445.5 bat_barrel 0.743446708 0.00109465281 -0.668794274 0 -0.47655353 0.702481866 -0.528598011 0 0.469237119 0.711700797 0.522779346 0 0.0694652498 1.59907138 -0.741562665 1
Early 432 445.5 bat_tip 0.743446589 0.00109454792 -0.668794453 0 -0.476553977 0.702481389 -0.528598428 0 0.46923691 0.711701334 0.522778809 0 -0.0925630629 1.83791518 -0.921286166 1
Early 432 445.5 arm_L_0 0.49247393 0.000429600477 0.870327115 0 0.862049401 0.137353122 -0.487857848 0 -0.119751647 0.990522027 0.0672723651 0 0.0359220244 0.93475616 -0.177329779 1
Early 432 445.5 arm_L_1 0.478358775 0.000590518117 0.87816453 0 0.806421101 0.395583123 -0.43954438 0 -0.347646475 0.918429971 0.188754335 0 0.214571118 0.873371303 -0.279306114 1
Early 432 445.5 arm_L_2 0.441530108 0.000512912869 0.89724648 0 0.552164912 0.78805995 -0.272167891 0 -0.707223535 0.615598083 0.347668886 0 0.335445642 0.933078647 -0.345740229 1
Early 432 445.5 hand_L 0.743435323 0.000823915005 -0.668807328 0 -0.476435125 0.702461123 -0.528732479 0 0.469375789 0.71172142 0.522627056 0 0.398450106 1.11407232 -0.376714498 1
Early 432 445.5 foot_R 7.25982718e-10 4.37053593e-08 1 0 0.999862015 -0.0166085511 5.55111512e-17 0 0.0166085493 0.999862075 -4.37113883e-08 0 0.0811969638 0.0805252045 0.480128825 1
Early 432 445.5 foot_L 3.42285418e-08 4.37113918e-08 1 0 0.99999994 -7.48088699e-16 -3.42285453e-08 0 -7.48088541e-16 1 -4.37113918e-08 0 0.0799999833 0.0688500032 -0.340000004 1
Early 432 446.0 root 1 0 0 0 0 1 0 0 0 0 1 0 0 0 0 1
Early 432 446.0 pelvis 0.869753599 3.34288274e-07 0.493486285 0 -7.32255288e-08 1 -5.48343735e-07 0 -0.493486285 4.4078817e-07 0.869753599 0 0.0440133289 0.534371376 0.099228926 1
Early 432 446.0 chest 0.99997139 0.0071857553 0.00239482522 0 -0.00718570361 0.999974191 -3.01841646e-05 0 -0.00239494443 1.29747914e-05 0.999997199 0 0.0440133139 0.934367657 0.0992289409 1
Early 432 446.0 head 0.999563456 2.16847411e-08 0.0295470003 0 -5.60411095e-09 1 -5.24210009e-07 0 -0.0295469668 5.23798008e-07 0.999563456 0 0.0412908979 1.31335759 0.099186942 1
Early 432 446.0 arm_R_0 0.672802687 -0.000473958673 0.739821911 0 0.73910141 -0.0436947867 -0.672175467 0 0.0326449499 0.999044716 -0.0290476177 0 0.0428645015 0.934367716 0.373332292 1
Early 432 446.0 arm_R_1 0.822903395 -0.00108152255 0.568180442 0 0.566733181 0.0729119703 -0.820668817 0 -0.0405395888 0.997337639 0.0606124848 0 0.249309137 0.831802249 0.184289441 1
Early 432 446.0 arm_R_2 0.936867535 -0.00157683901 0.349680781 0 0.343527228 0.190975592 -0.919520199 0 -0.0653305501 0.98159343 0.1794606 0 0.397976249 0.850347519 -0.03142092 1
Early 432 446.0 hand_R 0.738745332 0.000138491392 -0.673984647 0 -0.506663918 0.659569025 -0.55521214 0 0.444462478 0.751644015 0.487323821 0 0.488866746 0.990000546 -0.273798078 1
Early 432 446.0 bat_grip 0.738745391 0.000138467251 -0.673984587 0 -0.506663918 0.659568965 -0.555212259 0 0.444462419 0.751644075 0.487323791 0 0.488866746 0.990000546 -0.273798078 1
Early 432 446.0 bat_barrel 0.738745511 0.000138515898 -0.673984468 0 -0.506663442 0.659569442 -0.555211902 0 0.444462717 0.751643598 0.487324297 0 0.0531357527 1.55722988 -0.751280606 1
Early 432 446.0 bat_tip 0.738745332 0.00013840005 -0.673984647 0 -0.506663918 0.659568965 -0.555212259 0 0.444462478 0.751644075 0.487323731 0 -0.119129956 1.78148353 -0.940052867 1
Early 432 446.0 arm_L_0 0.488685101 0.000194251537 0.872460425 0 0.866095543 0.120463207 -0.48514688 0 -0.105193518 0.992717683 0.0587001741 0 0.0451620333 0.934371352 -0.174875289 1
Early 432 446.0 arm_L_1 0.47241047 0.000352621078 0.881378889 0 0.815407932 0.379426152 -0.437202543 0 -0.334572196 0.92522198 0.178957194 0 0.222169414 0.869121134 -0.274817109 1
Early 432 446.0 arm_L_2 0.428216517 0.00036752224 0.903676271 0 0.559157848 0.785473049 -0.265282393 0 -0.70991075 0.61889571 0.336146832 0 0.341398746 0.924982131 -0.339200556 1
Early 432 446.0 hand_L 0.738745511 0.000138521194 -0.673984528 0 -0.506663978 0.659569025 -0.555212259 0 0.444462538 0.751643956 0.487323821 0 0.402734131 1.10212719 -0.36818406 1
Early 432 446.0 foot_R 6.5399397e-10 4.37064962e-08 1 0 0.999888003 -0.0149616404 5.55111512e-17 0 0.0149616394 0.999888062 -4.37113883e-08 0 0.0810730755 0.0793765262 0.481134742 1
Early 432 446.0 foot_L 3.42285418e-08 4.37113918e-08 1 0 0.99999994 -7.48088699e-16 -3.42285453e-08 0 -7.48088541e-16 1 -4.37113918e-08 0 0.0799999833 0.0688500032 -0.340000004 1
Early 432 446.5 root 1 0 0 0 0 1 0 0 0 0 1 0 0 0 0 1
Early 432 446.5 pelvis 0.858318567 3.39826471e-07 0.513117135 0 -2.5836318e-08 1 -6.19060756e-07 0 -0.513117135 5.18094282e-07 0.858318567 0 0.04563196 0.534005761 0.101389468 1
Early 432 446.5 chest 0.999622941 0.00824099965 0.0261898041 0 -0.0082376413 0.999966025 -0.000236110995 0 -0.0261908472 2.027966e-05 0.999656916 0 0.0456319414 0.93400228 0.101389475 1
Early 432 446.5 head 0.999520302 4.57133638e-08 0.0309688896 0 -3.71188435e-07 0.99999994 1.05637773e-05 0 -0.0309688747 -1.05703348e-05 0.999520302 0 0.0425123572 1.31298923 0.101265997 1
Early 432 446.5 arm_R_0 0.660122395 -0.000486237695 0.75115782 0 0.750258267 -0.0485016145 -0.65936327 0 0.0367529839 0.998822927 -0.0316521563 0 0.0379797146 0.934002459 0.375377804 1
Early 432 446.5 arm_R_1 0.81228596 -0.00109926239 0.583258331 0 0.581980824 0.0676993504 -0.810379326 0 -0.0385953821 0.997705102 0.0556310304 0 0.248103768 0.83007741 0.189564496 1
Early 432 446.5 arm_R_2 0.930471599 -0.00157369114 0.366360396 0 0.360179275 0.186891705 -0.91397047 0 -0.0670313835 0.982379258 0.174464285 0 0.400458306 0.847255647 -0.0229134001 1
Early 432 446.5 hand_R 0.741960406 0.000186771154 -0.670443237 0 -0.521875024 0.627926052 -0.577369332 0 0.420881033 0.778272986 0.465993822 0 0.495044053 0.985536039 -0.262054801 1
Early 432 446.5 bat_grip 0.741960466 0.000186749559 -0.670443177 0 -0.521875024 0.627925992 -0.577369452 0 0.420880973 0.778273046 0.465993792 0 0.495044053 0.985536039 -0.262054801 1
Early 432 446.5 bat_barrel 0.741960585 0.000186803358 -0.670443058 0 -0.521874607 0.627926528 -0.577369094 0 0.420881271 0.778272569 0.465994298 0 0.0462315083 1.52555239 -0.758592486 1
Early 432 446.5 bat_tip 0.741960406 0.000186679972 -0.670443237 0 -0.521875024 0.627925992 -0.577369452 0 0.420881033 0.778273046 0.465993732 0 -0.131205976 1.73904753 -0.954898179 1
Early 432 446.5 arm_L_0 0.484939873 0.000272259116 0.874547482 0 0.869603395 0.106031358 -0.482231617 0 -0.0928606614 0.994362712 0.051181972 0 0.0532841645 0.934005558 -0.172599673 1
Early 432 446.5 arm_L_1 0.466325253 0.000348418951 0.884613395 0 0.823350191 0.365495682 -0.434174478 0 -0.323473454 0.930812955 0.170152888 0 0.228824362 0.865548968 -0.270638287 1
Early 432 446.5 arm_L_2 0.413250268 0.000314176083 0.910617471 0 0.56491667 0.784223318 -0.256637394 0 -0.714208007 0.620478451 0.323903024 0 0.346590102 0.918189645 -0.333129406 1
Early 432 446.5 hand_L 0.741927803 0.000145882368 -0.670479536 0 -0.521880448 0.627932549 -0.577357411 0 0.420931697 0.778267622 0.465956777 0 0.406425685 1.09213746 -0.360180557 1
Early 432 446.5 foot_R 5.88490312e-10 4.3707427e-08 1 0 0.999909282 -0.0134630911 5.55111512e-17 0 0.0134630902 0.999909341 -4.37113883e-08 0 0.0809621513 0.078328453 0.482041478 1
Early 432 446.5 foot_L 3.42285418e-08 4.37113918e-08 1 0 0.99999994 -7.48088699e-16 -3.42285453e-08 0 -7.48088541e-16 1 -4.37113918e-08 0 0.0799999833 0.0688500032 -0.340000004 1
Early 432 447.0 root 1 0 0 0 0 1 0 0 0 0 1 0 0 0 0 1
Early 432 447.0 pelvis 0.846440554 3.47119425e-07 0.53248328 0 2.31471411e-08 1 -6.88683031e-07 0 -0.53248328 5.95254733e-07 0.846440554 0 0.0472505949 0.533640146 0.103550002 1
Early 432 447.0 chest 0.998707533 0.00929624494 0.0499695539 0 -0.00928330887 0.999956787 -0.000490962761 0 -0.0499719381 2.6445412e-05 0.998750627 0 0.0472505726 0.933636904 0.103549995 1
Early 432 447.0 head 0.99947536 3.2007506e-08 0.0323907621 0 -5.11045073e-09 1 -8.11885911e-07 0 -0.0323907435 8.11263817e-07 0.9994753 0 0.043736361 1.31262016 0.103326552 1
Early 432 447.0 arm_R_0 0.647248626 -0.000526799704 0.762278855 0 0.761176825 -0.0533112548 -0.646349549 0 0.0409785584 0.998577714 -0.034104608 0 0.0330997445 0.933636904 0.377269059 1
Early 432 447.0 arm_R_1 0.801393807 -0.00113129988 0.598136306 0 0.597024441 0.062485788 -0.799785614 0 -0.0364702269 0.998045087 0.0507511757 0 0.246846318 0.828343332 0.194758847 1
Early 432 447.0 arm_R_2 0.923781931 -0.00158953108 0.382916123 0 0.37673226 0.182809636 -0.908104241 0 -0.0685572997 0.983146906 0.169475079 0 0.402815223 0.844160795 -0.0144186504 1
Early 432 447.0 hand_R 0.74505794 -0.000336498022 -0.666999698 0 -0.535804212 0.595266223 -0.598808885 0 0.397244066 0.803528309 0.443327606 0 0.501007617 0.981086314 -0.250262946 1
Early 432 447.0 bat_grip 0.745058 -0.000336517027 -0.666999638 0 -0.535804212 0.595266163 -0.598809004 0 0.397244006 0.803528368 0.443327576 0 0.501007617 0.981086314 -0.250262946 1
Early 432 447.0 bat_barrel 0.745058119 -0.000336458208 -0.666999519 0 -0.535803795 0.5952667 -0.598808646 0 0.397244304 0.803527951 0.443328112 0 0.0402159691 1.49301529 -0.765238643 1
Early 432 447.0 bat_tip 0.74505794 -0.000336588855 -0.666999698 0 -0.535804212 0.595266163 -0.598809004 0 0.397244066 0.803528368 0.443327516 0 -0.141957462 1.69540596 -0.968833804 1
Early 432 447.0 arm_L_0 0.481178463 8.34912062e-05 0.876622736 0 0.872936249 0.0915683359 -0.479163677 0 -0.0803107694 0.995798707 0.0439877212 0 0.0614014864 0.933640063 -0.170169815 1
Early 432 447.0 arm_L_1 0.460205317 0.000154703856 0.887812674 0 0.831144571 0.351469636 -0.430892169 0 -0.312105715 0.936199188 0.16161947 0 0.235409036 0.862025917 -0.266310096 1
Early 432 447.0 arm_L_2 0.398157418 0.000235944986 0.917317271 0 0.570564806 0.782959163 -0.247852504 0 -0.718280375 0.622072935 0.311606139 0 0.351638556 0.911522806 -0.326892376 1
Early 432 447.0 hand_L 0.74505794 -0.000336319208 -0.666999698 0 -0.535804152 0.595266223 -0.598809183 0 0.397244096 0.803528309 0.443327546 0 0.40992108 1.08228159 -0.352060527 1
Early 432 447.0 foot_R 5.22985377e-10 4.37082583e-08 1 0 0.999928355 -0.011964513 5.55111512e-17 0 0.0119645121 0.999928415 -4.37113883e-08 0 0.080851227 0.0772803798 0.482948184 1
Early 432 447.0 foot_L 3.42285418e-08 4.37113918e-08 1 0 0.99999994 -7.48088699e-16 -3.42285453e-08 0 -7.48088541e-16 1 -4.37113918e-08 0 0.0799999833 0.0688500032 -0.340000004 1
Early 432 447.5 root 1 0 0 0 0 1 0 0 0 0 1 0 0 0 0 1
Early 432 447.5 pelvis 0.837341905 3.26030147e-07 0.546679556 0 2.84563861e-09 1 -6.00741203e-07 0 -0.546679556 5.04581465e-07 0.837341905 0 0.0484762564 0.53329742 0.105368383 1
Early 432 447.5 chest 0.997643828 0.0100934999 0.0678598285 0 -0.010069306 0.999949038 -0.000698580407 0 -0.0678634048 1.36324843e-05 0.997694671 0 0.0484762415 0.933294415 0.105368391 1
Early 432 447.5 head 0.999441147 1.28868805e-07 0.0334281661 0 -3.26490863e-07 0.99999994 5.89471165e-06 0 -0.0334281549 -5.90292166e-06 0.999441147 0 0.0446633287 1.31227517 0.10507182 1
Early 432 447.5 arm_R_0 0.638029993 -0.00045870326 0.770011246 0 0.768744349 -0.0569638312 -0.63701421 0 0.0441549979 0.998376071 -0.0359919667 0 0.0294395648 0.933294475 0.378916174 1
Early 432 447.5 arm_R_1 0.793489635 -0.00103580579 0.608582795 0 0.607588649 0.0585051924 -0.792093992 0 -0.0347848088 0.998286545 0.0470526665 0 0.245712116 0.8269732 0.198806226 1
Early 432 447.5 arm_R_2 0.918833673 -0.00147985294 0.394641668 0 0.388466239 0.179642782 -0.903782308 0 -0.0695570707 0.983730793 0.165636808 0 0.404210865 0.841758788 -0.00796974264 1
Early 432 447.5 hand_R 0.749231517 -7.18533993e-05 -0.662308097 0 -0.542960167 0.572582841 -0.614282489 0 0.379270315 0.819846869 0.428958237 0 0.504936934 0.977649391 -0.24141109 1
Early 432 447.5 bat_grip 0.749231577 -7.18706215e-05 -0.662308037 0 -0.542960167 0.572582781 -0.614282608 0 0.379270256 0.819846928 0.428958207 0 0.504936934 0.977649391 -0.24141109 1
Early 432 447.5 bat_barrel 0.749231696 -7.18084411e-05 -0.662307918 0 -0.54295975 0.572583318 -0.61428231 0 0.379270583 0.819846511 0.428958744 0 0.0379911661 1.4700706 -0.769694149 1
Early 432 447.5 bat_tip 0.749231517 -7.19439195e-05 -0.662308097 0 -0.542960167 0.572582781 -0.614282608 0 0.379270315 0.819846928 0.428958148 0 -0.146615326 1.66474891 -0.978550255 1
Early 432 447.5 arm_L_0 0.478581131 0.000180907547 0.878043473 0 0.875157058 0.0809178352 -0.477024674 0 -0.0711356103 0.996720612 0.0385673344 0 0.0675129965 0.933297098 -0.168180078 1
Early 432 447.5 arm_L_1 0.455865026 0.000239133835 0.89004904 0 0.836637735 0.341084838 -0.428600639 0 -0.303684622 0.940032363 0.155288517 0 0.240376398 0.859367847 -0.262933463 1
Early 432 447.5 arm_L_2 0.38677451 0.000210374594 0.922174454 0 0.574357569 0.78230226 -0.241073176 0 -0.721469879 0.622898638 0.302453727 0 0.355463505 0.906542003 -0.322135121 1
Early 432 447.5 hand_L 0.749209762 -8.08238983e-05 -0.662332833 0 -0.542975545 0.572585464 -0.614266813 0 0.379291922 0.819844782 0.42894268 0 0.412683219 1.07492149 -0.345835865 1
Early 432 447.5 foot_R 4.64518757e-10 4.37089192e-08 1 0 0.999943495 -0.0106269512 0 0 0.0106269503 0.999943554 -4.37113918e-08 0 0.080753684 0.0763425007 0.483750463 1
Early 432 447.5 foot_L 3.42285418e-08 4.37113918e-08 1 0 0.99999994 -7.48088699e-16 -3.42285453e-08 0 -7.48088541e-16 1 -4.37113918e-08 0 0.0799999833 0.0688500032 -0.340000004 1
Early 432 448.0 root 1 0 0 0 0 1 0 0 0 0 1 0 0 0 0 1
Early 432 448.0 pelvis 0.828005195 3.03415021e-07 0.560720444 0 -1.89358076e-08 1 -5.13154248e-07 0 -0.560720444 4.14276684e-07 0.828005195 0 0.0497019179 0.532954693 0.107186764 1
Early 432 448.0 chest 0.996258974 0.0108907297 0.0857282281 0 -0.0108506326 0.999940693 -0.000933670904 0 -0.0857332945 -2.70546252e-08 0.996318102 0 0.0497019105 0.932951987 0.107186772 1
Early 432 448.0 head 0.999405861 1.3890793e-09 0.0344657674 0 -6.5545791e-10 1 2.50569165e-09 0 -0.0344657525 -1.98964756e-09 0.999405861 0 0.0455918722 1.3119297 0.106806628 1
Early 432 448.0 arm_R_0 0.628717601 -0.000409329543 0.777633429 0 0.776187897 -0.0606185496 -0.627580702 0 0.0473959111 0.998160839 -0.0377941914 0 0.0257809106 0.932951927 0.380475909 1
Early 432 448.0 arm_R_1 0.785450518 -0.000951152295 0.618923664 0 0.61804384 0.0545242839 -0.7842502 0 -0.0330004469 0.99851191 0.043414019 0 0.244548604 0.825597942 0.202802196 1
Early 432 448.0 arm_R_2 0.913738966 -0.00138319843 0.406299025 0 0.400145322 0.176477537 -0.899299145 0 -0.0704587474 0.984303653 0.161807925 0 0.40553847 0.839355111 -0.00153869018 1
Early 432 448.0 hand_R 0.753316939 -1.1920929e-07 -0.657657266 0 -0.549477935 0.549478114 -0.629402637 0 0.361368448 0.835508049 0.413931161 0 0.508751929 0.974220991 -0.232546449 1
Early 432 448.0 bat_grip 0.753316998 -1.34650321e-07 -0.657657206 0 -0.549477935 0.549478054 -0.629402757 0 0.361368388 0.835508108 0.413931131 0 0.508751929 0.974220991 -0.232546449 1
Early 432 448.0 bat_barrel 0.753317118 -6.91661128e-08 -0.657657087 0 -0.549477518 0.54947859 -0.629402459 0 0.361368716 0.835507691 0.413931668 0 0.036200881 1.4467721 -0.773832858 1
Early 432 448.0 bat_tip 0.753316939 -2.0935056e-07 -0.657657266 0 -0.549477935 0.549478054 -0.629402757 0 0.361368448 0.835508108 0.413931072 0 -0.150621653 1.63359487 -0.987829804 1
Early 432 448.0 arm_L_0 0.475975633 0.000127837062 0.879458487 0 0.877281308 0.0702519566 -0.47480768 0 -0.0618442893 0.997529268 0.0333259553 0 0.0736229867 0.93295449 -0.166103035 1
Early 432 448.0 arm_L_1 0.451507449 0.000215187669 0.892267406 0 0.842048585 0.330649436 -0.426175356 0 -0.295119286 0.94375366 0.149109393 0 0.245306864 0.856736541 -0.259473145 1
Early 432 448.0 arm_L_2 0.37532413 0.000168144703 0.926893711 0 0.578084648 0.781637609 -0.234223813 0 -0.724534273 0.623732746 0.293270111 0 0.359212786 0.901629448 -0.317285597 1
Early 432 448.0 hand_L 0.753316879 -1.78813934e-07 -0.657657683 0 -0.549478173 0.549478173 -0.629402637 0 0.361368775 0.835507989 0.413931072 0 0.415340871 1.06763232 -0.339545101 1
Early 432 448.0 foot_R 4.06051248e-10 4.37095018e-08 1 0 0.999956787 -0.00928936992 -2.77555756e-17 0 0.00928936899 0.999956846 -4.37113883e-08 0 0.080656141 0.0754046291 0.484552711 1
Early 432 448.0 foot_L 3.42285418e-08 4.37113918e-08 1 0 0.99999994 -7.48088699e-16 -3.42285453e-08 0 -7.48088541e-16 1 -4.37113918e-08 0 0.0799999833 0.0688500032 -0.340000004 1
Early 432 448.5 root 1 0 0 0 0 1 0 0 0 0 1 0 0 0 0 1
Early 432 448.5 pelvis 0.820339859 2.8653929e-07 0.571876287 0 -1.15562678e-07 1 -3.35279907e-07 0 -0.571876287 2.08955896e-07 0.820339859 0 0.0506621189 0.532638431 0.108734123 1
Early 432 448.5 chest 0.994823813 0.0115907583 0.100952387 0 -0.0115298796 0.999932826 -0.00118652219 0 -0.100959361 1.64105077e-05 0.994890571 0 0.0506621189 0.932636023 0.108734131 1
Early 432 448.5 head 0.999377072 4.180514e-07 0.0352948382 0 -5.5360124e-07 1 3.87824366e-06 0 -0.0352948382 -3.89637898e-06 0.999377012 0 0.0462971553 1.31161034 0.108253844 1
Early 432 448.5 arm_R_0 0.616189659 -0.000518104411 0.787597656 0 0.785881102 -0.0655875206 -0.614889741 0 0.0519751571 0.997846723 -0.0400071368 0 0.0226002745 0.932636142 0.38159281 1
Early 432 448.5 arm_R_1 0.775288999 -0.00101992115 0.631606042 0 0.630865574 0.0496848412 -0.774299681 0 -0.0305915494 0.998764515 0.0391635969 0 0.243140668 0.823996484 0.208277673 1
Early 432 448.5 arm_R_2 0.907835126 -0.00135241821 0.419325471 0 0.413189352 0.173362166 -0.893991232 0 -0.0714861453 0.98485738 0.15794307 0 0.405911505 0.83646214 0.00829908438 1
Early 432 448.5 hand_R 0.760288179 -0.000368431211 -0.649586201 0 -0.551562965 0.527867615 -0.64585948 0 0.34313333 0.849326849 0.401128173 0 0.510906875 0.970036983 -0.218346626 1
Early 432 448.5 bat_grip 0.760288239 -0.000368445006 -0.649586141 0 -0.551562965 0.527867556 -0.645859599 0 0.343133271 0.849326909 0.401128113 0 0.510906875 0.970036983 -0.218346626 1
Early 432 448.5 bat_barrel 0.760288358 -0.000368376524 -0.649586022 0 -0.551562607 0.527868152 -0.645859301 0 0.343133599 0.849326491 0.40112868 0 0.0365626812 1.42400312 -0.773785949 1
Early 432 448.5 bat_tip 0.760288179 -0.000368520938 -0.649586201 0 -0.551562965 0.527867556 -0.645859599 0 0.34313333 0.849326909 0.401128054 0 -0.15096873 1.60347819 -0.993378222 1
Early 432 448.5 arm_L_0 0.465264708 -0.000154934824 0.885171711 0 0.88371855 0.0573603958 -0.464490861 0 -0.0507017225 0.998353541 0.0268245488 0 0.0787240267 0.932638168 -0.164125144 1
Early 432 448.5 arm_L_1 0.4336496 -0.000385954976 0.9010818 0 0.854399264 0.317871988 -0.41104719 0 -0.286269844 0.948133647 0.138174653 0 0.249366388 0.853852689 -0.254309237 1
Early 432 448.5 arm_L_2 0.327732891 -0.00028732419 0.944770575 0 0.590048432 0.78105396 -0.204445273 0 -0.737857938 0.624463558 0.256146282 0 0.362252265 0.896167457 -0.308923513 1
Early 432 448.5 hand_L 0.760263383 0.000178664923 -0.649615049 0 -0.551711619 0.528104186 -0.645539165 0 0.342949331 0.849179626 0.401596606 0 0.417265087 1.05971014 -0.327990115 1
Early 432 448.5 foot_R 3.55013435e-10 4.37099459e-08 1 0 0.999966979 -0.00812176149 0 0 0.00812176056 0.999967039 -4.37113883e-08 0 0.0805721134 0.0745839924 0.485247284 1
Early 432 448.5 foot_L -5.00651467e-08 4.37113883e-08 1 0 0.99999994 1.0942086e-15 5.00651502e-08 0 1.09420849e-15 1 -4.37113883e-08 0 0.0799999833 0.0688500032 -0.340000033 1
Early 432 449.0 root 1 0 0 0 0 1 0 0 0 0 1 0 0 0 0 1
Early 432 449.0 pelvis 0.812524199 2.66886104e-07 0.582927465 0 -2.14588297e-07 1 -1.58729748e-07 0 -0.582927465 3.8823651e-09 0.812524199 0 0.05162232 0.532322228 0.110281482 1
Early 432 449.0 chest 0.99315536 0.0122908037 0.116152912 0 -0.0122039244 0.999924481 -0.0014591259 0 -0.116162062 3.16164842e-05 0.993230224 0 0.0516223237 0.932320058 0.110281482 1
Early 432 449.0 head 0.999347389 3.4598088e-08 0.0361241624 0 5.86601345e-09 1 -1.07187225e-06 0 -0.03612414 1.0707372e-06 0.99934727 0 0.047004547 1.31129074 0.109693639 1
Early 432 449.0 arm_R_0 0.603501201 -0.000624539098 0.797361851 0 0.795348525 -0.0705536753 -0.602032363 0 0.0566328168 0.997507751 -0.0420824438 0 0.0194271356 0.932319999 0.382646948 1
Early 432 449.0 arm_R_1 0.764924049 -0.00108385459 0.64411968 0 0.643509209 0.0448445678 -0.76412344 0 -0.0280570835 0.998993278 0.0350001901 0 0.241652966 0.822405696 0.213705599 1
Early 432 449.0 arm_R_2 0.901748121 -0.0013321843 0.432259858 0 0.426154435 0.170246512 -0.888486624 0 -0.072407119 0.985400498 0.154087201 0 0.406101078 0.833602488 0.0180971641 1
Early 432 449.0 hand_R 0.76712811 -0.000838637352 -0.64149338 0 -0.553011 0.505928576 -0.661978245 0 0.325105011 0.862574935 0.387648165 0 0.512772381 0.965908408 -0.204178125 1
Early 432 449.0 bat_grip 0.76712817 -0.000838649517 -0.64149332 0 -0.553011 0.505928516 -0.661978364 0 0.325104952 0.862574995 0.387648106 0 0.512772381 0.965908408 -0.204178125 1
Early 432 449.0 bat_barrel 0.767128289 -0.000838578097 -0.641493201 0 -0.553010643 0.505929112 -0.661978066 0 0.32510528 0.862574637 0.387648672 0 0.0371828973 1.40100694 -0.773479581 1
Early 432 449.0 bat_tip 0.76712817 -0.000838726643 -0.64149338 0 -0.553011 0.505928516 -0.661978364 0 0.325105011 0.862574995 0.387648046 0 -0.150840878 1.57302284 -0.998552263 1
Early 432 449.0 arm_L_0 0.454476863 -0.00047750771 0.890758395 0 0.889887571 0.0444595069 -0.454008669 0 -0.0393857509 0.99901104 0.0206306577 0 0.083817564 0.932322145 -0.16208449 1
Early 432 449.0 arm_L_1 0.41560027 -0.000821188092 0.909547091 0 0.866304278 0.305032611 -0.395565867 0 -0.277116507 0.952341557 0.127482966 0 0.253335565 0.851019084 -0.249109134 1
Early 432 449.0 arm_L_2 0.27927798 -0.000132262707 0.960210383 0 0.600314975 0.780495763 -0.174494624 0 -0.749416947 0.625160992 0.218054652 0 0.365075558 0.890826762 -0.300576568 1
Early 432 449.0 hand_L 0.76712817 -0.000838547945 -0.64149344 0 -0.553010881 0.505928636 -0.661978245 0 0.325105131 0.862574875 0.387648344 0 0.418760598 1.05191612 -0.316714436 1
Early 432 449.0 foot_R 3.03975012e-10 4.37103296e-08 1 0 0.999975741 -0.00695413863 2.77555756e-17 0 0.00695413817 0.999975801 -4.37113883e-08 0 0.0804880857 0.0737633556 0.485941857 1
Early 432 449.0 foot_L -1.34358828e-07 4.37113918e-08 1 0 0.99999994 2.9365061e-15 1.34358842e-07 0 2.93650547e-15 1 -4.37113883e-08 0 0.0799999833 0.0688500032 -0.340000063 1
Early 432 449.5 root 1 0 0 0 0 1 0 0 0 0 1 0 0 0 0 1
Early 432 449.5 pelvis 0.804817259 2.13899398e-07 0.593522668 0 -1.46445615e-07 1 -1.61809211e-07 0 -0.593522668 4.33080629e-08 0.804817259 0 0.0525405407 0.532036245 0.111712083 1
Early 432 449.5 chest 0.991310835 0.012972963 0.13089931 0 -0.0128576783 0.999915838 -0.00172587112 0 -0.130910665 2.7813232e-05 0.991394162 0 0.052540537 0.932034314 0.111712083 1
Early 432 449.5 head 0.999317825 4.03797912e-07 0.0369320214 0 -5.24406005e-07 1 3.28545866e-06 0 -0.0369319767 -3.30266812e-06 0.999317765 0 0.0476744883 1.31100202 0.111026607 1
Early 432 449.5 arm_R_0 0.590948582 -0.000564883463 0.806708932 0 0.804388881 -0.0753796622 -0.589301705 0 0.0611423552 0.997154713 -0.0440910757 0 0.0163213592 0.932034433 0.38365376 1
Early 432 449.5 arm_R_1 0.754605949 -0.000988204032 0.65617758 0 0.65567857 0.0401529409 -0.753971577 0 -0.0256023929 0.999193013 0.0309476405 0 0.24027288 0.820870757 0.218978852 1
Early 432 449.5 arm_R_2 0.895631909 -0.00120887905 0.444794476 0 0.438711107 0.167243585 -0.882928133 0 -0.0733216554 0.985914886 0.15031907 0 0.406454504 0.830812514 0.0276403781 1
Early 432 449.5 hand_R 0.77376014 -0.000673770905 -0.633478343 0 -0.554008901 0.484214962 -0.677207708 0 0.307196051 0.874948859 0.37429297 0 0.514860272 0.961863816 -0.190364882 1
Early 432 449.5 bat_grip 0.7737602 -0.000673781382 -0.633478284 0 -0.554008842 0.484214872 -0.677207828 0 0.307195991 0.874948919 0.37429291 0 0.514860272 0.961863816 -0.190364882 1
Early 432 449.5 bat_barrel 0.773760319 -0.000673707109 -0.633478165 0 -0.554008484 0.484215498 -0.67720753 0 0.307196319 0.874948561 0.374293476 0 0.0384126306 1.37828863 -0.77276361 1
Early 432 449.5 bat_tip 0.7737602 -0.000673859613 -0.633478343 0 -0.554008842 0.484214872 -0.677207828 0 0.307196051 0.874948919 0.37429285 0 -0.149950385 1.54292178 -1.00301433 1
Early 432 449.5 arm_L_0 0.443830013 -0.000408910215 0.896111012 0 0.895660996 0.0318931043 -0.443592638 0 -0.0283982456 0.999491155 0.0145212561 0 0.0887597501 0.932036042 -0.160230055 1
Early 432 449.5 arm_L_1 0.397758096 -0.000820681453 0.917490125 0 0.877466321 0.292476982 -0.380145043 0 -0.26803261 0.956272185 0.117055118 0 0.257268846 0.848235905 -0.244133025 1
Early 432 449.5 arm_L_2 0.231199816 -0.00045338273 0.972906232 0 0.609019756 0.779906571 -0.144363001 0 -0.758710504 0.625895679 0.180590242 0 0.368020624 0.885536611 -0.292468369 1
Early 432 449.5 hand_L 0.773737848 -0.000159054995 -0.63350594 0 -0.554140866 0.484457254 -0.676926374 0 0.307014346 0.874814868 0.374754727 0 0.42080617 1.04412138 -0.305359215 1
Early 432 449.5 foot_R 2.60595961e-10 4.37106102e-08 1 0 0.999982178 -0.00596174179 2.77555756e-17 0 0.00596174132 0.999982238 -4.37113883e-08 0 0.0804174691 0.0730643719 0.486527622 1
Early 432 449.5 foot_L -5.00651431e-08 4.37113883e-08 1 0 0.99999994 1.0942086e-15 5.00651467e-08 0 1.09420828e-15 1 -4.37113883e-08 0 0.0799999833 0.0688500032 -0.340000033 1
Early 432 450.0 root 1 0 0 0 0 1 0 0 0 0 1 0 0 0 0 1
Early 432 450.0 pelvis 0.796972156 1.61433761e-07 0.604016066 0 -7.82684424e-08 1 -1.63995651e-07 0 -0.604016066 8.3424581e-08 0.796972156 0 0.0534587651 0.531750262 0.113142684 1
Early 432 450.0 chest 0.989246845 0.0136551065 0.145616502 0 -0.0135062095 0.999906778 -0.00201116316 0 -0.14563033 2.28097924e-05 0.989339113 0 0.0534587577 0.931748569 0.113142692 1
Early 432 450.0 head 0.999287546 3.46917659e-08 0.0377398357 0 -1.00201305e-08 1 -6.80380253e-07 0 -0.0377397835 6.79347067e-07 0.999287665 0 0.0483463146 1.31071293 0.112352535 1
Early 432 450.0 arm_R_0 0.578249693 -0.000502674957 0.815859616 0 0.813208282 -0.0802026466 -0.57641989 0 0.0657238513 0.996778429 -0.0459683314 0 0.013221072 0.931748569 0.384601176 1
Early 432 450.0 arm_R_1 0.744099975 -0.000887755305 0.668067634 0 0.667671144 0.0354608968 -0.743611217 0 -0.0230301563 0.999370694 0.0269792266 0 0.238815546 0.819344699 0.2242091 1
Early 432 450.0 arm_R_2 0.889344513 -0.00109548494 0.457236022 0 0.451187313 0.164240211 -0.877185881 0 -0.0741356313 0.986419797 0.146560445 0 0.406632394 0.828051746 0.0371500812 1
Early 432 450.0 hand_R 0.780259669 -0.000606149435 -0.62545526 0 -0.554414749 0.462215811 -0.692084253 0 0.28951475 0.886767387 0.360312223 0 0.516671956 0.957868695 -0.176575705 1
Early 432 450.0 bat_grip 0.780259728 -0.000606158283 -0.625455201 0 -0.55441469 0.462215722 -0.692084372 0 0.289514691 0.886767447 0.360312164 0 0.516671956 0.957868695 -0.176575705 1
Early 432 450.0 bat_barrel 0.780259848 -0.000606081274 -0.625455081 0 -0.554414332 0.462216347 -0.692084074 0 0.289515018 0.886767089 0.36031276 0 0.0398752987 1.35537422 -0.771768272 1
Early 432 450.0 bat_tip 0.780259728 -0.000606237561 -0.62545526 0 -0.55441469 0.462215722 -0.692084372 0 0.28951475 0.886767447 0.360312104 0 -0.148625731 1.5125277 -1.00707698 1
Early 432 450.0 arm_L_0 0.433116227 -0.000376686454 0.9013381 0 0.901172996 0.0193211734 -0.433028966 0 -0.0172516555 0.999813259 0.00870765746 0 0.0936964527 0.931750178 -0.158316121 1
Early 432 450.0 arm_L_1 0.379753143 -0.000660657883 0.92508781 0 0.888188481 0.279874235 -0.364406049 0 -0.258667231 0.960036516 0.106869772 0 0.261116445 0.845498085 -0.23912169 1
Early 432 450.0 arm_L_2 0.18253459 -0.000200361013 0.983199596 0 0.616052508 0.779380918 -0.11421366 0 -0.766263783 0.626550376 0.142387241 0 0.370758414 0.880356729 -0.284370422 1
Early 432 450.0 hand_L 0.78025949 -0.000606179237 -0.625455379 0 -0.554414868 0.462215781 -0.692084551 0 0.289515018 0.886767328 0.360312223 0 0.422421724 1.0364455 -0.294230014 1
Early 432 450.0 foot_R 2.17216647e-10 4.37108483e-08 1 0 0.999987602 -0.00496933796 0 0 0.00496933749 0.999987662 -4.37113883e-08 0 0.0803468525 0.0723653883 0.487113386 1
Early 432 450.0 foot_L 3.42285418e-08 4.37113918e-08 1 0 0.99999994 -7.48088699e-16 -3.42285453e-08 0 -7.48088541e-16 1 -4.37113918e-08 0 0.0799999833 0.0688500032 -0.340000004 1
Early 432 450.5 root 1 0 0 0 0 1 0 0 0 0 1 0 0 0 0 1
Early 432 450.5 pelvis 0.789172947 1.23387167e-07 0.614171028 0 -7.59348069e-08 1 -1.03328652e-07 0 -0.614171028 3.49072167e-08 0.789172947 0 0.0543181896 0.531498194 0.114431694 1
Early 432 450.5 chest 0.98695147 0.0143518187 0.160377204 0 -0.0141624082 0.999897003 -0.00232409779 0 -0.160394013 2.24442811e-05 0.987053096 0 0.0543181784 0.931496739 0.114431694 1
Early 432 450.5 head 0.999257147 5.35722393e-07 0.0385394022 0 -6.69699602e-07 1 3.44829277e-06 0 -0.0385393724 -3.47136665e-06 0.999257147 0 0.0489573032 1.31045735 0.113525636 1
Early 432 450.5 arm_R_0 0.562378585 -0.000557456631 0.82687968 0 0.82379967 -0.0858565643 -0.560341656 0 0.071305424 0.996307313 -0.0478246324 0 0.0100537306 0.931496978 0.385327071 1
Early 432 450.5 arm_R_1 0.730757236 -0.000909332186 0.682636797 0 0.682351589 0.0299035106 -0.730412066 0 -0.0197490584 0.999552369 0.0224727318 0 0.237344638 0.817679763 0.230246693 1
Early 432 450.5 arm_R_2 0.881285906 -0.00102892518 0.472582191 0 0.466574997 0.160846829 -0.869733214 0 -0.0751184672 0.986978889 0.142232165 0 0.406870753 0.824966073 0.0485059619 1
Early 432 450.5 hand_R 0.786399961 -0.000451564789 -0.617717445 0 -0.554994226 0.438540161 -0.706869125 0 0.271213084 0.898711562 0.344617218 0 0.518622339 0.953364134 -0.159901366 1
Early 432 450.5 bat_grip 0.78640002 -0.000451571948 -0.617717385 0 -0.554994166 0.438540071 -0.706869245 0 0.271213025 0.898711622 0.344617158 0 0.518622339 0.953364134 -0.159901366 1
Early 432 450.5 bat_barrel 0.786400139 -0.000451492058 -0.617717266 0 -0.554993868 0.438540697 -0.706869006 0 0.271213353 0.898711324 0.344617754 0 0.0413273275 1.33050859 -0.767808914 1
Early 432 450.5 bat_tip 0.78640002 -0.000451652304 -0.617717445 0 -0.554994166 0.438540071 -0.706869245 0 0.271213084 0.898711622 0.344617099 0 -0.147370696 1.47961235 -1.00814462 1
Early 432 450.5 arm_L_0 0.416622341 -0.000729911029 0.909079432 0 0.909072816 0.00421079993 -0.416616023 0 -0.00352375209 0.999990821 0.00241774321 0 0.0985826403 0.931497931 -0.156463981 1
Early 432 450.5 arm_L_1 0.351159513 -0.00165703893 0.936314285 0 0.903437197 0.263270915 -0.33836329 0 -0.245943442 0.964720547 0.093947053 0 0.265003592 0.842462599 -0.233145297 1
Early 432 450.5 arm_L_2 0.10729745 -0.00423687696 0.994218051 0 0.632731497 0.771638751 -0.0649969131 0 -0.766901612 0.636046946 0.0854756236 0 0.373687029 0.874521255 -0.274243712 1
Early 432 450.5 hand_L 0.78640312 0.000426083803 -0.617713332 0 -0.555156946 0.438992143 -0.706460714 0 0.270870507 0.898490727 0.345461369 0 0.424509466 1.02781594 -0.279788166 1
Early 432 450.5 foot_R 1.81559517e-10 4.37110117e-08 1 0 0.999991298 -0.00415359763 -1.38777878e-17 0 0.00415359717 0.999991357 -4.37113883e-08 0 0.0802893788 0.071789667 0.487591445 1
Early 432 450.5 foot_L -0.000330547249 -2.49811308e-07 0.99999994 0 0.999999881 -0.00014828908 0.00033054722 0 0.000148288964 1 2.98827842e-07 0 0.0800102204 0.0689069405 -0.340126932 1
Early 432 451.0 root 1 0 0 0 0 1 0 0 0 0 1 0 0 0 0 1
Early 432 451.0 pelvis 0.781244338 8.47224584e-08 0.624225318 0 -7.4378157e-08 1 -4.26367563e-08 0 -0.624225318 -1.31190081e-08 0.781244338 0 0.0551776178 0.531246126 0.115720712 1
Early 432 451.0 chest 0.98443532 0.0150485225 0.175101727 0 -0.0148123689 0.999886751 -0.00265559694 0 -0.175121844 2.05913348e-05 0.984546781 0 0.0551776066 0.931244731 0.115720712 1
Early 432 451.0 head 0.999225914 3.1130412e-08 0.0393389314 0 -6.25004759e-09 0.99999994 -6.83228791e-07 0 -0.0393389165 6.82031896e-07 0.999225974 0 0.0495705791 1.31020141 0.114691712 1
Early 432 451.0 arm_R_0 0.546295047 -0.000590672949 0.837592483 0 0.834049165 -0.091504775 -0.544048548 0 0.0769650862 0.995804369 -0.0494959317 0 0.00689424574 0.931244731 0.385993272 1
Early 432 451.0 arm_R_1 0.71713239 -0.000904463232 0.696936309 0 0.696745872 0.0243427828 -0.716904759 0 -0.0163169522 0.999703169 0.0180872157 0 0.235757098 0.816029966 0.236236215 1
Early 432 451.0 arm_R_2 0.872967303 -0.000958826393 0.487777621 0 0.481825948 0.157445818 -0.862006068 0 -0.0759720504 0.987527013 0.137907103 0 0.406842202 0.821926057 0.0598122925 1
Early 432 451.0 hand_R 0.792405963 -0.000510424376 -0.609993815 0 -0.554936767 0.414571822 -0.721231818 0 0.253254414 0.910016298 0.32822603 0 0.520149827 0.94893235 -0.143278375 1
Early 432 451.0 bat_grip 0.792406023 -0.000510429789 -0.609993756 0 -0.554936707 0.414571732 -0.721231937 0 0.253254354 0.910016358 0.32822597 0 0.520149827 0.94893235 -0.143278375 1
Early 432 451.0 bat_barrel 0.792406142 -0.000510347018 -0.609993637 0 -0.554936409 0.414572388 -0.721231699 0 0.253254682 0.91001606 0.328226566 0 0.042904228 1.30546403 -0.763537824 1
Early 432 451.0 bat_tip 0.792406023 -0.000510511163 -0.609993756 0 -0.554936707 0.414571732 -0.721231937 0 0.253254414 0.910016358 0.328225911 0 -0.145774245 1.44641864 -1.00875676 1
Early 432 451.0 arm_L_0 0.399980307 -0.00103662908 0.916523218 0 0.916464746 -0.0108994544 -0.399967223 0 0.0104043186 0.999940097 -0.003409639 0 0.103460968 0.931245923 -0.154552057 1
Early 432 451.0 arm_L_1 0.322193503 -0.00220248103 0.946671426 0 0.917614341 0.246593177 -0.311730504 0 -0.232755974 0.969116628 0.0814716667 0 0.268752843 0.839488328 -0.227152258 1
Early 432 451.0 arm_L_2 0.0312765241 -0.00651735067 0.999489665 0 0.64519763 0.763864338 -0.0152089745 0 -0.763375223 0.645344019 0.0280958712 0 0.376266748 0.868841588 -0.264196008 1
Early 432 451.0 hand_L 0.792405963 -0.000510364771 -0.609993935 0 -0.554936826 0.414572001 -0.721231997 0 0.253254592 0.910016418 0.328226 0 0.425810754 1.01940966 -0.265887827 1
Early 432 451.0 foot_R 1.45902235e-10 4.37111431e-08 1 0 0.999994397 -0.00333785429 0 0 0.00333785405 0.999994457 -4.37113918e-08 0 0.080231905 0.0712139457 0.488069534 1
Early 432 451.0 foot_L -0.000661128724 -4.9431236e-07 0.999999762 0 0.999999702 -0.000296578248 0.000661128608 0 0.000296577811 0.99999994 6.90388674e-07 0 0.0800204575 0.0689638853 -0.34025383 1
Early 432 451.5 root 1 0 0 0 0 1 0 0 0 0 1 0 0 0 0 1
Early 432 451.5 pelvis 0.773323774 6.74388829e-08 0.634011328 0 -5.16233705e-08 1 -4.34019114e-08 0 -0.634011328 8.33933533e-10 0.773323774 0 0.0559720993 0.531031609 0.116852187 1
Early 432 451.5 chest 0.981636524 0.0157760587 0.190107733 0 -0.0154824071 0.999875546 -0.00302985171 0 -0.190131783 3.08865783e-05 0.981758595 0 0.055972077 0.931030512 0.116852187 1
Early 432 451.5 head 0.999194145 7.47288141e-07 0.0401387066 0 -8.82478162e-07 1 3.39524195e-06 0 -0.0401386172 -3.42856583e-06 0.999194145 0 0.0501127914 1.30998278 0.1156803 1
Early 432 451.5 arm_R_0 0.525451422 -0.000737740309 0.850823343 0 0.846656203 -0.0984011292 -0.522963047 0 0.0841077864 0.995146573 -0.0510803312 0 0.00359803392 0.93103081 0.386361569 1
Early 432 451.5 arm_R_1 0.699178517 -0.00101407617 0.714946568 0 0.71484977 0.0174892731 -0.699059129 0 -0.0117949974 0.999846518 0.0129530765 0 0.234149098 0.814153552 0.243438661 1
Early 432 451.5 arm_R_2 0.861882806 -0.000941030681 0.507106602 0 0.501224875 0.153453469 -0.851601779 0 -0.077015847 0.988155425 0.132730633 0 0.406944722 0.818376541 0.0738614947 1
Early 432 451.5 hand_R 0.798058271 -0.000540047884 -0.602579951 0 -0.555210173 0.387984335 -0.735669732 0 0.234188944 0.921665847 0.309334427 0 0.521968663 0.943714678 -0.122381613 1
Early 432 451.5 bat_grip 0.798058331 -0.000540051376 -0.602579892 0 -0.555210114 0.387984246 -0.735669792 0 0.23418887 0.921665907 0.309334368 0 0.521968663 0.943714678 -0.122381613 1
Early 432 451.5 bat_barrel 0.798058391 -0.000539965578 -0.602579772 0 -0.555209816 0.387984902 -0.735669553 0 0.234189183 0.921665609 0.309334993 0 0.0444879234 1.27738118 -0.755057633 1
Early 432 451.5 bat_tip 0.798058331 -0.000540133798 -0.602579892 0 -0.555210114 0.387984246 -0.735669792 0 0.234188944 0.921665907 0.309334308 0 -0.144283593 1.40929592 -1.00518548 1
Early 432 451.5 arm_L_0 0.374863267 -0.00161703676 0.927078843 0 0.926650763 -0.0297808945 -0.37474221 0 0.028215304 0.999555171 -0.00966542959 0 0.108346127 0.931031287 -0.15265736 1
Early 432 451.5 arm_L_1 0.277610004 -0.00371135771 0.960686862 0 0.936529338 0.223920673 -0.269764185 0 -0.214116275 0.974600375 0.0656383485 0 0.272648811 0.836053312 -0.219688028 1
Early 432 451.5 arm_L_2 -0.0824661255 -0.0116373897 0.996526062 0 0.664404154 0.744655848 0.0636778623 0 -0.742809892 0.667347133 -0.0536771119 0 0.379249573 0.862158 -0.251111984 1
Early 432 451.5 hand_L 0.798092604 0.000853657722 -0.602534294 0 -0.555404425 0.38875556 -0.735116005 0 0.233611286 0.921340466 0.310736984 0 0.428004503 1.00948882 -0.246922627 1
Early 432 451.5 foot_R 1.17836976e-10 4.37112284e-08 1 0 0.999996305 -0.00269579608 0 0 0.00269579585 0.999996364 -4.37113883e-08 0 0.0801870525 0.0707600191 0.488443255 1
Early 432 451.5 foot_L -0.00145570317 -8.81255858e-07 0.999998927 0 0.999998689 -0.000652848103 0.00145570235 0 0.000652846065 0.999999762 1.83160773e-06 0 0.0800455064 0.069100678 -0.340558857 1
Early 432 452.0 root 1 0 0 0 0 1 0 0 0 0 1 0 0 0 0 1
Early 432 452.0 pelvis 0.765280724 5.03323072e-08 0.643696666 0 -2.88607325e-08 1 -4.38805223e-08 0 -0.643696666 1.50033586e-08 0.765280724 0 0.0567665771 0.530817091 0.117983662 1
Early 432 452.0 chest 0.978608429 0.0165036097 0.205068707 0 -0.0161447227 0.999863803 -0.00342324097 0 -0.205097258 3.9234732e-05 0.978741586 0 0.0567665473 0.930816174 0.117983654 1
Early 432 452.0 head 0.999161661 5.8571004e-08 0.0409381688 0 -1.80561983e-08 1 -9.27575456e-07 0 -0.040938139 9.26014764e-07 0.999161661 0 0.0506579615 1.30976379 0.116661675 1
Early 432 452.0 arm_R_0 0.504283905 -0.000825939234 0.863537431 0 0.858694196 -0.105287768 -0.501556158 0 0.0913341939 0.994441509 -0.0523856431 0 0.000313907251 0.930816174 0.386667907 1
Early 432 452.0 arm_R_1 0.68077755 -0.00105516613 0.732489467 0 0.732456028 0.0106256809 -0.680731118 0 -0.00706490502 0.999943018 0.00800662115 0 0.232352257 0.812303364 0.250581712 1
Early 432 452.0 arm_R_2 0.850378513 -0.000893119723 0.526170433 0 0.520375788 0.14943777 -0.840759814 0 -0.077878803 0.988770783 0.127543449 0 0.406612873 0.814901292 0.0878286958 1
Early 432 452.0 hand_R 0.803571582 -0.00097566843 -0.595207036 0 -0.554767251 0.36108464 -0.749567151 0 0.215651482 0.932532668 0.289615989 0 0.523095965 0.938609898 -0.101591066 1
Early 432 452.0 bat_grip 0.803571641 -0.000975670002 -0.595206976 0 -0.554767191 0.361084551 -0.749567211 0 0.215651408 0.932532728 0.289615929 0 0.523095965 0.938609898 -0.101591066 1
Early 432 452.0 bat_barrel 0.803571701 -0.000975581235 -0.595206857 0 -0.554766893 0.361085206 -0.749566972 0 0.215651721 0.93253243 0.289616555 0 0.0459961295 1.24914265 -0.74621886 1
Early 432 452.0 bat_tip 0.803571641 -0.000975753355 -0.595206976 0 -0.554767191 0.361084551 -0.749567211 0 0.215651482 0.932532728 0.28961587 0 -0.142624795 1.37191153 -1.00107181 1
Early 432 452.0 arm_L_0 0.349452972 -0.00197996944 0.936951816 0 0.935810447 -0.0486513376 -0.349130154 0 0.0462753624 0.998813808 -0.0151486248 0 0.113219187 0.930817127 -0.150700793 1
Early 432 452.0 arm_L_1 0.232340395 -0.00418178737 0.972625613 0 0.952947378 0.20115827 -0.226774797 0 -0.194703162 0.979549885 0.0507221073 0 0.27630806 0.832702458 -0.212231338 1
Early 432 452.0 arm_L_2 -0.195544541 -0.0123705566 0.980616808 0 0.673307776 0.725320041 0.143414006 0 -0.713034987 0.688300729 -0.133503318 0 0.381619126 0.855698466 -0.238205656 1
Early 432 452.0 hand_L 0.803571701 -0.00097578764 -0.595207155 0 -0.554767311 0.36108464 -0.749567389 0 0.21565178 0.932532609 0.28961587 0 0.42878592 0.999994218 -0.229017407 1
Early 432 452.0 foot_R 8.97716623e-11 4.37112959e-08 1 0 0.999997854 -0.00205373624 -6.9388939e-18 0 0.00205373601 0.999997914 -4.37113883e-08 0 0.0801422 0.0703060925 0.488817006 1
Early 432 452.0 foot_L -0.00225027604 -9.85116003e-07 0.999997497 0 0.999996901 -0.00100911781 0.00225027418 0 0.00100911292 0.999999464 3.2559069e-06 0 0.0800705552 0.0692374706 -0.340863883 1
Early 432 452.5 root 1 0 0 0 0 1 0 0 0 0 1 0 0 0 0 1
Early 432 452.5 pelvis 0.757310212 4.9377693e-08 0.65305537 0 9.86990933e-09 1 -8.70558452e-08 0 -0.65305537 7.23738793e-08 0.757310212 0 0.0575225912 0.53064388 0.11896874 1
Early 432 452.5 chest 0.975398183 0.0172249265 0.21977675 0 -0.0167974979 0.999851644 -0.00381352287 0 -0.21980983 2.80028689e-05 0.975542784 0 0.0575225912 0.930643201 0.118968733 1
Early 432 452.5 head 0.999128938 7.08382686e-07 0.0417309552 0 -8.50705874e-07 1 3.38722384e-06 0 -0.0417309254 -3.42053318e-06 0.999128878 0 0.0511639491 1.30958629 0.117505036 1
Early 432 452.5 arm_R_0 0.482887596 -0.000628198497 0.875682116 0 0.870129943 -0.112089269 -0.479906231 0 0.09845604 0.993698001 -0.0535798445 0 -0.0029669737 0.930643439 0.386888832 1
Early 432 452.5 arm_R_1 0.662031353 -0.000822104514 0.749475777 0 0.749472439 0.00388263119 -0.662024081 0 -0.00236569718 0.999992192 0.00318663195 0 0.230743662 0.810489416 0.257611871 1
Early 432 452.5 arm_R_2 0.838531077 -0.000709872693 0.544853389 0 0.539138138 0.145547524 -0.829545617 0 -0.0787131935 0.989351094 0.122428879 0 0.406698376 0.81143558 0.101680249 1
Early 432 452.5 hand_R 0.809041977 -0.000475525856 -0.587750733 0 -0.553848445 0.334101349 -0.762645721 0 0.196731061 0.942537189 0.270038694 0 0.524881244 0.933496475 -0.0809163153 1
Early 432 452.5 bat_grip 0.809042037 -0.000475525536 -0.587750673 0 -0.553848386 0.33410126 -0.762645781 0 0.196730986 0.942537248 0.270038635 0 0.524881244 0.933496475 -0.0809163153 1
Early 432 452.5 bat_barrel 0.809042096 -0.000475433917 -0.587750554 0 -0.553848147 0.334101945 -0.762645602 0 0.196731299 0.94253701 0.27003926 0 0.0485715866 1.22082353 -0.73679173 1
Early 432 452.5 bat_tip 0.809042037 -0.000475609791 -0.587750673 0 -0.553848386 0.33410126 -0.762645781 0 0.196731061 0.942537248 0.270038575 0 -0.13973695 1.33441818 -0.996091366 1
Early 432 452.5 arm_L_0 0.323829561 -0.00149478018 0.946114361 0 0.943936467 -0.0673199892 -0.32319057 0 0.0641756356 0.997730255 -0.0203893483 0 0.11801216 0.930643737 -0.148951471 1
Early 432 452.5 arm_L_1 0.18674849 -0.00343838334 0.982402027 0 0.966753066 0.178451702 -0.183149174 0 -0.174681365 0.983942628 0.0366495103 0 0.28013283 0.829346418 -0.204932734 1
Early 432 452.5 arm_L_2 -0.305267572 -0.0106251538 0.952207506 0 0.67317301 0.70484519 0.223677099 0 -0.673535347 0.709281445 -0.208014131 0 0.384552538 0.849135041 -0.225318432 1
Early 432 452.5 hand_L 0.809077024 0.000882863998 -0.587702274 0 -0.554003716 0.334900916 -0.762182355 0 0.196149498 0.942252755 0.271449625 0 0.431190312 0.990147471 -0.21016334 1
Early 432 452.5 foot_R 6.90066546e-11 4.3711335e-08 1 0 0.999998689 -0.00157868827 -6.9388939e-18 0 0.00157868816 0.999998748 -4.37113883e-08 0 0.0801092088 0.0699696466 0.489091873 1
Early 432 452.5 foot_L -0.00303901685 -8.07970878e-07 0.99999541 0 0.999994397 -0.00136238476 0.00303901313 0 0.00136237592 0.999999046 4.94827691e-06 0 0.0800959915 0.0693730861 -0.341166615 1
Early 432 453.0 root 1 0 0 0 0 1 0 0 0 0 1 0 0 0 0 1
Early 432 453.0 pelvis 0.749225318 4.91283636e-08 0.66231519 0 4.912836e-08 1 -1.29751783e-07 0 -0.66231519 1.29751783e-07 0.749225318 0 0.0582786053 0.530470669 0.119953819 1
Early 432 453.0 chest 0.971966267 0.0179461949 0.234434396 0 -0.0174424406 0.999838948 -0.00422225008 0 -0.234472454 1.47767269e-05 0.972122788 0 0.0582786314 0.930470169 0.119953811 1
Early 432 453.0 head 0.99909544 1.02647846e-08 0.0425236076 0 6.06542017e-09 0.99999994 -4.18068339e-07 0 -0.0425236523 4.18232958e-07 0.99909544 0 0.0516727231 1.30940866 0.118341312 1
Early 432 453.0 arm_R_0 0.461197376 -0.000371914357 0.887297392 0 0.88098532 -0.11887759 -0.457966268 0 0.105650112 0.992908835 -0.0544983372 0 -0.00623761816 0.930470169 0.387049049 1
Early 432 453.0 arm_R_1 0.642868102 -0.000520914793 0.765976667 0 0.765972733 -0.00286622811 -0.642866611 0 0.0025303252 0.999995768 -0.00144356117 0 0.228947595 0.808697701 0.264591992 1
Early 432 453.0 arm_R_2 0.826281488 -0.000495899469 0.563257098 0 0.557637036 0.141635835 -0.817912102 0 -0.07937181 0.989918768 0.117307633 0 0.406354964 0.80803597 0.115468167 1
Early 432 453.0 hand_R 0.814369023 -0.000375121832 -0.580347419 0 -0.552256703 0.306848347 -0.775149345 0 0.178369358 0.951758504 0.249680579 0 0.525984764 0.928485334 -0.0603224039 1
Early 432 453.0 bat_grip 0.814369082 -0.00037511962 -0.580347359 0 -0.552256644 0.306848258 -0.775149405 0 0.178369284 0.951758504 0.249680519 0 0.525984764 0.928485334 -0.0603224002 1
Early 432 453.0 bat_barrel 0.814369142 -0.000375025236 -0.5803473 0 -0.552256405 0.306848943 -0.775149226 0 0.178369597 0.951758265 0.24968116 0 0.0510440171 1.19237483 -0.726950884 1
Early 432 453.0 bat_tip 0.814369082 -0.00037520472 -0.580347359 0 -0.552256644 0.306848258 -0.775149405 0 0.178369358 0.951758504 0.249680474 0 -0.13672334 1.29670346 -0.990501761 1
Early 432 453.0 arm_L_0 0.297970027 -0.00079163909 0.954574943 0 0.951022387 -0.0859525502 -0.296932518 0 0.0822833627 0.996298909 -0.0248585343 0 0.122794881 0.930470824 -0.147141457 1
Early 432 453.0 arm_L_1 0.140721381 -0.00167529285 0.990047932 0 0.977999568 0.155778661 -0.138745457 0 -0.153995693 0.987790644 0.0235597491 0 0.283721715 0.826063275 -0.197631553 1
Early 432 453.0 arm_L_2 -0.411271185 -0.00482884049 0.911500454 0 0.662713885 0.684992909 0.302646756 0 -0.625832617 0.728533804 -0.278517812 0 0.38687098 0.842766762 -0.212565601 1
Early 432 453.0 hand_L 0.814369082 -0.000374883413 -0.580347538 0 -0.552256882 0.306848198 -0.775149465 0 0.178369224 0.951758444 0.249680355 0 0.43210113 0.98064971 -0.192097396 1
Early 432 453.0 foot_R 4.82416086e-11 4.37113634e-08 1 0 0.999999344 -0.00110363937 -3.46944695e-18 0 0.00110363925 0.999999404 -4.37113883e-08 0 0.0800762177 0.0696332082 0.48936677 1
Early 432 453.0 foot_L -0.00382775511 -3.52188977e-07 0.999992669 0 0.999991119 -0.00171565113 0.00382774905 0 0.00171563704 0.99999851 6.9192788e-06 0 0.0801214278 0.069508709 -0.341469377 1
Early 432 453.5 root 1 0 0 0 0 1 0 0 0 0 1 0 0 0 0 1
Early 432 453.5 pelvis 0.740662754 3.89185324e-08 0.671877027 0 -4.01736117e-10 1 -5.74822252e-08 0 -0.671877027 4.23050288e-08 0.740662754 0 0.0589570701 0.53034234 0.120756567 1
Early 432 453.5 chest 0.968195438 0.0187079664 0.249495119 0 -0.0181097649 0.999825001 -0.00469309231 0 -0.249539167 2.5533167e-05 0.968364716 0 0.0589570776 0.930341959 0.120756559 1
Early 432 453.5 head 0.999061108 1.03683078e-06 0.0433256328 0 -1.20397726e-06 1 3.80476376e-06 0 -0.0433255285 -3.85270323e-06 0.999061048 0 0.0521006957 1.30927515 0.118964404 1
Early 432 453.5 arm_R_0 0.438318014 -0.000494541833 0.898819864 0 0.891690433 -0.12546432 -0.434910089 0 0.112984896 0.992097974 -0.0545522198 0 -0.00967039447 0.930342257 0.386808872 1
Early 432 453.5 arm_R_1 0.621408105 -0.000674240291 0.783487022 0 0.783443511 -0.010013435 -0.621382117 0 0.00826432556 0.999949574 -0.00569415465 0 0.22703661 0.806992292 0.271137208 1
Early 432 453.5 arm_R_2 0.811499834 -0.000560510904 0.584352672 0 0.578901768 0.137041077 -0.803798676 0 -0.0796297938 0.990565121 0.111533314 0 0.405991554 0.804741383 0.128815308 1
Early 432 453.5 hand_R 0.817674875 -6.07967377e-05 -0.575680196 0 -0.551861167 0.284591854 -0.7838732 0 0.16388166 0.958648801 0.232670009 0 0.527185619 0.9236027 -0.0401660576 1
Early 432 453.5 bat_grip 0.817674935 -6.07929796e-05 -0.575680137 0 -0.551861107 0.284591764 -0.78387326 0 0.163881585 0.958648801 0.23266995 0 0.527185619 0.9236027 -0.0401660539 1
Early 432 453.5 bat_barrel 0.817674994 -6.06963695e-05 -0.575680077 0 -0.551860869 0.28459245 -0.783873081 0 0.163881898 0.958648562 0.232670605 0 0.0525850356 1.16835165 -0.714297116 1
Early 432 453.5 bat_tip 0.817674935 -6.08786904e-05 -0.575680137 0 -0.551861107 0.284591764 -0.78387326 0 0.16388166 0.958648801 0.232669905 0 -0.135047853 1.265113 -0.98081404 1
Early 432 453.5 arm_L_0 0.268136114 -0.00143745542 0.963380039 0 0.95806551 -0.104506731 -0.266812801 0 0.101063401 0.994523108 -0.0266449302 0 0.127584547 0.930342138 -0.145295769 1
Early 432 453.5 arm_L_1 0.0872195959 -0.00364767015 0.996182501 0 0.987648129 0.1309838 -0.0859926641 0 -0.130169868 0.991377831 0.015026927 0 0.287347972 0.823071659 -0.190151915 1
Early 432 453.5 arm_L_2 -0.49542892 -0.0113241374 0.868574619 0 0.656428337 0.649994254 0.382896394 0 -0.5689044 0.759854794 -0.31459257 0 0.389410973 0.836891413 -0.199408457 1
Early 432 453.5 hand_L 0.817510009 0.000219881535 -0.575914502 0 -0.552047372 0.285198063 -0.783521712 0 0.164077848 0.958468676 0.233273566 0 0.433711648 0.971841693 -0.173069045 1
Early 432 453.5 foot_R 3.42922912e-11 4.37113741e-08 1 0 0.999999642 -0.000784516218 0 0 0.00078451616 0.999999702 -4.37113883e-08 0 0.080054149 0.0694068745 0.489550352 1
Early 432 453.5 foot_L -0.00565896463 -4.20483093e-06 0.999983966 0 0.999980688 -0.00253698858 0.00565893622 0 0.00253692386 0.999996781 1.8561479e-05 0 0.080182761 0.0698239654 -0.342171669 1
Early 432 454.0 root 1 0 0 0 0 1 0 0 0 0 1 0 0 0 0 1
Early 432 454.0 pelvis 0.731978238 2.75871557e-08 0.681328058 0 -5.08553306e-08 1 1.41456686e-08 0 -0.681328058 -4.50034854e-08 0.731978238 0 0.0596355386 0.530214071 0.121559322 1
Early 432 454.0 chest 0.964190602 0.0194697566 0.264494866 0 -0.0187670551 0.999810457 -0.00518365111 0 -0.264545649 3.423827e-05 0.964373112 0 0.0596355312 0.930213749 0.121559322 1
Early 432 454.0 head 0.999025941 4.13738235e-08 0.0441273302 0 -4.19640855e-09 1 -8.22277798e-07 0 -0.0441273302 8.21833964e-07 0.999025881 0 0.0525325201 1.3091414 0.119580112 1
Early 432 454.0 arm_R_0 0.415147454 -0.000557555351 0.909753799 0 0.901758134 -0.132040113 -0.41157946 0 0.12035352 0.991244197 -0.0543132871 0 -0.0130863115 0.930213809 0.386505455 1
Early 432 454.0 arm_R_1 0.599476218 -0.000739902258 0.800392151 0 0.800266802 -0.0171709843 -0.599397898 0 0.0141870379 0.99985224 -0.00970143825 0 0.224945799 0.805304825 0.2776272 1
Early 432 454.0 arm_R_2 0.796189249 -0.00056610629 0.605047226 0 0.599779367 0.132413357 -0.789133072 0 -0.0796695948 0.991194367 0.105765656 0 0.405200094 0.801506639 0.142082363 1
Early 432 454.0 hand_R 0.820885241 -0.000253587961 -0.571093082 0 -0.551057696 0.262201965 -0.79220283 0 0.149942666 0.965013027 0.215097874 0 0.527676821 0.918819785 -0.0201293677 1
Early 432 454.0 bat_grip 0.820885301 -0.000253582664 -0.571093023 0 -0.551057637 0.262201875 -0.79220289 0 0.149942592 0.965013027 0.215097815 0 0.527676821 0.918819785 -0.0201293677 1
Early 432 454.0 bat_barrel 0.82088536 -0.000253483886 -0.571092963 0 -0.551057398 0.262202561 -0.792202711 0 0.149942905 0.965012848 0.21509847 0 0.0537672043 1.14431334 -0.701423883 1
Early 432 454.0 bat_tip 0.820885301 -0.000253668957 -0.571093023 0 -0.551057637 0.262201875 -0.79220289 0 0.149942666 0.965013027 0.21509777 0 -0.133592486 1.23346221 -0.970772922 1
Early 432 454.0 arm_L_0 0.238026872 -0.00180467963 0.971256912 0 0.96382755 -0.123025417 -0.236434788 0 0.119916126 0.992401898 -0.0275440812 0 0.132357359 0.930214047 -0.143386841 1
Early 432 454.0 arm_L_1 0.0333277285 -0.00435617566 0.999435127 0 0.993808568 0.106192559 -0.0326773077 0 -0.105989985 0.994336128 0.00786828995 0 0.290725648 0.820145547 -0.182690546 1
Early 432 454.0 arm_L_2 -0.575995922 -0.0140520334 0.817331851 0 0.639876783 0.614469767 0.46150279 0 -0.508710504 0.78881526 -0.344940692 0 0.391316265 0.831188023 -0.186438382 1
Early 432 454.0 hand_L 0.820885062 -0.00025331974 -0.5710935 0 -0.551057935 0.262202114 -0.79220289 0 0.149942935 0.965012908 0.215098083 0 0.433997035 0.963394284 -0.154803708 1
Early 432 454.0 foot_R 2.03429738e-11 4.37113847e-08 1 0 0.999999821 -0.000465393066 1.73472348e-18 0 0.000465393037 0.999999881 -4.37113883e-08 0 0.0800320804 0.0691805407 0.489733964 1
Early 432 454.0 foot_L -0.00749015762 -6.553405e-06 0.999971926 0 0.999966264 -0.00335832988 0.00749009382 0 0.00335818622 0.999994338 3.17076046e-05 0 0.0802440941 0.0701392218 -0.342873991 1
Early 432 454.5 root 1 0 0 0 0 1 0 0 0 0 1 0 0 0 0 1
Early 432 454.5 pelvis 0.723082364 2.45977407e-08 0.690761805 0 -5.36446798e-08 1 2.05451176e-08 0 -0.690761805 -5.19115062e-08 0.723082364 0 0.060260348 0.530134439 0.122184455 1
Early 432 454.5 chest 0.959894478 0.0202527326 0.279628932 0 -0.0194335021 0.9997949 -0.00570207741 0 -0.279687077 3.9223356e-05 0.960091233 0 0.0602603443 0.930134177 0.122184455 1
Early 432 454.5 head 0.99898982 1.18434673e-06 0.0449367315 0 -1.34710081e-06 1 3.57235695e-06 0 -0.0449367762 -3.627556e-06 0.99898982 0 0.0529054403 1.30905592 0.120008931 1
Early 432 454.5 arm_R_0 0.391102165 -0.000617154175 0.920347035 0 0.911436379 -0.138558 -0.387408525 0 0.12776053 0.990354121 -0.0536278002 0 -0.016609367 0.930134475 0.385961115 1
Early 432 454.5 arm_R_1 0.576090157 -0.000801451504 0.817385793 0 0.817129374 -0.0244982764 -0.575933456 0 0.0204861127 0.999699533 -0.0134582892 0 0.222889602 0.803671896 0.283918768 1
Early 432 454.5 arm_R_2 0.779297233 -0.000573679805 0.626654267 0 0.621593356 0.127544403 -0.772886813 0 -0.0794828609 0.991832733 0.099751614 0 0.404638022 0.798308015 0.155227661 1
Early 432 454.5 hand_R 0.823329568 -1.35600567e-05 -0.567563534 0 -0.550728142 0.241736084 -0.79891324 0 0.137211502 0.97034204 0.199020982 0 0.528629839 0.914054811 -0.000119790435 1
Early 432 454.5 bat_grip 0.823329628 -1.35533774e-05 -0.567563474 0 -0.550728083 0.241735995 -0.7989133 0 0.137211427 0.97034204 0.199020922 0 0.528629839 0.914054811 -0.000119789933 1
Early 432 454.5 bat_barrel 0.823329687 -1.34527127e-05 -0.567563415 0 -0.550727844 0.24173671 -0.798913181 0 0.13721174 0.970341861 0.199021578 0 0.055003643 1.12194777 -0.687185228 1
Early 432 454.5 bat_tip 0.823329628 -1.36401322e-05 -0.567563474 0 -0.550728083 0.241735995 -0.7989133 0 0.137211502 0.97034204 0.199020877 0 -0.132243991 1.20413816 -0.958815813 1
Early 432 454.5 arm_L_0 0.205772609 -0.00214096904 0.978597522 0 0.968676329 -0.141603917 -0.20399642 0 0.139010116 0.989921093 -0.0270644277 0 0.137130082 0.930134058 -0.141592234 1
Early 432 454.5 arm_L_1 -0.0241443608 -0.00548817217 0.999693573 0 0.996485949 0.0800955221 0.024506446 0 -0.0802052766 0.99677211 0.00353492796 0 0.294259071 0.817328393 -0.175177887 1
Early 432 454.5 arm_L_2 -0.645767331 -0.0172038674 0.763340712 0 0.621257007 0.569354892 0.538399994 0 -0.443874091 0.821911812 -0.356982946 0 0.393690169 0.825618088 -0.173172966 1
Early 432 454.5 hand_L 0.823079467 -0.000247061253 -0.567926526 0 -0.550951719 0.242312878 -0.798584282 0 0.1378133 0.970198154 0.199306443 0 0.435335577 0.955030501 -0.135660455 1
Early 432 454.5 foot_R 1.25632456e-11 4.37113847e-08 1 0 0.999999881 -0.000287413597 8.67361738e-19 0 0.000287413568 0.99999994 -4.37113883e-08 0 0.0800198019 0.0690541789 0.489835769 1
Early 432 454.5 foot_L -0.00976848695 -8.43463204e-06 0.999952316 0 0.99994266 -0.00437817629 0.00976835657 0 0.00437788479 0.999990404 5.12023034e-05 0 0.0803245604 0.0705305338 -0.343747437 1
Early 432 455.0 root 1 0 0 0 0 1 0 0 0 0 1 0 0 0 0 1
Early 432 455.0 pelvis 0.714064956 2.15190052e-08 0.700079501 0 -5.65167753e-08 1 2.69078662e-08 0 -0.700079501 -5.87801985e-08 0.714064956 0 0.0608851574 0.530054748 0.122809596 1
Early 432 455.0 chest 0.955360413 0.0210357029 0.294693232 0 -0.0200887322 0.999778748 -0.00624063332 0 -0.294759333 4.20399192e-05 0.955571532 0 0.0608851612 0.930054545 0.122809596 1
Early 432 455.0 head 0.998953223 3.32802301e-08 0.0457463413 0 1.7847924e-08 1 -1.16143929e-06 0 -0.0457463712 1.15952935e-06 0.998953104 0 0.0532826148 1.30896986 0.120430134 1
Early 432 455.0 arm_R_0 0.366783738 -0.000615474302 0.930306017 0 0.920433104 -0.145063579 -0.362987131 0 0.135176972 0.989422143 -0.0526404269 0 -0.0201136451 0.930054545 0.385351866 1
Early 432 455.0 arm_R_1 0.55222857 -0.000765621662 0.833692491 0 0.833256721 -0.0318346433 -0.551969111 0 0.0269629136 0.999492884 -0.016942028 0 0.220653713 0.802053213 0.290158004 1
Early 432 455.0 arm_R_2 0.761830211 -0.000508330762 0.647776604 0 0.642934382 0.122638732 -0.756039262 0 -0.0790581629 0.992451251 0.0937567204 0 0.403643131 0.795162618 0.168297559 1
Early 432 455.0 hand_R 0.82569325 -0.000308424234 -0.564119458 0 -0.550089955 0.221191764 -0.805279672 0 0.125026971 0.975230336 0.182466745 0 0.528854787 0.909383416 0.0197702572 1
Early 432 455.0 bat_grip 0.825693309 -0.000308416173 -0.564119399 0 -0.550089896 0.221191674 -0.805279732 0 0.125026897 0.975230336 0.182466686 0 0.528854787 0.909383416 0.0197702572 1
Early 432 455.0 bat_barrel 0.825693369 -0.00030831364 -0.564119339 0 -0.550089657 0.22119239 -0.805279613 0 0.12502721 0.975230157 0.182467356 0 0.0557774305 1.0996083 -0.672770321 1
Early 432 455.0 bat_tip 0.825693309 -0.000308503368 -0.564119399 0 -0.550089896 0.221191674 -0.805279732 0 0.125026971 0.975230336 0.182466641 0 -0.131253242 1.17481351 -0.946565568 1
Early 432 455.0 arm_L_0 0.173283279 -0.00216586888 0.984869778 0 0.972103298 -0.160128564 -0.171389341 0 0.158077046 0.987093866 -0.0256422609 0 0.141884029 0.930054605 -0.139732689 1
Early 432 455.0 arm_L_1 -0.081669271 -0.00523304939 0.996645987 0 0.995176196 0.0541090444 0.0818328708 0 -0.05435564 0.998521388 0.00078868866 0 0.297533691 0.814567089 -0.167682722 1
Early 432 455.0 arm_L_2 -0.711313963 -0.0170185864 0.702668667 0 0.592310905 0.523715019 0.612282932 0 -0.378418088 0.851723552 -0.362445593 0 0.39540574 0.820190668 -0.160077065 1
Early 432 455.0 hand_L 0.82569325 -0.000308603048 -0.564119756 0 -0.550090015 0.22119163 -0.805279791 0 0.12502721 0.975230336 0.182466596 0 0.435339451 0.946985722 -0.117127389 1
Early 432 455.0 foot_R 4.78351733e-12 4.37113883e-08 1 0 0.99999994 -0.000109434128 0 0 0.000109434121 1 -4.37113883e-08 0 0.0800075233 0.0689278245 0.489937574 1
Early 432 455.0 foot_L -0.0120467637 -7.99220197e-06 0.999927461 0 0.999912798 -0.00539801922 0.0120465457 0 0.00539753074 0.999985456 7.30201646e-05 0 0.0804050267 0.0709218532 -0.344620854 1
Early 432 455.5 root 1 0 0 0 0 1 0 0 0 0 1 0 0 0 0 1
Early 432 455.5 pelvis 0.705027938 2.95526412e-08 0.709179521 0 -9.363057e-09 1 -3.23633493e-08 0 -0.709179521 1.61769762e-08 0.705027938 0 0.061473228 0.53002739 0.123257346 1
Early 432 455.5 chest 0.950574219 0.0218267012 0.309729248 0 -0.0207459629 0.99976176 -0.00678309845 0 -0.309803545 2.22068265e-05 0.950800598 0 0.0614732169 0.930027246 0.123257339 1
Early 432 455.5 head 0.998915315 1.13864235e-06 0.0465643704 0 -1.32358582e-06 1 3.92575566e-06 0 -0.04656443 -3.98265911e-06 0.998915255 0 0.0536161549 1.30893672 0.120679513 1
Early 432 455.5 arm_R_0 0.341786355 -0.000339446589 0.939777553 0 0.928898036 -0.15159969 -0.337884307 0 0.142584667 0.988441944 -0.0514993444 0 -0.0236908365 0.930027544 0.384607941 1
Early 432 455.5 arm_R_1 0.527540267 -0.00043284148 0.849529922 0 0.848869085 -0.0391649306 -0.527149796 0 0.0334999152 0.999232709 -0.0202936009 0 0.218558535 0.800465822 0.296366751 1
Early 432 455.5 arm_R_2 0.743556559 -0.000292040408 0.6686728 0 0.664042056 0.11780645 -0.738355756 0 -0.078558363 0.993036628 0.0877897218 0 0.403057873 0.792002797 0.181476235 1
Early 432 455.5 hand_R 0.828131974 0.000118672848 -0.560532689 0 -0.549192727 0.200302288 -0.81133604 0 0.112179726 0.979734182 0.165941983 0 0.529800832 0.904649496 0.0399301238 1
Early 432 455.5 bat_grip 0.828132033 0.000118682314 -0.560532629 0 -0.549192667 0.200302199 -0.8113361 0 0.112179659 0.979734182 0.165941924 0 0.529800832 0.904649496 0.0399301201 1
Early 432 455.5 bat_barrel 0.828132093 0.000118786673 -0.56053257 0 -0.549192488 0.200302914 -0.811335981 0 0.112179972 0.979734004 0.165942594 0 0.0574950874 1.07690942 -0.657818973 1
Early 432 455.5 bat_tip 0.828132033 0.000118594719 -0.560532629 0 -0.549192667 0.200302199 -0.8113361 0 0.112179734 0.979734182 0.165941879 0 -0.129230499 1.14501226 -0.933673263 1
Early 432 455.5 arm_L_0 0.13999778 -0.00124451518 0.990151107 0 0.97417599 -0.178737968 -0.137963861 0 0.17714946 0.983895957 -0.0238106549 0 0.146637306 0.930026948 -0.138093308 1
Early 432 455.5 arm_L_1 -0.139765784 -0.00331389904 0.9901793 0 0.989790797 0.0277364217 0.139803693 0 -0.0279270634 0.999609768 -0.000596627593 0 0.301054865 0.811787188 -0.160229355 1
Early 432 455.5 arm_L_2 -0.771485507 -0.0100555122 0.636167586 0 0.55612421 0.475082576 0.681925535 0 -0.309088886 0.879883647 -0.360927373 0 0.397780627 0.814648271 -0.146790057 1
Early 432 455.5 hand_L 0.827881813 -0.000124037266 -0.560902536 0 -0.549446166 0.200897142 -0.811017275 0 0.112784654 0.979612172 0.16625081 0 0.436811417 0.938641906 -0.0977989435 1
Early 432 455.5 foot_R 2.39175867e-12 4.37113883e-08 1 0 0.99999994 -5.47170639e-05 0 0 5.47170603e-05 1 -4.37113883e-08 0 0.0800037533 0.0688889101 0.489968777 1
Early 432 455.5 foot_L -0.014355381 -5.16451109e-06 0.999896944 0 0.999876261 -0.00642868597 0.0143550523 0 0.00642794883 0.999979317 9.74501017e-05 0 0.0804912299 0.0713171586 -0.345505536 1
Early 432 456 root 1 0 0 0 0 1 0 0 0 0 1 0 0 0 0 1
Early 432 456 pelvis 0.69587487 3.85469257e-08 0.718163073 0 3.85469221e-08 1 -9.10249582e-08 0 -0.718163073 9.10249582e-08 0.69587487 0 0.0620613024 0.529999971 0.123705097 1
Early 432 456 chest 0.945550799 0.0226176176 0.32468769 0 -0.0213915687 0.999744177 -0.00734557398 0 -0.324770808 3.31346541e-08 0.945792794 0 0.0620612763 0.929999828 0.123705082 1
Early 432 456 head 0.99887681 -2.41653364e-08 0.0473827124 0 2.93791267e-08 0.99999994 -9.8318921e-08 0 -0.0473828018 9.84027793e-08 0.99887687 0 0.0539538786 1.3089031 0.12092112 1
Early 432 456 arm_R_0 0.316543251 5.16884029e-08 0.948578 0 0.936644971 -0.158119306 -0.312561184 0 0.149988487 0.987419963 -0.0500516184 0 -0.0272506475 0.929999828 0.383797944 1
Early 432 456 arm_R_1 0.50240618 4.47034836e-08 0.864631712 0 0.863696456 -0.0464980826 -0.501862764 0 0.0402036756 0.998918295 -0.0233609267 0 0.216277301 0.798889041 0.302531868 1
Early 432 456 arm_R_2 0.724722266 -7.4505806e-09 0.689040899 0 0.684632361 0.112941079 -0.720085382 0 -0.0778210461 0.99360162 0.0818509609 0 0.402027279 0.78888905 0.194599241 1
Early 432 456 hand_R 0.830488861 -3.27825546e-07 -0.557035267 0 -0.548003256 0.179346353 -0.817023277 0 0.0999025106 0.983785868 0.148944885 0 0.529999614 0.900000393 0.0599997193 1
Early 432 456 bat_grip 0.83048892 -3.16971494e-07 -0.557035208 0 -0.548003197 0.179346263 -0.817023337 0 0.0999024436 0.983785868 0.148944825 0 0.529999614 0.900000393 0.0599997155 1
Early 432 456 bat_barrel 0.83048898 -2.10830393e-07 -0.557035148 0 -0.548003018 0.179346979 -0.817023218 0 0.0999027565 0.983785748 0.148945495 0 0.0587168336 1.0542382 -0.642640352 1
Early 432 456 bat_tip 0.83048892 -4.04928812e-07 -0.557035208 0 -0.548003197 0.179346263 -0.817023337 0 0.0999025181 0.983785868 0.14894478 0 -0.127604365 1.11521602 -0.920428395 1
Early 432 456 arm_L_0 0.10656631 -1.04308128e-07 0.99430567 0 0.974769175 -0.197257847 -0.10447263 0 0.196134716 0.980351686 -0.021021083 0 0.151373208 0.929999769 -0.136387825 1
Early 432 456 arm_L_1 -0.197439238 1.1920929e-07 0.980315268 0 0.980313838 0.00167879835 0.197438776 0 -0.00164551288 0.999998689 -0.000331684947 0 0.304306358 0.809051812 -0.1527787 1
Early 432 456 arm_L_2 -0.825747073 -1.49011612e-07 0.564040661 0 0.51008904 0.426795185 0.746762931 0 -0.24072963 0.904348373 -0.352425039 0 0.399461746 0.809214711 -0.133613855 1
Early 432 456 hand_L 0.83048892 -1.1920929e-07 -0.557035267 0 -0.548003137 0.179346442 -0.817023396 0 0.0999026597 0.983785987 0.148944885 0 0.436839044 0.930489182 -0.0788939297 1
Early 432 456 foot_R 0 4.37113883e-08 1 0 0.99999994 0 0 0 0 1 -4.37113883e-08 0 0.0799999833 0.0688500032 0.49000001 1
Early 432 456 foot_L -0.0166639164 4.28329194e-08 0.999861121 0 0.999833286 -0.00745933456 0.0166634545 0 0.00745829893 0.999972165 0.000124258906 0 0.0805774331 0.0717124715 -0.346390218 1
Early 432 456.5 root 1 0 0 0 0 1 0 0 0 0 1 0 0 0 0 1
Early 432 456.5 pelvis 0.68577981 3.18253193e-08 0.727809131 0 3.18253193e-08 1 -7.37150501e-08 0 -0.727809131 7.37150501e-08 0.68577981 0 0.0625541508 0.529999971 0.124019042 1
Early 432 456.5 chest 0.940098643 0.0234578345 0.340094775 0 -0.0220504515 0.999724805 -0.00800301973 0 -0.34018895 2.43825871e-05 0.940357149 0 0.0625541434 0.929999948 0.124019027 1
Early 432 456.5 head 0.998837352 1.76846243e-06 0.0482091904 0 -1.98860562e-06 0.99999994 4.5044435e-06 0 -0.0482091904 -4.59667353e-06 0.998837292 0 0.0542040989 1.30889535 0.12097913 1
Early 432 456.5 arm_R_0 0.293887377 -0.00025116629 0.955839992 0 0.942915022 -0.163819432 -0.289956272 0 0.156658038 0.98649025 -0.0479075946 0 -0.0309545398 0.930000186 0.38250035 1
Early 432 456.5 arm_R_1 0.478339314 -0.000376522541 0.87817502 0 0.876902401 -0.0536146276 -0.477668911 0 0.0472628996 0.998561561 -0.0253157951 0 0.21340248 0.797514141 0.307294905 1
Early 432 456.5 arm_R_2 0.704849541 -0.000322345644 0.709356666 0 0.70529151 0.107226297 -0.700761318 0 -0.0758358091 0.994234502 0.0758057609 0 0.400004268 0.786128581 0.20543924 1
Early 432 456.5 hand_R 0.851946712 -0.000711411238 -0.523627937 0 -0.515919983 0.169814289 -0.839636564 0 0.0895169228 0.985475779 0.144305587 0 0.528855085 0.895848811 0.0769336298 1
Early 432 456.5 bat_grip 0.851946771 -0.000711399771 -0.523627877 0 -0.515919924 0.169814199 -0.839636624 0 0.0895168558 0.985475779 0.144305527 0 0.528855085 0.895848811 0.0769336298 1
Early 432 456.5 bat_barrel 0.851946831 -0.000711292843 -0.523627818 0 -0.515919745 0.169814914 -0.839636505 0 0.0895171389 0.985475659 0.144306213 0 0.0851639211 1.04188907 -0.64515388 1
Early 432 456.5 bat_tip 0.851946771 -0.000711487897 -0.523627877 0 -0.515919924 0.169814199 -0.839636624 0 0.0895169303 0.985475779 0.144305483 0 -0.0902489424 1.09962606 -0.930630445 1
Early 432 456.5 arm_L_0 0.0815158337 -0.000572577119 0.996672034 0 0.974598706 -0.209247604 -0.0798308253 0 0.208597139 0.977862418 -0.0164991319 0 0.156062841 0.92999965 -0.134462312 1
Early 432 456.5 arm_L_1 -0.233819827 -0.00141203403 0.972279131 0 0.972145438 -0.0169814341 0.233762905 0 0.0161808804 0.999854743 0.00534316897 0 0.308942437 0.807137847 -0.146995455 1
Early 432 456.5 arm_L_2 -0.840568483 -0.00156834722 0.541703463 0 0.497502506 0.393416524 0.773120224 0 -0.21432735 0.919358969 -0.329913497 0 0.404080749 0.805395365 -0.123983294 1
Early 432 456.5 hand_L 0.851790309 -0.000603467226 -0.523883164 0 -0.516183197 0.169854447 -0.839466989 0 0.0894907713 0.985468924 0.144368649 0 0.441231519 0.924768448 -0.0658113658 1
Early 432 456.5 foot_R 0 4.37113883e-08 1 0 0.99999994 0 0 0 0 1 -4.37113883e-08 0 0.0799999833 0.0688500032 0.49000001 1
Early 432 456.5 foot_L -0.0203094557 -1.31449242e-05 0.999793768 0 0.999752343 -0.0090934094 0.0203084983 0 0.0090912655 0.999958634 0.000197823858 0 0.0807240009 0.0723389611 -0.347784579 1
Early 432 457.0 root 1 0 0 0 0 1 0 0 0 0 1 0 0 0 0 1
Early 432 457.0 pelvis 0.675550997 2.48626826e-08 0.737313211 0 2.48626826e-08 1 -5.65006673e-08 0 -0.737313211 5.65006673e-08 0.675550997 0 0.0630470067 0.529999971 0.124332979 1
Early 432 457.0 chest 0.934394538 0.0242980905 0.355410159 0 -0.0226940904 0.999704778 -0.0086820256 0 -0.355516136 4.67288628e-05 0.934670091 0 0.0630470067 0.930000067 0.124332964 1
Early 432 457.0 head 0.99879694 1.03755156e-08 0.049035579 0 4.64424375e-08 1 -1.16820956e-06 0 -0.0490355492 1.17123273e-06 0.998796999 0 0.0544603094 1.3088876 0.121029191 1
Early 432 457.0 arm_R_0 0.271060914 -0.000465851976 0.962561965 0 0.948610902 -0.169510752 -0.267214149 0 0.1632891 0.985528171 -0.0455057621 0 -0.0346295983 0.930000007 0.381135076 1
Early 432 457.0 arm_R_1 0.453909904 -0.000667922199 0.891047299 0 0.889383972 -0.0607389212 -0.453107953 0 0.0544238798 0.998153329 -0.0269759111 0 0.210401356 0.796147466 0.31199047 1
Early 432 457.0 arm_R_2 0.684418321 -0.000555869192 0.7290892 0 0.725364745 0.101472199 -0.680844426 0 -0.0736038685 0.994838119 0.0698526725 0 0.397654414 0.783405721 0.216179341 1
Early 432 457.0 hand_R 0.872029483 -0.0013153255 -0.489451408 0 -0.482954621 0.160102412 -0.860884309 0 0.0794947892 0.987099409 0.13897872 0 0.527129829 0.89177537 0.0937013328 1
Early 432 457.0 bat_grip 0.872029543 -0.00131531327 -0.489451349 0 -0.482954562 0.160102323 -0.860884368 0 0.0794947222 0.987099409 0.138978645 0 0.527129829 0.89177537 0.0937013328 1
Early 432 457.0 bat_barrel 0.872029603 -0.00131520547 -0.489451259 0 -0.482954413 0.160103038 -0.860884249 0 0.0794949755 0.98709929 0.138979346 0 0.111788869 1.02946341 -0.646659255 1
Early 432 457.0 bat_tip 0.872029543 -0.00131540152 -0.489451349 0 -0.482954562 0.160102323 -0.860884368 0 0.0794947967 0.987099409 0.138978601 0 -0.0524157882 1.08389831 -0.939360023 1
Early 432 457.0 arm_L_0 0.0564031936 -0.00104542077 0.998407543 0 0.973661423 -0.221206501 -0.0552368611 0 0.220912084 0.975226402 -0.0114589781 0 0.160723627 0.930000007 -0.132469147 1
Early 432 457.0 arm_L_1 -0.269973695 -0.00236010551 0.962864816 0 0.962280512 -0.0355791077 0.26972267 0 0.0336215049 0.999364078 0.0118764043 0 0.313429236 0.805216193 -0.141144454 1
Early 432 457.0 arm_L_2 -0.855095446 -0.00335797668 0.518459678 0 0.482717872 0.359748095 0.798476517 0 -0.189195946 0.933043361 -0.305998147 0 0.408357143 0.801543415 -0.114264093 1
Early 432 457.0 hand_L 0.872029483 -0.00131526589 -0.489451528 0 -0.482954502 0.160102263 -0.860884488 0 0.0794948637 0.987099409 0.138978571 0 0.445027471 0.918992758 -0.0526490696 1
Early 432 457.0 foot_R 0 4.37113883e-08 1 0 0.99999994 0 0 0 0 1 -4.37113883e-08 0 0.0799999833 0.0688500032 0.49000001 1
Early 432 457.0 foot_L -0.0239547417 -2.03742729e-05 0.999713063 0 0.999655485 -0.010727495 0.0239531454 0 0.010723928 0.999942482 0.000277341635 0 0.0808705688 0.0729654506 -0.34917891 1
Early 432 457.5 root 1 0 0 0 0 1 0 0 0 0 1 0 0 0 0 1
Early 432 457.5 pelvis 0.665409863 2.69887899e-08 0.746478319 0 2.69887899e-08 1 -6.02126136e-08 0 -0.746478319 6.02126136e-08 0.665409863 0 0.063529484 0.529999971 0.124640308 1
Early 432 457.5 chest 0.928568184 0.0251209363 0.370310992 0 -0.0233176239 0.999684393 -0.00934621878 0 -0.370428979 4.38268762e-05 0.928860962 0 0.063529484 0.930000007 0.124640301 1
Early 432 457.5 head 0.998757124 1.70851763e-06 0.0498445928 0 -1.90143874e-06 1 3.87827095e-06 0 -0.0498446822 -3.96781979e-06 0.998757184 0 0.054705359 1.30887997 0.121085957 1
Early 432 457.5 arm_R_0 0.248568296 -0.000444997568 0.96861428 0 0.953633249 -0.175085306 -0.244804278 0 0.169699088 0.984553099 -0.0430962667 0 -0.0382542238 0.930000246 0.379864514 1
Early 432 457.5 arm_R_1 0.429654032 -0.000654131174 0.9029935 0 0.900902271 -0.0677098557 -0.428708076 0 0.0614219606 0.997704685 -0.0285024941 0 0.207586393 0.794802845 0.316649705 1
Early 432 457.5 arm_R_2 0.663869739 -0.000553708524 0.747848153 0 0.744439423 0.0958618075 -0.66077286 0 -0.0713242516 0.995394349 0.0640519857 0 0.395670712 0.780706704 0.226782709 1
Early 432 457.5 hand_R 0.890395641 -0.00126487017 -0.455186188 0 -0.44981724 0.150713563 -0.880312562 0 0.0697163194 0.988576651 0.133625716 0 0.526002765 0.887715936 0.110264763 1
Early 432 457.5 bat_grip 0.890395641 -0.00126485736 -0.455186129 0 -0.449817181 0.150713474 -0.880312562 0 0.0697162598 0.988576651 0.133625641 0 0.526002765 0.887715936 0.110264763 1
Early 432 457.5 bat_barrel 0.890395641 -0.00126474886 -0.455186039 0 -0.449817032 0.150714189 -0.880312383 0 0.0697164908 0.988576531 0.133626357 0 0.139159948 1.01732957 -0.646804035 1
Early 432 457.5 bat_tip 0.890395641 -0.00126494572 -0.455186129 0 -0.449817181 0.150713474 -0.880312562 0 0.0697163418 0.988576651 0.133625597 0 -0.0137779713 1.06857228 -0.946110487 1
Early 432 457.5 arm_L_0 0.0317855887 -0.00100722909 0.999494433 0 0.97200346 -0.232893839 -0.0311462134 0 0.232807502 0.972501636 -0.00642377138 0 0.165313169 0.92999965 -0.130583882 1
Early 432 457.5 arm_L_1 -0.304937303 -0.00238609314 0.952369809 0 0.951028168 -0.0538801923 0.304372609 0 0.050587751 0.998544514 0.0186992288 0 0.317965209 0.803344309 -0.135485202 1
Early 432 457.5 arm_L_2 -0.868451715 -0.00297039747 0.495765388 0 0.467830747 0.326066673 0.821471334 0 -0.164092451 0.945341945 -0.28178367 0 0.412874579 0.797809839 -0.104844287 1
Early 432 457.5 hand_L 0.890265465 -0.00116464496 -0.455441773 0 -0.450080037 0.150760204 -0.880170584 0 0.0696879625 0.988569498 0.133692265 0 0.449615449 0.91341424 -0.0393993296 1
Early 432 457.5 foot_R 0 4.37113883e-08 1 0 0.99999994 0 0 0 0 1 -4.37113883e-08 0 0.0799999833 0.0688500032 0.49000001 1
Early 432 457.5 foot_L -0.0275386944 -2.15836517e-05 0.999620736 0 0.99954474 -0.012327251 0.0275363363 0 0.0123219797 0.999924004 0.000361050217 0 0.0810260773 0.0735783949 -0.350548804 1
Early 432 458.0 root 1 0 0 0 0 1 0 0 0 0 1 0 0 0 0 1
Early 432 458.0 pelvis 0.655144513 2.91654239e-08 0.755503654 0 2.91654239e-08 1 -6.38951221e-08 0 -0.755503654 6.38951221e-08 0.655144513 0 0.0640119612 0.529999971 0.124947637 1
Early 432 458.0 chest 0.922503471 0.0259437449 0.385115981 0 -0.0239262227 0.999663413 -0.0100307185 0 -0.385246575 3.90024288e-05 0.922813773 0 0.0640119687 0.929999948 0.124947645 1
Early 432 458.0 head 0.998716354 2.11493898e-08 0.050653547 0 2.64590199e-08 1 -9.1624679e-07 0 -0.0506535172 9.17072612e-07 0.998716414 0 0.0549560413 1.30887234 0.121134989 1
Early 432 458.0 arm_R_0 0.225938693 -0.000389324501 0.974141538 0 0.95809871 -0.180649385 -0.222289994 0 0.17606461 0.98354739 -0.0404426306 0 -0.0418532416 0.929999948 0.378528237 1
Early 432 458.0 arm_R_1 0.40508917 -0.000558234751 0.914277196 0 0.911707103 -0.0746829733 -0.40399605 0 0.068506442 0.997207105 -0.0297442712 0 0.204649061 0.79346329 0.321250021 1
Early 432 458.0 arm_R_2 0.642819643 -0.000464558601 0.766017437 0 0.762920618 0.0902189463 -0.640166342 0 -0.0688119158 0.99592185 0.0583490022 0 0.393373519 0.778037429 0.23730512 1
Early 432 458.0 hand_R 0.907386839 -0.00109922886 -0.420295358 0 -0.415945917 0.14116244 -0.898366451 0 0.0603174567 0.989985883 0.127631634 0 0.524320185 0.883722961 0.126693338 1
Early 432 458.0 bat_grip 0.907386839 -0.00109921547 -0.420295298 0 -0.415945858 0.141162351 -0.898366451 0 0.0603173971 0.989985883 0.12763156 0 0.524320185 0.883722961 0.126693338 1
Early 432 458.0 bat_barrel 0.907386839 -0.00109910616 -0.420295209 0 -0.415945709 0.141163066 -0.898366272 0 0.0603175983 0.989985764 0.127632275 0 0.166606724 1.00512254 -0.645901799 1
Early 432 458.0 bat_tip 0.907386839 -0.00109930395 -0.420295298 0 -0.415945858 0.141162351 -0.898366451 0 0.0603174791 0.989985883 0.127631515 0 0.0251850486 1.05311799 -0.951346517 1
Early 432 458.0 arm_L_0 0.00714606792 -0.000873669982 0.999974251 0 0.969612122 -0.244543314 -0.00714287162 0 0.244543344 0.96963799 -0.000900506973 0 0.169877112 0.929999828 -0.128632858 1
Early 432 458.0 arm_L_1 -0.339563072 -0.0019723177 0.940581501 0 0.938185036 -0.0720763654 0.338546783 0 0.06712614 0.997397244 0.0263248086 0 0.322359979 0.801460981 -0.129755095 1
Early 432 458.0 arm_L_2 -0.881445229 -0.00280612707 0.472277999 0 0.450946778 0.292188704 0.843369961 0 -0.140360653 0.956356645 -0.256283045 0 0.417065084 0.79403317 -0.0953215882 1
Early 432 458.0 hand_L 0.90738678 -0.00109910965 -0.420295358 0 -0.415945798 0.141162574 -0.89836657 0 0.0603175461 0.989985883 0.127631783 0 0.453609347 0.907720447 -0.0260288455 1
Early 432 458.0 foot_R 0 4.37113883e-08 1 0 0.99999994 0 0 0 0 1 -4.37113883e-08 0 0.0799999833 0.0688500032 0.49000001 1
Early 432 458.0 foot_L -0.0311222915 -1.70573076e-05 0.999515593 0 0.999418616 -0.0139269708 0.0311190374 0 0.0139196916 0.999903023 0.00045048655 0 0.0811815858 0.0741913393 -0.351918668 1
Early 432 458.5 root 1 0 0 0 0 1 0 0 0 0 1 0 0 0 0 1
Early 432 458.5 pelvis 0.644932747 -9.51763557e-09 0.76423943 0 -9.51763557e-09 1 2.04855635e-08 0 -0.76423943 -2.04855635e-08 0.644932747 0 0.064463459 0.529999971 0.125238895 1
Early 432 458.5 chest 0.915924191 0.0267587956 0.400458574 0 -0.0245050956 0.999641895 -0.0107486974 0 -0.400602758 3.17168342e-05 0.916251898 0 0.064463459 0.929999948 0.12523891 1
Early 432 458.5 head 0.998675823 1.79054496e-06 0.0514466763 0 -1.99981787e-06 0.99999994 4.04497405e-06 0 -0.0514466166 -4.14238821e-06 0.998675823 0 0.0551864803 1.30886412 0.121157289 1
Early 432 458.5 arm_R_0 0.203472883 -0.000286375638 0.979080558 0 0.961988866 -0.185977235 -0.199975178 0 0.182143956 0.982553959 -0.0375657752 0 -0.0456320867 0.930000246 0.377049446 1
Early 432 458.5 arm_R_1 0.380191624 -0.000447131693 0.924907744 0 0.921816766 -0.0815048665 -0.378960341 0 0.075553894 0.99667275 -0.0305752642 0 0.201571658 0.792163968 0.325605333 1
Early 432 458.5 arm_R_2 0.620613396 -0.000421829522 0.784116626 0 0.78133893 0.0844340026 -0.618369341 0 -0.0659453124 0.996428967 0.0527304932 0 0.391018569 0.775429726 0.247508094 1
Early 432 458.5 hand_R 0.928349435 -0.00128862262 -0.371706784 0 -0.368296534 0.131998897 -0.920290172 0 0.0502508432 0.991249025 0.122066498 0 0.522714913 0.879799664 0.142761871 1
Early 432 458.5 bat_grip 0.928349435 -0.00128860865 -0.371706724 0 -0.368296474 0.131998807 -0.920290172 0 0.0502507873 0.991249025 0.122066423 0 0.522714913 0.879799664 0.142761871 1
Early 432 458.5 bat_barrel 0.928349435 -0.00128849864 -0.371706665 0 -0.368296355 0.131999537 -0.920289993 0 0.0502509512 0.991248906 0.122067153 0 0.205979913 0.993318617 -0.648687661 1
Early 432 458.5 bat_tip 0.928349435 -0.00128869724 -0.371706724 0 -0.368296474 0.131998807 -0.920290172 0 0.0502508692 0.991249025 0.122066393 0 0.0807590485 1.03819835 -0.961586416 1
Early 432 458.5 arm_L_0 -0.0162724294 -0.000545457006 0.999867499 0 0.966970086 -0.254412651 0.0155982077 0 0.25437063 0.967095613 0.0046672523 0 0.174558982 0.92999953 -0.126571521 1
Early 432 458.5 arm_L_1 -0.369081557 -0.0012575537 0.929396331 0 0.925815821 -0.0882025808 0.36754021 0 0.0815131888 0.996101737 0.033718124 0 0.327647656 0.799647093 -0.124024309 1
Early 432 458.5 arm_L_2 -0.889675558 -0.00107902288 0.456592292 0 0.440536946 0.260831237 0.859007657 0 -0.120020181 0.965383768 -0.231580004 0 0.42298916 0.790421307 -0.0859386697 1
Early 432 458.5 hand_L 0.928269625 -0.000978022814 -0.371907115 0 -0.368534893 0.131965756 -0.920199513 0 0.0499793589 0.991253734 0.122139111 0 0.460177153 0.902324319 -0.0136466399 1
Early 432 458.5 foot_R 0 4.37113883e-08 1 0 0.99999994 0 0 0 0 1 -4.37113883e-08 0 0.0799999833 0.0688500032 0.49000001 1
Early 432 458.5 foot_L -0.0349340998 -1.80609495e-05 0.999389589 0 0.999267578 -0.0156237008 0.0349295549 0 0.0156135326 0.99987793 0.000563847716 0 0.0813595057 0.0748410225 -0.353373766 1
Early 432 459.0 root 1 0 0 0 0 1 0 0 0 0 1 0 0 0 0 1
Early 432 459.0 pelvis 0.634604573 -4.93311205e-08 0.772836983 0 -4.93311205e-08 1 1.04338788e-07 0 -0.772836983 -1.04338788e-07 0.634604573 0 0.0649149567 0.529999971 0.125530168 1
Early 432 459.0 chest 0.909089029 0.0275737979 0.415688366 0 -0.0250675138 0.999619782 -0.011486277 0 -0.415847093 2.17720499e-05 0.909434557 0 0.0649149567 0.929999888 0.125530168 1
Early 432 459.0 head 0.998634577 2.08774509e-08 0.0522395372 0 2.63935362e-09 1 -4.85209966e-07 0 -0.0522396564 4.82592441e-07 0.998634577 0 0.0554230623 1.30885577 0.121172078 1
Early 432 459.0 arm_R_0 0.180897534 -0.000155684073 0.983501911 0 0.965333998 -0.191294491 -0.177586138 0 0.188166171 0.981532693 -0.034454383 0 -0.0493812971 0.929999828 0.375500083 1
Early 432 459.0 arm_R_1 0.355020434 -0.000258244574 0.934858561 0 0.93119669 -0.0883259028 -0.353654176 0 0.0826635659 0.996091604 -0.031116996 0 0.198381186 0.790867448 0.329897583 1
Early 432 459.0 arm_R_2 0.597910225 -0.000285588205 0.801563025 0 0.799095392 0.0786194205 -0.59604162 0 -0.062848188 0.996904671 0.0472355895 0 0.388365895 0.772845924 0.25762853 1
Early 432 459.0 hand_R 0.946691155 -0.00120767951 -0.322140187 0 -0.319570273 0.122592628 -0.939598858 0 0.040626809 0.992456317 0.115671426 0 0.520572782 0.875935853 0.158692539 1
Early 432 459.0 bat_grip 0.946691155 -0.00120766484 -0.322140127 0 -0.319570214 0.122592539 -0.939598858 0 0.0406267568 0.992456317 0.115671344 0 0.520572782 0.875935853 0.158692539 1
Early 432 459.0 bat_barrel 0.946691155 -0.00120755413 -0.322140068 0 -0.319570094 0.122593269 -0.939598739 0 0.0406268835 0.992456198 0.115672082 0 0.245742351 0.981365442 -0.649362504 1
Early 432 459.0 bat_tip 0.946691155 -0.00120775355 -0.322140127 0 -0.319570214 0.122592539 -0.939598858 0 0.0406268425 0.992456317 0.115671314 0 0.137088448 1.02304709 -0.968826234 1
Early 432 459.0 arm_L_0 -0.0396816432 -0.000156283379 0.999212384 0 0.963696241 -0.264250219 0.0382296965 0 0.264036298 0.964454174 0.0106363893 0 0.179211229 0.929999888 -0.124439597 1
Early 432 459.0 arm_L_1 -0.398273557 -0.000279024243 0.917266846 0 0.912281215 -0.104240216 0.396077007 0 0.0955057889 0.994552135 0.041770637 0 0.332796156 0.797808588 -0.118186913 1
Early 432 459.0 arm_L_2 -0.897782505 0.000198185444 0.440439194 0 0.428750694 0.229241997 0.873854101 0 -0.100793749 0.973369479 -0.205894515 0 0.428603053 0.786728382 -0.0763785988 1
Early 432 459.0 hand_L 0.946691334 -0.0012075901 -0.322140396 0 -0.319570452 0.122592539 -0.939598858 0 0.0406269431 0.992456377 0.115671314 0 0.466245711 0.896776795 -0.0010390766 1
Early 432 459.0 foot_R 0 4.37113883e-08 1 0 0.99999994 0 0 0 0 1 -4.37113883e-08 0 0.0799999833 0.0688500032 0.49000001 1
Early 432 459.0 foot_L -0.038745407 -1.2592719e-05 0.999249101 0 0.999099195 -0.0173203815 0.0387393795 0 0.0173068866 0.999849975 0.000683666614 0 0.0815374255 0.0754907057 -0.354828864 1
Early 432 459.5 root 1 0 0 0 0 1 0 0 0 0 1 0 0 0 0 1
Early 432 459.5 pelvis 0.624248505 -3.25863887e-08 0.78122592 0 -3.25863887e-08 1 6.77504488e-08 0 -0.78122592 -6.77504488e-08 0.624248505 0 0.0652969629 0.529999971 0.125787705 1
Early 432 459.5 chest 0.90086019 0.0284013618 0.433179289 0 -0.0255760346 0.999596596 -0.0123493299 0 -0.433355361 4.60104202e-05 0.901223183 0 0.0652969554 0.929999948 0.125787705 1
Early 432 459.5 head 0.998593509 2.14348984e-06 0.0530199409 0 -2.34664367e-06 1 3.78924233e-06 0 -0.0530200005 -3.90792411e-06 0.99859345 0 0.0556210838 1.30884659 0.121097654 1
Early 432 459.5 arm_R_0 0.158121407 -0.000318360049 0.987419546 0 0.968221903 -0.196181878 -0.155110493 0 0.193763211 0.980567455 -0.0307122972 0 -0.0537521243 0.930000603 0.373374194 1
Early 432 459.5 arm_R_1 0.328456938 -0.00055424124 0.944518805 0 0.940225601 -0.0950479358 -0.327019751 0 0.0899558067 0.995472491 -0.0306980237 0 0.194437504 0.789641738 0.333575875 1
Early 432 459.5 arm_R_2 0.571842134 -0.000632297248 0.820363343 0 0.818255603 0.0720853359 -0.570317328 0 -0.0587755814 0.997398198 0.0417388529 0 0.384870321 0.770385623 0.26712507 1
Early 432 459.5 hand_R 0.97293663 -0.00279739499 -0.231056094 0 -0.229253799 0.113530308 -0.966723084 0 0.0289361924 0.993530512 0.109816462 0 0.517558694 0.872231185 0.174033463 1
Early 432 459.5 bat_grip 0.97293663 -0.00279737986 -0.231056035 0 -0.229253739 0.113530219 -0.966723084 0 0.0289361496 0.993530512 0.10981638 0 0.517558694 0.872231185 0.174033463 1
Early 432 459.5 bat_barrel 0.97293663 -0.00279726833 -0.23105596 0 -0.22925365 0.113530949 -0.966722965 0 0.0289362036 0.993530452 0.109817125 0 0.320400447 0.96986717 -0.657348394 1
Early 432 459.5 bat_tip 0.97293663 -0.0027974688 -0.231056049 0 -0.229253739 0.113530219 -0.966723084 0 0.0289362371 0.993530512 0.109816357 0 0.242454141 1.00846756 -0.986034453 1
Early 432 459.5 arm_L_0 -0.0605724007 -0.00031490624 0.998163819 0 0.961216688 -0.269574165 0.0582450777 0 0.269060969 0.962979555 0.0166313648 0 0.184346035 0.929999292 -0.121798649 1
Early 432 459.5 arm_L_1 -0.415543109 -0.000544533134 0.909573495 0 0.903556406 -0.115082279 0.412725121 0 0.104451254 0.99335587 0.0483136326 0 0.340426147 0.796070099 -0.112015426 1
Early 432 459.5 arm_L_2 -0.895167232 0.000827521086 0.44573006 0 0.436439514 0.20474185 0.876128674 0 -0.0905343294 0.978815675 -0.183639467 0 0.438742399 0.783276737 -0.0666733682 1
Early 432 459.5 hand_L 0.972918451 -0.00206762552 -0.231140792 0 -0.229421899 0.113406353 -0.96669805 0 0.0282119811 0.993546486 0.109860614 0 0.478679955 0.891601384 0.0101742819 1
Early 432 459.5 foot_R 0 4.37113883e-08 1 0 0.99999994 0 0 0 0 1 -4.37113883e-08 0 0.0799999833 0.0688500032 0.49000001 1
Early 432 459.5 foot_L -0.043319352 -2.99553649e-05 0.999061286 0 0.998874009 -0.0193597227 0.0433106571 0 0.0193402506 0.999812603 0.000868572213 0 0.0817686766 0.0762710869 -0.356570929 1
Early 432 460.0 root 1 0 0 0 0 1 0 0 0 0 1 0 0 0 0 1
Early 432 460.0 pelvis 0.613781631 -1.53555177e-08 0.789475858 0 -1.53555177e-08 1 3.13884883e-08 0 -0.789475858 -3.13884883e-08 0.613781631 0 0.0656789765 0.529999971 0.126045227 1
Early 432 460.0 chest 0.892294288 0.0292290468 0.450507015 0 -0.0260626283 0.999572754 -0.0132318111 0 -0.450701296 6.52722738e-05 0.892674863 0 0.0656789616 0.930000067 0.126045227 1
Early 432 460.0 head 0.998551726 1.86410034e-08 0.0538000166 0 4.41050361e-08 1 -1.18862226e-06 0 -0.0538000166 1.19063407e-06 0.998551786 0 0.0558276065 1.30883718 0.121016182 1
Early 432 460.0 arm_R_0 0.135258064 -0.00046876166 0.990810335 0 0.970564246 -0.20106028 -0.132589355 0 0.199274734 0.979578733 -0.0267400239 0 -0.0580734424 0.930000067 0.371158004 1
Early 432 460.0 arm_R_1 0.301632762 -0.000777505338 0.953423917 0 0.948450089 -0.101770267 -0.300142169 0 0.0972635448 0.994807541 -0.0299597979 0 0.190402612 0.788417995 0.337162018 1
Early 432 460.0 arm_R_2 0.545194566 -0.000859960914 0.83830905 0 0.836539149 0.0655149221 -0.543976307 0 -0.0544539914 0.997851193 0.036437802 0 0.381100684 0.767946661 0.276499391 1
Early 432 460.0 hand_R 0.990431964 -0.00364953279 -0.137953967 0 -0.136833012 0.103872836 -0.985133052 0 0.0179249644 0.994583845 0.10237962 0 0.514021158 0.868586838 0.189169914 1
Early 432 460.0 bat_grip 0.990431964 -0.0036495172 -0.137953907 0 -0.136832952 0.103872746 -0.985133052 0 0.017924929 0.994583845 0.102379531 0 0.514021158 0.868586838 0.189169914 1
Early 432 460.0 bat_barrel 0.990431964 -0.0036494052 -0.137953833 0 -0.136832863 0.103873476 -0.985132933 0 0.0179249123 0.994583786 0.102380283 0 0.396344781 0.957917392 -0.658044577 1
Early 432 460.0 bat_tip 0.990431964 -0.00364960614 -0.137953922 0 -0.136832952 0.103872746 -0.985133052 0 0.0179250184 0.994583845 0.102379516 0 0.349821568 0.993234277 -0.992989838 1
Early 432 460.0 arm_L_0 -0.0814389437 -0.000470608473 0.996678352 0 0.9582932 -0.274887621 0.0781725943 0 0.273937911 0.961476207 0.0228374228 0 0.189431354 0.930000126 -0.119067453 1
Early 432 460.0 arm_L_1 -0.432687551 -0.000840350986 0.901543796 0 0.894414842 -0.12591055 0.429148734 0 0.113153487 0.992041171 0.0552314818 0 0.347910702 0.794299781 -0.105647668 1
Early 432 460.0 arm_L_2 -0.892603636 0.000596404076 0.450842172 0 0.443580031 0.179927811 0.877987981 0 -0.0805951059 0.983679533 -0.160868928 0 0.448612183 0.779710412 -0.0566722825 1
Early 432 460.0 hand_L 0.990432024 -0.00364953279 -0.137954175 0 -0.136833102 0.103872761 -0.98513329 0 0.0179253221 0.994583726 0.102379397 0 0.490759522 0.88624531 0.0216973424 1
Early 432 460.0 foot_R 0 4.37113883e-08 1 0 0.99999994 0 0 0 0 1 -4.37113883e-08 0 0.0799999833 0.0688500032 0.49000001 1
Early 432 460.0 foot_L -0.0478924066 -3.79804624e-05 0.998852491 0 0.998623729 -0.0213990379 0.0478806309 0 0.0213726629 0.999770999 0.0010627798 0 0.0819999278 0.0770514682 -0.358312994 1
Early 432 460.5 root 1 0 0 0 0 1 0 0 0 0 1 0 0 0 0 1
Early 432 460.5 pelvis 0.603444636 -4.84985101e-08 0.797405005 0 -4.84985065e-08 1 9.75221965e-08 0 -0.797405005 -9.75221965e-08 0.603444636 0 0.0660523996 0.529999971 0.126296967 1
Early 432 460.5 chest 0.88359791 0.0300383102 0.467282176 0 -0.0265266858 0.999548733 -0.0140939206 0 -0.467494696 5.79111547e-05 0.88399595 0 0.0660523772 0.930000007 0.126296967 1
Early 432 460.5 head 0.99851048 2.03116178e-06 0.0545626879 0 -2.21416121e-06 0.99999994 3.34385913e-06 0 -0.0545626581 -3.46029628e-06 0.998510361 0 0.0560213439 1.30882812 0.120943464 1
Early 432 460.5 arm_R_0 0.112840541 -0.000404980034 0.993613064 0 0.972328246 -0.205830395 -0.110507153 0 0.204560518 0.978587627 -0.0228321943 0 -0.0623437911 0.930000663 0.369079739 1
Early 432 460.5 arm_R_1 0.275174737 -0.000696927309 0.961394072 0 0.955714822 -0.108338483 -0.273627669 0 0.104346655 0.994113803 -0.0291459151 0 0.186548039 0.787220895 0.340754479 1
Early 432 460.5 arm_R_2 0.518589079 -0.000790089369 0.855023265 0 0.853552699 0.0591129884 -0.517642498 0 -0.0501340255 0.998250961 0.0313297734 0 0.377681911 0.765544534 0.285774529 1
Early 432 460.5 hand_R 0.998950481 -0.00350451469 -0.045671761 0 -0.0451338589 0.0948581994 -0.994467139 0 0.00781747699 0.995484591 0.0946004987 0 0.511069834 0.864970207 0.204151243 1
Early 432 460.5 bat_grip 0.998950481 -0.00350449816 -0.045671694 0 -0.0451337956 0.09485811 -0.994467139 0 0.00781745091 0.995484591 0.0946004093 0 0.511069834 0.864970207 0.204151243 1
Early 432 460.5 bat_barrel 0.998950481 -0.00350438524 -0.0456716195 0 -0.0451337211 0.0948588476 -0.99446702 0 0.00781736523 0.995484531 0.0946011543 0 0.472254753 0.946548164 -0.651090503 1
Early 432 460.5 bat_tip 0.998950481 -0.0035045871 -0.0456717014 0 -0.0451337956 0.09485811 -0.994467139 0 0.00781754032 0.995484591 0.0946004018 0 0.456909239 0.978800058 -0.989209414 1
Early 432 460.5 arm_L_0 -0.101800948 -0.000402137637 0.9948048 0 0.955001712 -0.280077577 0.0976144969 0 0.278583407 0.959977269 0.0288960859 0 0.194448531 0.929999471 -0.116485752 1
Early 432 460.5 arm_L_1 -0.449277908 -0.000701129436 0.893391967 0 0.885075092 -0.136483476 0.44498831 0 0.1216214 0.99064213 0.0619394779 0 0.355364889 0.792600632 -0.0996150896 1
Early 432 460.5 arm_L_2 -0.889985383 0.000920057297 0.455988228 0 0.450552344 0.15573436 0.879061699 0 -0.0702040493 0.987798572 -0.139015988 0 0.458516717 0.77633667 -0.0471856669 1
Early 432 460.5 hand_L 0.998948693 -0.00279721618 -0.0457550734 0 -0.0452837124 0.0948710591 -0.994459093 0 0.00712275505 0.995485604 0.0946444869 0 0.503328741 0.881242871 0.0355840698 1
Early 432 460.5 foot_R 0 4.37113883e-08 1 0 0.99999994 0 0 0 0 1 -4.37113883e-08 0 0.0799999833 0.0688500032 0.49000001 1
Early 432 460.5 foot_L -0.0523615628 -3.68026158e-05 0.998628199 0 0.998354912 -0.0233924557 0.0523463748 0 0.0233584363 0.999726355 0.00126160763 0 0.082244426 0.0778137073 -0.360013545 1
Early 432 461.0 root 1 0 0 0 0 1 0 0 0 0 1 0 0 0 0 1
Early 432 461.0 pelvis 0.5930053 -8.25002218e-08 0.80519855 0 -8.25002218e-08 1 1.63218488e-07 0 -0.80519855 -1.63218473e-07 0.5930053 0 0.0664258227 0.529999971 0.126548693 1
Early 432 461.0 chest 0.874585509 0.030847501 0.483889103 0 -0.0269694403 0.999524117 -0.0149739627 0 -0.484120756 4.57919959e-05 0.875001192 0 0.0664258003 0.929999948 0.126548693 1
Early 432 461.0 head 0.998468459 -8.3255145e-09 0.0553249121 0 6.10452844e-08 1 -9.54696588e-07 0 -0.0553249121 9.58127202e-07 0.998468399 0 0.0562230833 1.30881882 0.120863795 1
Early 432 461.0 arm_R_0 0.0903637409 -0.000329677016 0.995908678 0 0.973568559 -0.210591137 -0.088406384 0 0.209758669 0.977574229 -0.0187087953 0 -0.0665701777 0.929999948 0.366913497 1
Early 432 461.0 arm_R_1 0.248510614 -0.000546723604 0.968628943 0 0.962198019 -0.114902452 -0.246925473 0 0.111432806 0.993376672 -0.0280283839 0 0.182603315 0.78602314 0.344263017 1
Early 432 461.0 arm_R_2 0.491485059 -0.00060466677 0.87088567 0 0.869692087 0.0526842028 -0.490774751 0 -0.0455851816 0.998611212 0.0264194086 0 0.373998761 0.76315701 0.294945955 1
Early 432 461.0 hand_R 0.998894751 -0.00256201625 0.0469313264 0 0.0469785631 0.0854159892 -0.995237112 0 -0.00145879388 0.996342301 0.0854418576 0 0.507616639 0.86140269 0.218962014 1
Early 432 461.0 bat_grip 0.998894751 -0.00256199925 0.0469313934 0 0.0469786264 0.0854158998 -0.995237112 0 -0.00145881181 0.996342301 0.0854417607 0 0.507616639 0.86140269 0.218961999 1
Early 432 461.0 bat_barrel 0.998894751 -0.00256188586 0.046931468 0 0.046978686 0.0854166374 -0.995236993 0 -0.00145896594 0.996342242 0.0854424983 0 0.548018217 0.934860349 -0.63694191 1
Early 432 461.0 bat_tip 0.998894751 -0.00256208843 0.046931386 0 0.0469786264 0.0854158998 -0.995237112 0 -0.00145872252 0.996342301 0.0854417682 0 0.563990951 0.963901877 -0.975322664 1
Early 432 461.0 arm_L_0 -0.122121379 -0.00033095479 0.992515087 0 0.951288819 -0.285257012 0.116953552 0 0.283083379 0.958451033 0.0351507068 0 0.199421749 0.930000126 -0.113816097 1
Early 432 461.0 arm_L_1 -0.465733051 -0.000590950251 0.884925246 0 0.875346839 -0.147041708 0.4605937 0 0.129848957 0.989130199 0.0689993873 0 0.362685621 0.790869534 -0.0933902636 1
Early 432 461.0 arm_L_2 -0.887422144 0.000419259071 0.460957617 0 0.457016915 0.131278396 0.879716694 0 -0.0601446629 0.991345525 -0.116691098 0 0.468171477 0.772849739 -0.0374088697 1
Early 432 461.0 hand_L 0.99889487 -0.00256189704 0.0469310656 0 0.0469785556 0.0854160488 -0.99523747 0 -0.00145867467 0.996342063 0.085441798 0 0.515603006 0.875923395 0.0497719571 1
Early 432 461.0 foot_R 0 4.37113883e-08 1 0 0.99999994 0 0 0 0 1 -4.37113883e-08 0 0.0799999833 0.0688500032 0.49000001 1
Early 432 461.0 foot_L -0.0568296574 -2.67023697e-05 0.99838388 0 0.998062134 -0.0253857579 0.0568106696 0 0.0253432114 0.999677718 0.00146931468 0 0.0824889243 0.0785759464 -0.361714125 1
Early 432 461.5 root 1 0 0 0 0 1 0 0 0 0 1 0 0 0 0 1
Early 432 461.5 pelvis 0.582899511 -4.20603889e-08 0.812544286 0 -4.20603889e-08 1 8.19369106e-08 0 -0.812544286 -8.19369106e-08 0.582899511 0 0.066761449 0.529999971 0.126782805 1
Early 432 461.5 chest 0.864825964 0.0316474885 0.50107336 0 -0.0273621157 0.999499083 -0.015902197 0 -0.501325607 4.22077173e-05 0.865258813 0 0.066761449 0.929999948 0.126782805 1
Early 432 461.5 head 0.998426855 2.05664583e-06 0.0560706258 0 -2.24653013e-06 0.99999994 3.32291893e-06 0 -0.0560706258 -3.43756983e-06 0.998426974 0 0.0564088151 1.30880964 0.120749079 1
Early 432 461.5 arm_R_0 0.0682885647 -0.000229424331 0.997665584 0 0.974389732 -0.214732051 -0.0667447895 0 0.214246064 0.976673007 -0.0144401649 0 -0.0709670335 0.930000782 0.364496648 1
Early 432 461.5 arm_R_1 0.221732348 -0.000427953899 0.975107491 0 0.967954695 -0.120803729 -0.22015889 0 0.11789082 0.992676318 -0.0263718292 0 0.178600937 0.784935653 0.347402722 1
Early 432 461.5 arm_R_2 0.462738335 -0.000558540225 0.886494637 0 0.885547221 0.0465164445 -0.462214589 0 -0.0409784131 0.998917341 0.0220195912 0 0.370410115 0.76097548 0.303652316 1
Early 432 461.5 hand_R 0.991497397 -0.00216849148 0.130108207 0 0.129889831 0.0767570138 -0.988553047 0 -0.00784301758 0.997047424 0.0763860345 0 0.504474342 0.858117759 0.23326008 1
Early 432 461.5 bat_grip 0.991497397 -0.00216847379 0.130108267 0 0.129889891 0.0767569244 -0.988553047 0 -0.00784302782 0.997047424 0.0763859376 0 0.504474342 0.858117759 0.233260065 1
Early 432 461.5 bat_barrel 0.991497397 -0.0021683597 0.130108342 0 0.129889935 0.076757662 -0.988552928 0 -0.00784324296 0.997047365 0.0763866603 0 0.616179645 0.924128711 -0.616895556 1
Early 432 461.5 bat_tip 0.991497397 -0.00216856296 0.130108267 0 0.129889891 0.0767569244 -0.988553047 0 -0.00784293935 0.997047424 0.0763859525 0 0.660342216 0.950226188 -0.953003705 1
Early 432 461.5 arm_L_0 -0.143808275 -0.000276848674 0.989605665 0 0.947042823 -0.290158749 0.137541801 0 0.287104785 0.956978321 0.0419893041 0 0.204489857 0.929999292 -0.110931017 1
Early 432 461.5 arm_L_1 -0.484208763 -0.000440269709 0.874952674 0 0.864275753 -0.155985802 0.478221536 0 0.136269793 0.987759054 0.0759101361 0 0.36954838 0.789288223 -0.0867073908 1
Early 432 461.5 arm_L_2 -0.887603879 0.000348925591 0.460607767 0 0.45780471 0.110819794 0.88211894 0 -0.0507364571 0.993840277 -0.0985239893 0 0.47684443 0.76970613 -0.0269308183 1
Early 432 461.5 hand_L 0.99150449 -0.00169205666 0.130061045 0 0.129805923 0.0768324435 -0.988558352 0 -0.00832000375 0.997042418 0.0763992667 0 0.526421964 0.87130177 0.0655651316 1
Early 432 461.5 foot_R 0 4.37113883e-08 1 0 0.99999994 0 0 0 0 1 -4.37113883e-08 0 0.0799999833 0.0688500032 0.49000001 1
Early 432 461.5 foot_L -0.0615145415 -2.9462617e-05 0.998106182 0 0.997729421 -0.0274741948 0.0614905134 0 0.0274203494 0.999622524 0.00171945803 0 0.082764715 0.0793739259 -0.363493264 1
Early 432 462.0 root 1 0 0 0 0 1 0 0 0 0 1 0 0 0 0 1
Early 432 462.0 pelvis 0.572702706 -6.08235795e-10 0.819763184 0 -6.08235795e-10 1 1.16689092e-09 0 -0.819763184 -1.16689092e-09 0.572702706 0 0.0670970753 0.529999971 0.127016917 1
Early 432 462.0 chest 0.854728222 0.0324474163 0.518060565 0 -0.0277313255 0.999473453 -0.0168466456 0 -0.518334448 3.27969028e-05 0.855177999 0 0.0670970902 0.929999948 0.127016932 1
Early 432 462.0 head 0.998384655 -4.73319233e-08 0.0568163693 0 7.880044e-08 1 -5.87448085e-07 0 -0.0568164289 5.90349373e-07 0.998384595 0 0.0566033274 1.30880022 0.120628171 1
Early 432 462.0 arm_R_0 0.0461785011 -0.000125544146 0.998933136 0 0.974713027 -0.218864664 -0.0450863577 0 0.218636841 0.975755095 -0.00998443179 0 -0.0753110573 0.930000007 0.361986607 1
Early 432 462.0 arm_R_1 0.194788605 -0.000250056386 0.980845213 0 0.972934604 -0.12669906 -0.193249941 0 0.124320462 0.991941035 -0.0244362317 0 0.174523473 0.783845544 0.350456864 1
Early 432 462.0 arm_R_2 0.433507144 -0.000393092632 0.901149929 0 0.900423825 0.0403269902 -0.433140337 0 -0.0361704379 0.999186337 0.0178360045 0 0.366580009 0.758801758 0.312260628 1
Early 432 462.0 hand_R 0.977200389 -0.00108842552 0.212315559 0 0.211899802 0.0677670836 -0.974938989 0 -0.0133268237 0.997700572 0.0664525926 0 0.500859082 0.854869723 0.247397482 1
Early 432 462.0 bat_grip 0.977200389 -0.00108840736 0.212315619 0 0.211899862 0.0677669942 -0.974938989 0 -0.0133268256 0.997700572 0.0664524958 0 0.500859082 0.854869723 0.247397467 1
Early 432 462.0 bat_barrel 0.977200389 -0.00108829257 0.212315693 0 0.211899891 0.0677677318 -0.974938869 0 -0.0133271003 0.997700512 0.0664531961 0 0.683092952 0.913149357 -0.591050088 1
Early 432 462.0 bat_tip 0.977200389 -0.00108849653 0.212315619 0 0.211899862 0.0677669942 -0.974938989 0 -0.013326738 0.997700572 0.0664525181 0 0.755138934 0.936190248 -0.922529519 1
Early 432 462.0 arm_L_0 -0.165427431 -0.000218942761 0.986222029 0 0.942327857 -0.295050085 0.157999068 0 0.290950477 0.955481768 0.0490155965 0 0.209505111 0.930000067 -0.107952684 1
Early 432 462.0 arm_L_1 -0.502484977 -0.000299304724 0.864586115 0 0.852772713 -0.164914742 0.495562077 0 0.142434865 0.986307859 0.0831223503 0 0.376257658 0.787681937 -0.079844065 1
Early 432 462.0 arm_L_2 -0.887846947 -0.00030836463 0.460139006 0 0.458237976 0.0902133882 0.884239435 0 -0.041783005 0.995922446 -0.079954505 0 0.485232294 0.766474724 -0.0161797758 1
Early 432 462.0 hand_L 0.977200627 -0.0010882616 0.212315455 0 0.211899757 0.0677670836 -0.974939167 0 -0.0133265853 0.997700572 0.0664524734 0 0.536881864 0.86638999 0.0816577598 1
Early 432 462.0 foot_R 0 4.37113883e-08 1 0 0.99999994 0 0 0 0 1 -4.37113883e-08 0 0.0799999833 0.0688500032 0.49000001 1
Early 432 462.0 foot_L -0.0661980435 -2.24181422e-05 0.997806489 0 0.997370362 -0.0295624901 0.0661684498 0 0.0294961613 0.999562919 0.00197933847 0 0.0830405056 0.0801719129 -0.365272403 1
Early 432 462.5 root 1 0 0 0 0 1 0 0 0 0 1 0 0 0 0 1
Early 432 462.5 pelvis 0.563045561 3.39134267e-08 0.82642591 0 3.39134267e-08 1 -6.41415383e-08 0 -0.82642591 6.41415383e-08 0.563045561 0 0.0673667192 0.529999971 0.127221987 1
Early 432 462.5 chest 0.843158841 0.0332492888 0.536635578 0 -0.028016869 0.999447107 -0.017904589 0 -0.536934197 6.15631216e-05 0.843624115 0 0.0673667416 0.930000007 0.127221987 1
Early 432 462.5 head 0.998342991 2.24727955e-06 0.0575456023 0 -2.40786176e-06 1 2.67611904e-06 0 -0.0575456023 -2.81068424e-06 0.998342872 0 0.0567772724 1.30878997 0.120429255 1
Early 432 462.5 arm_R_0 0.0244229045 -0.000217626337 0.999701679 0 0.974776685 -0.221903384 -0.0238621645 0 0.221842378 0.975068569 -0.00520733185 0 -0.0800541341 0.93000114 0.358859181 1
Early 432 462.5 arm_R_1 0.167241797 -0.000461921096 0.985915899 0 0.977347136 -0.13147755 -0.16584973 0 0.129702389 0.991318941 -0.0215370506 0 0.170143932 0.782945156 0.352789938 1
Early 432 462.5 arm_R_2 0.400834382 -0.000755272806 0.916150331 0 0.915617406 0.0344400033 -0.400572807 0 -0.0312496983 0.999406397 0.0144962929 0 0.362582624 0.756996512 0.320062548 1
Early 432 462.5 hand_R 0.960626006 -0.00214444101 0.277836502 0 0.277471304 0.059232682 -0.958906293 0 -0.0144006312 0.998241842 0.0574954748 0 0.497277886 0.852150857 0.260697514 1
Early 432 462.5 bat_grip 0.960626006 -0.00214442238 0.277836561 0 0.277471364 0.0592325889 -0.958906293 0 -0.0144006265 0.998241842 0.057495378 0 0.497277886 0.852150857 0.260697514 1
Early 432 462.5 bat_barrel 0.960626006 -0.00214430713 0.277836621 0 0.277471393 0.0592333302 -0.958906174 0 -0.0144009478 0.998241782 0.0574960597 0 0.735903263 0.903090894 -0.563961864 1
Early 432 462.5 bat_tip 0.960626006 -0.00214451156 0.277836561 0 0.277471364 0.0592325889 -0.958906293 0 -0.0144005409 0.998241842 0.057495404 0 0.830243528 0.923230112 -0.889990211 1
Early 432 462.5 arm_L_0 -0.190179735 -0.000388205051 0.981749177 0 0.936694562 -0.299535573 0.181333452 0 0.293998569 0.954085052 0.0573291928 0 0.214787513 0.929998934 -0.104415178 1
Early 432 462.5 arm_L_1 -0.525086224 -0.000535473228 0.851049006 0 0.838567436 -0.170963719 0.517277598 0 0.14522174 0.985277236 0.0902197137 0 0.382131547 0.786295414 -0.0717457831 1
Early 432 462.5 arm_L_2 -0.893468142 -0.000417172909 0.449126542 0 0.447769701 0.0768472925 0.890840471 0 -0.0348854959 0.997042775 -0.0684738457 0 0.491719216 0.763712585 -0.00353263132 1
Early 432 462.5 hand_L 0.96062845 -0.00196687877 0.277830094 0 0.277454436 0.0592649281 -0.958909452 0 -0.0145790726 0.998240352 0.0574771464 0 0.544373155 0.862272739 0.0978439376 1
Early 432 462.5 foot_R 0 4.37113883e-08 1 0 0.99999994 0 0 0 0 1 -4.37113883e-08 0 0.0799999833 0.0688500032 0.49000001 1
Early 432 462.5 foot_L -0.0714068189 -4.55590962e-05 0.997447252 0 0.996940255 -0.031882152 0.0713690743 0 0.0317975096 0.999491632 0.00232202257 0 0.0833702832 0.0810575485 -0.367244899 1
Early 432 463.0 root 1 0 0 0 0 1 0 0 0 0 1 0 0 0 0 1
Early 432 463.0 pelvis 0.553310752 6.9198947e-08 0.832974911 0 6.9198947e-08 1 -1.29040458e-07 0 -0.832974911 1.29040458e-07 0.553310752 0 0.0676363707 0.529999971 0.127427056 1
Early 432 463.0 chest 0.831184983 0.034051396 0.554952323 0 -0.0282737762 0.999420106 -0.0189762451 0 -0.555276632 8.21725116e-05 0.831665635 0 0.0676364079 0.930000067 0.127427056 1
Early 432 463.0 head 0.998300552 -3.49609763e-09 0.0582749844 0 7.99118425e-08 1 -1.36750896e-06 0 -0.058274895 1.36900053e-06 0.998300493 0 0.0569622181 1.3087796 0.120225705 1
Early 432 463.0 arm_R_0 0.00265390682 -0.000316640828 0.999996364 0 0.974370003 -0.224935353 -0.00265690801 0 0.224935323 0.974373639 -0.00028834492 0 -0.0847196206 0.930000007 0.355624974 1
Early 432 463.0 arm_R_1 0.139563292 -0.000630781054 0.990212977 0 0.980966508 -0.136251897 -0.138346657 0 0.135005608 0.990674019 -0.0183969289 0 0.165720001 0.782041132 0.355025828 1
Early 432 463.0 arm_R_2 0.367648304 -0.000991858542 0.929964364 0 0.929596543 0.0285293888 -0.36747238 0 -0.0261668637 0.999592423 0.011410851 0 0.358381659 0.755193174 0.327760041 1
Early 432 463.0 hand_R 0.939676583 -0.00275021791 0.342052937 0 0.34174946 0.0504077375 -0.938438177 0 -0.0146611035 0.998724937 0.0483069122 0 0.493265718 0.849456728 0.273827374 1
Early 432 463.0 bat_grip 0.939676583 -0.00275019859 0.342052996 0 0.341749519 0.0504076444 -0.938438177 0 -0.0146610923 0.998724937 0.0483068153 0 0.493265718 0.849456728 0.273827374 1
Early 432 463.0 bat_barrel 0.939676583 -0.00275008264 0.342053056 0 0.341749549 0.0504083857 -0.938438058 0 -0.0146614593 0.998724878 0.0483074747 0 0.787170291 0.892807305 -0.53322947 1
Early 432 463.0 bat_tip 0.939676583 -0.002750288 0.342052996 0 0.341749519 0.0504076444 -0.938438177 0 -0.0146610085 0.998724937 0.0483068451 0 0.903365135 0.909946024 -0.852298558 1
Early 432 463.0 arm_L_0 -0.214814037 -0.000552088022 0.976654768 0 0.930464506 -0.304011106 0.20448263 0 0.29680118 0.952668428 0.0658195019 0 0.219992384 0.930000067 -0.100770846 1
Early 432 463.0 arm_L_1 -0.547334015 -0.000755235553 0.836914003 0 0.823773324 -0.176999629 0.538580298 0 0.147726923 0.98421073 0.0975000113 0 0.387794375 0.78489542 -0.063494578 1
Early 432 463.0 arm_L_2 -0.898977518 -0.000777482986 0.437994242 0 0.437067568 0.0634428114 0.897188306 0 -0.0284848511 0.997985184 -0.0566939861 0 0.49781853 0.76090157 0.00933734514 1
Early 432 463.0 hand_L 0.939676881 -0.0027500838 0.342052728 0 0.341749609 0.0504079461 -0.938438356 0 -0.0146609843 0.998724937 0.0483068228 0 0.551362991 0.858026028 0.114292875 1
Early 432 463.0 foot_R 0 4.37113883e-08 1 0 0.99999994 0 0 0 0 1 -4.37113883e-08 0 0.0799999833 0.0688500032 0.49000001 1
Early 432 463.0 foot_L -0.0766136721 -5.65828523e-05 0.997060835 0 0.996477604 -0.0342017226 0.0765669271 0 0.0340968631 0.999414921 0.00267670327 0 0.0837000608 0.0819431841 -0.369217396 1
Early 432 463.5 root 1 0 0 0 0 1 0 0 0 0 1 0 0 0 0 1
Early 432 463.5 pelvis 0.543737054 1.69424652e-08 0.839255691 0 1.69424652e-08 1 -3.11641806e-08 0 -0.839255691 3.11641806e-08 0.543737054 0 0.0678995252 0.529999971 0.127627194 1
Early 432 463.5 chest 0.819115043 0.0348344259 0.572570682 0 -0.0285069831 0.999393106 -0.0200198684 0 -0.57292062 7.63119606e-05 0.819610953 0 0.0678995401 0.930000007 0.127627194 1
Early 432 463.5 head 0.998258829 2.17786874e-06 0.0589868426 0 -2.31684317e-06 1 2.25855911e-06 0 -0.058986932 -2.39297515e-06 0.99825877 0 0.0571321212 1.30876935 0.120031752 1
Early 432 463.5 arm_R_0 -0.0185910892 -0.000275764614 0.999827087 0 0.973518074 -0.227897704 0.0180390347 0 0.227853313 0.973685086 0.00450535212 0 -0.0893453807 0.93000102 0.352573216 1
Early 432 463.5 arm_R_1 0.112444811 -0.000576592982 0.993657827 0 0.983734071 -0.140913486 -0.111403547 0 0.140083984 0.990021765 -0.0152777731 0 0.161447361 0.781163156 0.357300639 1
Early 432 463.5 arm_R_2 0.334796399 -0.000934928656 0.942289948 0 0.942053318 0.0227712821 -0.334689647 0 -0.0211442858 0.999740303 0.00850451365 0 0.354479879 0.753433406 0.335367769 1
Early 432 463.5 hand_R 0.915081024 -0.00265485048 0.403261483 0 0.403009176 0.0420054793 -0.91423142 0 -0.0145120025 0.999113798 0.0395083427 0 0.489767134 0.846807122 0.286793232 1
Early 432 463.5 bat_grip 0.915081024 -0.00265483069 0.403261542 0 0.403009236 0.0420053862 -0.91423142 0 -0.0145119857 0.999113798 0.0395082496 0 0.489767134 0.846807122 0.286793232 1
Early 432 463.5 bat_barrel 0.915081024 -0.00265471404 0.403261602 0 0.403009266 0.0420061275 -0.91423136 0 -0.0145123955 0.999113739 0.0395088829 0 0.83635509 0.882931769 -0.499445796 1
Early 432 463.5 bat_tip 0.915081024 -0.0026549201 0.403261542 0 0.403009236 0.0420053862 -0.91423142 0 -0.0145119037 0.999113798 0.0395082869 0 0.973378241 0.897213697 -0.810284615 1
Early 432 463.5 arm_L_0 -0.23872295 -0.000489264727 0.971087754 0 0.923796773 -0.308377981 0.226941913 0 0.299351275 0.951263785 0.0740687773 0 0.225144416 0.929998994 -0.0973188207 1
Early 432 463.5 arm_L_1 -0.56867063 -0.000673592091 0.822565317 0 0.808760881 -0.182893902 0.558977365 0 0.150065973 0.983132482 0.104551107 0 0.393521667 0.78354311 -0.055593878 1
Early 432 463.5 arm_L_2 -0.904199243 -0.000566184521 0.42711094 0 0.426542729 0.0503752157 0.903063476 0 -0.0220266581 0.998730302 -0.0453078598 0 0.504141569 0.758207381 0.0216749981 1
Early 432 463.5 hand_L 0.915083706 -0.00249134004 0.403256118 0 0.402996689 0.0420587361 -0.914234638 0 -0.0146822929 0.999112129 0.0394910872 0 0.558172524 0.854016721 0.131519347 1
Early 432 463.5 foot_R 0 4.37113883e-08 1 0 0.99999994 0 0 0 0 1 -4.37113883e-08 0 0.0799999833 0.0688500032 0.49000001 1
Early 432 463.5 foot_L -0.0816932693 -5.56530504e-05 0.996657491 0 0.995994747 -0.0364652574 0.0816369206 0 0.0363388285 0.999334931 0.0030343961 0 0.0840456933 0.0828066468 -0.371138722 1
Early 432 464 root 1 0 0 0 0 1 0 0 0 0 1 0 0 0 0 1
Early 432 464 pelvis 0.534092367 -3.64312456e-08 0.845426142 0 -3.64312456e-08 1 6.61073685e-08 0 -0.845426142 -6.61073685e-08 0.534092367 0 0.0681626797 0.529999971 0.127827317 1
Early 432 464 chest 0.806671262 0.0356173329 0.589926183 0 -0.0287126955 0.999365509 -0.0210755635 0 -0.590302467 6.26817055e-05 0.807182074 0 0.0681626722 0.929999948 0.127827317 1
Early 432 464 head 0.998216391 3.7591235e-08 0.0596983731 0 2.67828e-08 1 -1.06761581e-06 0 -0.0596983135 1.06679727e-06 0.99821651 0 0.0573124029 1.30875897 0.119832985 1
Early 432 464 arm_R_0 -0.0398283564 -0.000241682865 0.999206483 0 0.972218633 -0.230853721 0.0386968553 0 0.230661184 0.972988486 0.009429547 0 -0.0939015597 0.929999888 0.349416733 1
Early 432 464 arm_R_1 0.0852437839 -0.000481545925 0.996360004 0 0.985741019 -0.14556852 -0.0844055787 0 0.145079285 0.989348114 -0.0119340941 0 0.157128453 0.780280292 0.359484643 1
Early 432 464 arm_R_2 0.301539958 -0.000757090747 0.953453124 0 0.95331955 0.0169997681 -0.301484197 0 -0.0159802176 0.999855399 0.00584787875 0 0.35038057 0.751671612 0.342885911 1
Early 432 464 hand_R 0.886525273 -0.00209793448 0.462675214 0 0.462480426 0.0333870351 -0.886000633 0 -0.0135884583 0.999440491 0.0305686891 0 0.485855132 0.844174266 0.29962039 1
Early 432 464 bat_grip 0.886525273 -0.00209791423 0.462675273 0 0.462480485 0.033386942 -0.886000633 0 -0.013588435 0.999440491 0.030568596 0 0.485855132 0.844174266 0.29962039 1
Early 432 464 bat_barrel 0.886525273 -0.00209779711 0.462675333 0 0.462480515 0.0333876833 -0.886000574 0 -0.0135888848 0.999440491 0.0305692013 0 0.883588314 0.872887015 -0.462340176 1
Early 432 464 bat_tip 0.886525273 -0.00209800364 0.462675273 0 0.462480485 0.033386942 -0.886000633 0 -0.0135883559 0.999440491 0.030568637 0 1.04083169 0.88423872 -0.763580561 1
Early 432 464 arm_L_0 -0.262488484 -0.000421449542 0.964935064 0 0.916568995 -0.312735081 0.24919498 0 0.301664174 0.949840307 0.0824755654 0 0.230226874 0.930000007 -0.0937620923 1
Early 432 464 arm_L_1 -0.589639425 -0.000576481223 0.80766654 0 0.793209255 -0.188774675 0.578950107 0 0.15213339 0.982020378 0.111766234 0 0.399052888 0.782175958 -0.0475391783 1
Early 432 464 arm_L_2 -0.909309387 -0.000593543053 0.41612044 0 0.415811151 0.0372696966 0.908686996 0 -0.0160477757 0.999305129 -0.0336429924 0 0.510101259 0.755462646 0.0342393368 1
Early 432 464 hand_L 0.886525214 -0.00209789723 0.462675452 0 0.462480724 0.0333873928 -0.886000633 0 -0.0135884881 0.999440253 0.0305688083 0 0.564476609 0.849850059 0.149000213 1
Early 432 464 foot_R 0 4.37113883e-08 1 0 0.99999994 0 0 0 0 1 -4.37113883e-08 0 0.0799999833 0.0688500032 0.49000001 1
Early 432 464 foot_L -0.0867707133 -4.31819535e-05 0.996228278 0 0.995481014 -0.0387285687 0.0867039561 0 0.0385787487 0.999249756 0.00340349227 0 0.0843913257 0.083670117 -0.373060048 1
Early 432 464.5 root 1 0 0 0 0 1 0 0 0 0 1 0 0 0 0 1
Early 432 464.5 pelvis 0.524867833 -3.00222531e-08 0.851183712 0 -3.00222567e-08 1 5.37838858e-08 0 -0.851183712 -5.37838893e-08 0.524867833 0 0.0684014633 0.529999971 0.12801598 1
Early 432 464.5 chest 0.794274867 0.0363841467 0.606468141 0 -0.0288912728 0.999337852 -0.022115659 0 -0.606871247 4.42747005e-05 0.794800162 0 0.0684014633 0.929999948 0.12801598 1
Early 432 464.5 head 0.998174667 2.11794759e-06 0.0603920519 0 -2.27403143e-06 1 2.51650999e-06 0 -0.0603920519 -2.65254857e-06 0.998174667 0 0.0574725159 1.30874872 0.119630702 1
Early 432 464.5 arm_R_0 -0.0604042597 -0.000143931247 0.998173892 0 0.97055757 -0.233607233 0.0586994588 0 0.233172208 0.972330928 0.0142506249 0 -0.0983090997 0.930000961 0.346346915 1
Early 432 464.5 arm_R_1 0.0587095357 -0.000314481556 0.998275042 0 0.986990392 -0.149916589 -0.0580930039 0 0.149676263 0.988698483 -0.00849110633 0 0.152931705 0.779457033 0.361586839 1
Early 432 464.5 arm_R_2 0.268330753 -0.000543989241 0.963326514 0 0.963264704 0.0115018524 -0.268306941 0 -0.0109340921 0.9999336 0.00361034647 0 0.346411228 0.750021756 0.350165427 1
Early 432 464.5 hand_R 0.854581118 -0.0015142262 0.519315481 0 0.519178271 0.0256660879 -0.854280353 0 -0.0120351911 0.999669313 0.0227200091 0 0.482143641 0.841690838 0.312100351 1
Early 432 464.5 bat_grip 0.854581058 -0.00151420548 0.519315541 0 0.519178331 0.0256659947 -0.854280293 0 -0.0120351622 0.999669313 0.0227199178 0 0.482143641 0.841690838 0.312100351 1
Early 432 464.5 bat_barrel 0.854580998 -0.0015140879 0.5193156 0 0.519178331 0.0256667379 -0.854280174 0 -0.0120356511 0.999669313 0.0227204915 0 0.928636968 0.863763571 -0.422580719 1
Early 432 464.5 bat_tip 0.854581058 -0.00151429488 0.519315541 0 0.519178331 0.0256659947 -0.854280293 0 -0.0120350858 0.999669313 0.0227199644 0 1.10515761 0.872490168 -0.71303612 1
Early 432 464.5 arm_L_0 -0.286292344 -0.000251412392 0.95814234 0 0.908882856 -0.316583395 0.271490425 0 0.303263962 0.948564529 0.090863809 0 0.235111997 0.929998934 -0.0903149024 1
Early 432 464.5 arm_L_1 -0.610087156 -0.00032684207 0.792334437 0 0.777351797 -0.193796784 0.598470628 0 0.153356552 0.98104161 0.118486956 0 0.40431416 0.780911446 -0.0395573229 1
Early 432 464.5 arm_L_2 -0.914435029 -0.000255703926 0.404732794 0 0.404593289 0.0256733876 0.914136171 0 -0.0106242597 0.999670267 -0.0233732611 0 0.515758455 0.752942681 0.0467446744 1
Early 432 464.5 hand_L 0.854582667 -0.00137514621 0.519313514 0 0.51917249 0.0257242918 -0.854282379 0 -0.0121837854 0.999668002 0.0226973891 0 0.570278704 0.846121073 0.167001471 1
Early 432 464.5 foot_R 0 4.37113883e-08 1 0 0.99999994 0 0 0 0 1 -4.37113883e-08 0 0.0799999833 0.0688500032 0.49000001 1
Early 432 464.5 foot_L -0.0918702558 -3.59147198e-05 0.995770991 0 0.994933724 -0.0410011783 0.0917915404 0 0.0408244804 0.999159098 0.00380252139 0 0.0847620219 0.0845363289 -0.374985158 1
Early 432 465.0 root 1 0 0 0 0 1 0 0 0 0 1 0 0 0 0 1
Early 432 465.0 pelvis 0.515581131 -2.34796467e-08 0.85684073 0 -2.34796502e-08 1 4.15308321e-08 0 -0.85684073 -4.15308357e-08 0.515581131 0 0.068640247 0.529999971 0.128204644 1
Early 432 465.0 chest 0.781538606 0.0371507183 0.622749686 0 -0.0290433411 0.999309659 -0.0231659319 0 -0.623180389 1.83409211e-05 0.782078087 0 0.0686402544 0.929999948 0.128204644 1
Early 432 465.0 head 0.998132467 3.65098458e-08 0.061085999 0 -2.07164703e-08 0.99999994 -2.28316821e-07 0 -0.0610859394 2.31625563e-07 0.998132467 0 0.0576425493 1.30873835 0.119424105 1
Early 432 465.0 arm_R_0 -0.0809556246 -5.27249649e-05 0.996717632 0 0.968478322 -0.236355036 0.0786495283 0 0.23557508 0.971666694 0.0191853903 0 -0.102651134 0.930000007 0.343179584 1
Early 432 465.0 arm_R_1 0.0321348235 -0.000110186636 0.999483466 0 0.987519562 -0.154257461 -0.0317670964 0 0.154181272 0.988030553 -0.0048481822 0 0.148691639 0.778628826 0.363603741 1
Early 432 465.0 arm_R_2 0.234806255 -0.000214532018 0.972041965 0 0.972024858 0.00599615276 -0.234800771 0 -0.00577814505 0.999981821 0.00161650032 0 0.342256606 0.748368502 0.357361287 1
Early 432 465.0 hand_R 0.819047928 -0.000485986471 0.573724627 0 0.573641241 0.0177746117 -0.818913639 0 -0.00979965925 0.999841809 0.0148370564 0 0.478043944 0.839219511 0.324452102 1
Early 432 465.0 bat_grip 0.819047868 -0.000485965225 0.573724687 0 0.5736413 0.0177745186 -0.818913579 0 -0.00979962386 0.999841809 0.014836967 0 0.478043944 0.839219511 0.324452102 1
Early 432 465.0 bat_barrel 0.819047809 -0.000485847151 0.573724747 0 0.5736413 0.0177752618 -0.81891346 0 -0.00980014913 0.999841809 0.014837509 0 0.971375465 0.854505599 -0.379813612 1
Early 432 465.0 bat_tip 0.819047868 -0.000486054632 0.573724687 0 0.5736413 0.0177745186 -0.818913579 0 -0.00979955029 0.999841809 0.0148370182 0 1.16641355 0.860549033 -0.658244312 1
Early 432 465.0 arm_L_0 -0.309921265 -7.49528408e-05 0.950762272 0 0.900640428 -0.32042262 0.293557674 0 0.304623961 0.947274625 0.0993732512 0 0.239931583 0.929999948 -0.0867702141 1
Early 432 465.0 arm_L_1 -0.630141735 -6.55353069e-05 0.776480317 0 0.760988891 -0.19880636 0.617553174 0 0.154328987 0.980038762 0.125326037 0 0.409380943 0.779634237 -0.0314319134 1
Early 432 465.0 arm_L_2 -0.919431865 -0.000119924545 0.393249273 0 0.393208653 0.0140479254 0.919341922 0 -0.00563430786 0.999901235 -0.0128690451 0 0.521052539 0.750379205 0.0594619215 1
Early 432 465.0 hand_L 0.819047809 -0.000486146659 0.573724985 0 0.573641539 0.0177749097 -0.818913698 0 -0.00979948044 0.99984169 0.0148372352 0 0.575562716 0.842240989 0.185236603 1
Early 432 465.0 foot_R 0 4.37113883e-08 1 0 0.99999994 0 0 0 0 1 -4.37113883e-08 0 0.0799999833 0.0688500032 0.49000001 1
Early 432 465.0 foot_L -0.096967347 -1.70029107e-05 0.995287538 0 0.994355261 -0.0432735085 0.0968757868 0 0.0430679321 0.999063253 0.00421302393 0 0.0851327181 0.0854025409 -0.376910239 1
Early 432 465.5 root 1 0 0 0 0 1 0 0 0 0 1 0 0 0 0 1
Early 432 465.5 pelvis 0.507522047 -1.51608006e-08 0.861638904 0 -1.51608024e-08 1 2.65253206e-08 0 -0.861638904 -2.65253224e-08 0.507522047 0 0.0687986836 0.529999971 0.128361434 1
Early 432 465.5 chest 0.769220233 0.0379152745 0.637858033 0 -0.0291534867 0.99928093 -0.024241399 0 -0.638318598 5.11838589e-05 0.76977247 0 0.0687986985 0.929999948 0.128361449 1
Early 432 465.5 head 0.998091102 2.12054147e-06 0.0617607236 0 -2.23267853e-06 1 1.79421477e-06 0 -0.0617607236 -1.93417145e-06 0.998091042 0 0.0577747151 1.30872703 0.119172208 1
Early 432 465.5 arm_R_0 -0.100463413 -0.000133568421 0.994940877 0 0.966231048 -0.238506094 0.0975324437 0 0.237286448 0.971140981 0.024090223 0 -0.106523976 0.93000102 0.339798599 1
Early 432 465.5 arm_R_1 0.00644391403 -0.000299744308 0.999979377 0 0.987461269 -0.15773122 -0.00641055126 0 0.157729894 0.987482011 -0.00072041899 0 0.144473463 0.777961433 0.365174562 1
Early 432 465.5 arm_R_2 0.200111032 -0.00061122328 0.979773104 0 0.979772806 0.00105523318 -0.200110361 0 -0.000911552459 0.999999285 0.000810019672 0 0.337708294 0.747031152 0.363890707 1
Early 432 465.5 hand_R 0.779231429 -0.0014455393 0.626734614 0 0.626704514 0.0118819773 -0.779166639 0 -0.00632038713 0.999928355 0.0101647079 0 0.473193347 0.837206841 0.335966647 1
Early 432 465.5 bat_grip 0.779231369 -0.00144551764 0.626734674 0 0.626704574 0.0118818842 -0.779166579 0 -0.00632034615 0.999928355 0.0101646213 0 0.473193347 0.837206841 0.335966647 1
Early 432 465.5 bat_barrel 0.77923131 -0.00144539913 0.626734734 0 0.626704574 0.0118826283 -0.77916646 0 -0.00632090587 0.999928355 0.010165127 0 1.01215935 0.847425282 -0.334116638 1
Early 432 465.5 bat_tip 0.779231369 -0.00144560705 0.626734674 0 0.626704574 0.0118818842 -0.779166579 0 -0.0063202763 0.999928355 0.0101646772 0 1.22523892 0.851465225 -0.599033356 1
Early 432 465.5 arm_L_0 -0.335955799 -0.000196635723 0.941877961 0 0.891560614 -0.322542429 0.317940772 0 0.303733259 0.946555018 0.108535178 0 0.244121343 0.929998875 -0.08307565 1
Early 432 465.5 arm_L_1 -0.650807917 -0.000170230865 0.759242892 0 0.743805587 -0.200770169 0.637530386 0 0.152324989 0.979638398 0.13078934 0 0.413175762 0.778627396 -0.0224946961 1
Early 432 465.5 arm_L_2 -0.925286293 -0.000260829926 0.379270345 0 0.37925756 0.0075494498 0.925260544 0 -0.00310432911 0.999971449 -0.00688661635 0 0.524472654 0.748369515 0.0736305118 1
Early 432 465.5 hand_L 0.779229403 -0.00135198794 0.626737773 0 0.626706719 0.0118950307 -0.77916503 0 -0.00640130043 0.999928355 0.0101161003 0 0.579610765 0.83924824 0.203622043 1
Early 432 465.5 foot_R 0 4.37113883e-08 1 0 0.99999994 0 0 0 0 1 -4.37113883e-08 0 0.0799999833 0.0688500032 0.49000001 1
Early 432 465.5 foot_L -0.102555268 -5.10465288e-05 0.994727314 0 0.993685424 -0.0457605012 0.10244552 0 0.0455139875 0.998952448 0.00474370364 0 0.085565418 0.0863496661 -0.379011124 1
Early 432 466.0 root 1 0 0 0 0 1 0 0 0 0 1 0 0 0 0 1
Early 432 466.0 pelvis 0.499418437 -6.70157885e-09 0.866360962 0 -6.70157885e-09 1 1.15984822e-08 0 -0.866360962 -1.15984822e-08 0.499418437 0 0.0689571202 0.529999971 0.128518209 1
Early 432 466.0 chest 0.756609142 0.038680099 0.652722418 0 -0.0292377733 0.999251664 -0.0253240746 0 -0.653213501 7.62759591e-05 0.757173896 0 0.0689571425 0.929999948 0.128518209 1
Early 432 466.0 head 0.99804914 5.73090801e-08 0.0624351501 0 1.44900696e-08 1 -1.13025817e-06 0 -0.0624351501 1.12901034e-06 0.99804914 0 0.0579167269 1.30871558 0.118918136 1
Early 432 466.0 arm_R_0 -0.119933456 -0.000220549293 0.992781937 0 0.96361208 -0.240651488 0.116356134 0 0.238888741 0.970611572 0.0290747248 0 -0.110323913 0.929999888 0.336342186 1
Early 432 466.0 arm_R_1 -0.0192517042 -0.000460065901 0.999814689 0 0.986740172 -0.161200792 0.018925786 0 0.161162123 0.986921489 0.00355738401 0 0.140229642 0.777291894 0.366663247 1
Early 432 466.0 arm_R_2 0.165164366 -0.000896379352 0.986265719 0 0.98625803 -0.00390093774 -0.165166631 0 0.00399532914 0.999991953 0.000239804387 0 0.333005309 0.745694578 0.370317668 1
Early 432 466.0 hand_R 0.736000717 -0.00203394145 0.676977754 0 0.676976562 0.00577688217 -0.735982001 0 -0.00241389871 0.999981284 0.00562876463 0 0.468003392 0.835208833 0.347305238 1
Early 432 466.0 bat_grip 0.736000657 -0.00203391956 0.676977813 0 0.676976621 0.00577678904 -0.735981941 0 -0.00241385214 0.999981284 0.00562868081 0 0.468003392 0.835208833 0.347305238 1
Early 432 466.0 bat_barrel 0.736000597 -0.00203380082 0.676977873 0 0.676976621 0.00577753363 -0.735981822 0 -0.00241444423 0.999981284 0.00562914833 0 1.05020332 0.84017688 -0.285639226 1
Early 432 466.0 bat_tip 0.736000657 -0.00203400897 0.676977813 0 0.676976621 0.00577678904 -0.735981941 0 -0.00241378625 0.999981284 0.00562874135 0 1.28037548 0.842141092 -0.535873234 1
Early 432 466.0 arm_L_0 -0.361736536 -0.000313267112 0.932280481 0 0.8818174 -0.324656665 0.342047065 0 0.302563995 0.945831954 0.117716357 0 0.248238191 0.929999948 -0.0793057457 1
Early 432 466.0 arm_L_1 -0.671004236 -0.000274136662 0.741453826 0 0.726094663 -0.202727914 0.657029629 0 0.150133416 0.979235172 0.136230335 0 0.416733444 0.777616858 -0.0134629589 1
Early 432 466.0 arm_L_2 -0.930930734 -0.000501483679 0.365195811 0 0.365194857 0.00104838237 0.930930495 0 -0.00084939599 0.999999344 -0.000792838633 0 0.527450919 0.746344507 0.0879355446 1
Early 432 466.0 hand_L 0.736000597 -0.00203397498 0.676977813 0 0.67697674 0.00577721 -0.73598206 0 -0.00241371989 0.999981225 0.00562900305 0 0.583089173 0.83619076 0.222188264 1
Early 432 466.0 foot_R 0 4.37113883e-08 1 0 0.99999994 0 0 0 0 1 -4.37113883e-08 0 0.0799999833 0.0688500032 0.49000001 1
Early 432 466.0 foot_L -0.108139984 -7.11091052e-05 0.994135678 0 0.992978215 -0.0482473485 0.108010642 0 0.0479567237 0.998835444 0.00528807705 0 0.0859981179 0.0872967988 -0.381112009 1
Early 432 466.5 root 1 0 0 0 0 1 0 0 0 0 1 0 0 0 0 1
Early 432 466.5 pelvis 0.491482884 5.11178166e-09 0.87088728 0 5.11178166e-09 1 -8.75444606e-09 0 -0.87088728 8.75444606e-09 0.491482884 0 0.0691114441 0.529999971 0.128670916 1
Early 432 466.5 chest 0.744048476 0.0394253917 0.666961551 0 -0.0293042008 0.999222517 -0.0263748318 0 -0.667482793 7.93788568e-05 0.74462527 0 0.069111459 0.929999948 0.128670916 1
Early 432 466.5 head 0.998007774 2.00086288e-06 0.0630922914 0 -2.08222264e-06 0.99999994 1.1934826e-06 0 -0.0630921721 -1.31582783e-06 0.998007774 0 0.0580455586 1.30870461 0.118672863 1
Early 432 466.5 arm_R_0 -0.138852894 -0.000215923414 0.990312934 0 0.960699975 -0.242745742 0.13464801 0 0.240365207 0.970089853 0.0339134522 0 -0.114093781 0.930000961 0.333049268 1
Early 432 466.5 arm_R_1 -0.0442681536 -0.000470429659 0.999019623 0 0.985399246 -0.164585337 0.0435872339 0 0.164403483 0.986362576 0.00774948299 0 0.136122227 0.776642263 0.368191689 1
Early 432 466.5 arm_R_2 0.130920663 -0.000942982733 0.991392374 0 0.991353929 -0.00872887298 -0.130923837 0 0.00877719373 0.999961317 -0.000207930803 0 0.328574836 0.744393229 0.376672596 1
Early 432 466.5 hand_R 0.69076705 -0.00220640749 0.723074019 0 0.723075747 -3.85940075e-05 -0.690768838 0 0.00155207515 0.999997497 0.00156882405 0 0.463276565 0.833250761 0.358509034 1
Early 432 466.5 bat_grip 0.69076699 -0.00220638514 0.723074079 0 0.723075807 -3.8687278e-05 -0.690768778 0 0.00155212707 0.999997497 0.00156874361 0 0.463276565 0.833250761 0.358509034 1
Early 432 466.5 bat_barrel 0.690766931 -0.00220626593 0.723074138 0 0.723075807 -3.79423582e-05 -0.690768659 0 0.00155150599 0.999997497 0.00156917202 0 1.08512175 0.833217502 -0.235552102 1
Early 432 466.5 bat_tip 0.69076699 -0.00220647454 0.723074079 0 0.723075807 -3.8687278e-05 -0.690768778 0 0.00155218889 0.999997497 0.00156880822 0 1.33096766 0.833204448 -0.470413595 1
Early 432 466.5 arm_L_0 -0.386584431 -0.000313192606 0.922254145 0 0.871681154 -0.32672137 0.365274578 0 0.301205933 0.945120692 0.126578331 0 0.252316713 0.929998934 -0.0757074431 1
Early 432 466.5 arm_L_1 -0.690207601 -0.000272259116 0.723611653 0 0.708336234 -0.204641849 0.675560355 0 0.147897586 0.978836954 0.141438186 0 0.420425504 0.77663672 -0.00476161577 1
Early 432 466.5 arm_L_2 -0.936220825 -0.000450372696 0.351412475 0 0.351409674 -0.00528323464 0.936206937 0 0.00143530965 0.999985993 0.00510446727 0 0.530775845 0.744387865 0.101729311 1
Early 432 466.5 hand_L 0.690764606 -0.00212020427 0.723076701 0 0.72307843 -1.44839287e-05 -0.690766335 0 0.00147545338 0.999997735 0.00152289867 0 0.586061597 0.833272219 0.241168827 1
Early 432 466.5 foot_R 0 4.37113883e-08 1 0 0.99999994 0 0 0 0 1 -4.37113883e-08 0 0.0799999833 0.0688500032 0.49000001 1
Early 432 466.5 foot_L -0.113576427 -7.72111161e-05 0.99352926 0 0.992253423 -0.0506693982 0.113426656 0 0.050332766 0.99871546 0.00583146187 0 0.0864467025 0.0882183537 -0.383152992 1
Early 432 467.0 root 1 0 0 0 0 1 0 0 0 0 1 0 0 0 0 1
Early 432 467.0 pelvis 0.483506501 1.71105814e-08 0.875340819 0 1.71105814e-08 1 -2.89986009e-08 0 -0.875340819 2.89986009e-08 0.483506501 0 0.0692657679 0.529999971 0.128823623 1
Early 432 467.0 chest 0.731219411 0.0401706658 0.680958629 0 -0.02934606 0.999192834 -0.0274316818 0 -0.681510925 7.51232365e-05 0.731808007 0 0.0692657828 0.929999948 0.128823608 1
Early 432 467.0 head 0.997966051 5.98192855e-08 0.0637491941 0 1.82844815e-08 1 -1.21933772e-06 0 -0.0637491941 1.21648554e-06 0.997966051 0 0.0581837222 1.30869317 0.118425265 1
Early 432 467.0 arm_R_0 -0.157722414 -0.000217270106 0.987483382 0 0.957437634 -0.24483484 0.152869672 0 0.241737157 0.969564676 0.0388240218 0 -0.117797382 0.930000126 0.329682291 1
Early 432 467.0 arm_R_1 -0.0692567527 -0.000453174114 0.997598648 0 0.98343122 -0.167964503 0.0681969896 0 0.167530283 0.985792816 0.0120783821 0 0.131987393 0.77598989 0.369643241 1
Early 432 467.0 arm_R_2 0.0965230912 -0.000883027911 0.995330215 0 0.995238006 -0.0135636032 -0.0965260565 0 0.0135855004 0.999907553 -0.000430338085 0 0.32399413 0.74309057 0.382937402 1
Early 432 467.0 hand_R 0.642667949 -0.00200349838 0.76614219 0 0.766122222 -0.00600707531 -0.642666698 0 0.00588995218 0.999979913 -0.00232559443 0 0.458223403 0.831302524 0.369564891 1
Early 432 467.0 bat_grip 0.64266789 -0.00200347556 0.766142249 0 0.766122282 -0.00600716844 -0.642666638 0 0.00589000899 0.999979913 -0.00232567149 0 0.458223403 0.831302524 0.369564891 1
Early 432 467.0 bat_barrel 0.64266783 -0.00200335588 0.766142309 0 0.766122282 -0.00600642292 -0.642666519 0 0.00588936172 0.999979913 -0.00232528406 0 1.11708856 0.826136351 -0.183128417 1
Early 432 467.0 bat_tip 0.64266789 -0.00200356496 0.766142249 0 0.766122282 -0.00600716844 -0.642666638 0 0.00589006627 0.999979913 -0.00232560304 0 1.37757027 0.824094057 -0.40163517 1
Early 432 467.0 arm_L_0 -0.411155075 -0.000308573246 0.911565483 0 0.860930085 -0.328780234 0.388204992 0 0.299585074 0.94440639 0.135445252 0 0.25632894 0.929999948 -0.0720351189 1
Early 432 467.0 arm_L_1 -0.708938062 -0.000270023942 0.705271006 0 0.6901021 -0.206549704 0.693611205 0 0.145486414 0.978436172 0.146617264 0 0.423894942 0.775651932 0.00403942354 1
Early 432 467.0 arm_L_2 -0.941309154 -0.000494003296 0.337545723 0 0.337528229 -0.0116193183 0.941243768 0 0.00345733762 0.999932408 0.01110401 0 0.533683181 0.742414773 0.115669675 1
Early 432 467.0 hand_L 0.642667711 -0.00200358778 0.766142428 0 0.76612246 -0.0060068965 -0.642666817 0 0.00589007139 0.999979973 -0.00232550502 0 0.588463962 0.830281198 0.260311395 1
Early 432 467.0 foot_R 0 4.37113883e-08 1 0 0.99999994 0 0 0 0 1 -4.37113883e-08 0 0.0799999833 0.0688500032 0.49000001 1
Early 432 467.0 foot_L -0.11900945 -7.00477976e-05 0.9928931 0 0.991493225 -0.0530911349 0.118837923 0 0.0527054928 0.998589694 0.00638779905 0 0.086895287 0.0891399086 -0.385193974 1
Early 432 467.5 root 1 0 0 0 0 1 0 0 0 0 1 0 0 0 0 1
Early 432 467.5 pelvis 0.475703776 3.33255343e-08 0.879605651 0 3.33255343e-08 1 -5.59098581e-08 0 -0.879605651 5.59098581e-08 0.475703776 0 0.0694159716 0.529999971 0.128972262 1
Early 432 467.5 chest 0.718478441 0.0408956371 0.69434607 0 -0.0293719005 0.999163449 -0.0284560602 0 -0.694928885 5.08027333e-05 0.719078541 0 0.0694159865 0.929999948 0.128972247 1
Early 432 467.5 head 0.997925043 1.87812475e-06 0.0643887222 0 -1.98025009e-06 1 1.51580389e-06 0 -0.0643886924 -1.6368358e-06 0.997925043 0 0.0583092719 1.30868268 0.11818666 1
Early 432 467.5 arm_R_0 -0.176033244 -0.000133769587 0.984384239 0 0.953922093 -0.2468694 0.170552358 0 0.242991537 0.969048738 0.0435848758 0 -0.12146455 0.930000961 0.326477468 1
Early 432 467.5 arm_R_1 -0.093537353 -0.000298023224 0.99561578 0 0.980912507 -0.171251476 0.0921048224 0 0.170473218 0.985227346 0.0163107812 0 0.127990589 0.775357842 0.371129453 1
Early 432 467.5 arm_R_2 0.0629289597 -0.000606015325 0.998017848 0 0.997850895 -0.0182544366 -0.0629294813 0 0.0182564333 0.999833286 -0.000543981791 0 0.319681615 0.741824865 0.389118403 1
Early 432 467.5 hand_R 0.593263626 -0.00144542009 0.805006981 0 0.804943085 -0.0116444528 -0.593237698 0 0.0102314651 0.999931335 -0.00574471056 0 0.453620523 0.82939887 0.380459189 1
Early 432 467.5 bat_grip 0.593263566 -0.00144539704 0.805007041 0 0.804943144 -0.0116445459 -0.593237638 0 0.0102315266 0.999931335 -0.00574478367 0 0.453620523 0.82939887 0.380459189 1
Early 432 467.5 bat_barrel 0.593263507 -0.00144527713 0.8050071 0 0.804943144 -0.0116438 -0.593237519 0 0.010230856 0.999931335 -0.00574443769 0 1.14587164 0.819384575 -0.129725218 1
Early 432 467.5 bat_tip 0.593263566 -0.00144548644 0.805007041 0 0.804943144 -0.0116445459 -0.593237638 0 0.0102315797 0.999931335 -0.0057447115 0 1.41955245 0.815425515 -0.331426144 1
Early 432 467.5 arm_L_0 -0.434786916 -0.00019608438 0.900533497 0 0.849867582 -0.330783904 0.410252869 0 0.297801703 0.943706512 0.143987149 0 0.260296524 0.929998994 -0.0685330108 1
Early 432 467.5 arm_L_1 -0.726700127 -0.000169828534 0.686955094 0 0.671896636 -0.208408326 0.71071887 0 0.143046692 0.978041947 0.151564479 0 0.427484661 0.774698496 0.0125053879 1
Early 432 467.5 arm_L_2 -0.946062386 -0.000265955925 0.32398507 0 0.323938221 -0.0177773573 0.945911288 0 0.00550836325 0.999841928 0.0169045851 0 0.536913276 0.74051106 0.129089594 1
Early 432 467.5 hand_L 0.593261182 -0.00136714429 0.805009127 0 0.804946363 -0.011611402 -0.593234599 0 0.010158807 0.999931574 -0.00578829646 0 0.590312481 0.827452362 0.279676169 1
Early 432 467.5 foot_R 0 4.37113883e-08 1 0 0.99999994 0 0 0 0 1 -4.37113883e-08 0 0.0799999833 0.0688500032 0.49000001 1
Early 432 467.5 foot_L -0.124294147 -5.03391711e-05 0.992245436 0 0.990719199 -0.0554479361 0.124100164 0 0.0550117083 0.998461604 0.00694172503 0 0.0873576254 0.0900358111 -0.387175173 1
Early 432 468.0 root 1 0 0 0 0 1 0 0 0 0 1 0 0 0 0 1
Early 432 468.0 pelvis 0.46786359 4.97791248e-08 0.883800685 0 4.97791248e-08 1 -8.26758395e-08 0 -0.883800685 8.26758395e-08 0.46786359 0 0.0695661753 0.529999971 0.129120901 1
Early 432 468.0 chest 0.70549202 0.041620329 0.707494795 0 -0.0293744393 0.999133527 -0.0294854902 0 -0.708108902 1.95157518e-05 0.706103206 0 0.0695661977 0.929999948 0.129120901 1
Early 432 468.0 head 0.997883439 2.9101102e-08 0.0650282502 0 -6.27915142e-09 1.00000012 -2.26268639e-07 0 -0.0650281906 2.29012585e-07 0.997883439 0 0.0584436394 1.30867171 0.117945619 1
Early 432 468.0 arm_R_0 -0.194283709 -5.60767949e-05 0.980945349 0 0.950077176 -0.248899266 0.188155919 0 0.244146019 0.968529403 0.0484104156 0 -0.125071585 0.929999948 0.323200107 1
Early 432 468.0 arm_R_1 -0.117761724 -0.000116951764 0.993041933 0 0.977802515 -0.174531952 0.115934134 0 0.173303962 0.984651446 0.0206675753 0 0.123964943 0.774722338 0.372543752 1
Early 432 468.0 arm_R_2 0.0292678028 -0.00022790581 0.999571621 0 0.999308348 -0.0229446106 -0.0292652026 0 0.0229414329 0.999736607 -0.000443771482 0 0.315223426 0.740555763 0.395220697 1
Early 432 468.0 hand_R 0.541534543 -0.000516213477 0.840678513 0 0.840546727 -0.01737988 -0.541460276 0 0.0148904324 0.999848664 -0.00897790492 0 0.448704362 0.827500224 0.391230911 1
Early 432 468.0 bat_grip 0.541534483 -0.000516190019 0.840678573 0 0.840546787 -0.0173799731 -0.541460216 0 0.0148904985 0.999848664 -0.00897797383 0 0.448704362 0.827500224 0.391230911 1
Early 432 468.0 bat_barrel 0.541534424 -0.000516069704 0.840678632 0 0.840546787 -0.0173792262 -0.541460097 0 0.0148898074 0.999848664 -0.00897767022 0 1.17157459 0.812553465 -0.0744249225 1
Early 432 468.0 bat_tip 0.541534483 -0.000516279426 0.840678573 0 0.840546787 -0.0173799731 -0.541460216 0 0.0148905469 0.999848664 -0.0089778984 0 1.45736063 0.80664438 -0.258521527 1
Early 432 468.0 arm_L_0 -0.458123058 -7.95722008e-05 0.888888836 0 0.838237762 -0.332781911 0.431988239 0 0.295772016 0.943003774 0.152521729 0 0.264203966 0.929999888 -0.0649583563 1
Early 432 468.0 arm_L_1 -0.743990123 -6.95884228e-05 0.668190897 0 0.653264463 -0.21026127 0.727348506 0 0.140444323 0.977645218 0.156477749 0 0.430865496 0.773739576 0.021075096 1
Early 432 468.0 arm_L_2 -0.950621843 -0.00012755394 0.310352147 0 0.310265958 -0.0239419341 0.950348198 0 0.00730958581 0.999713302 0.0227992162 0 0.539749146 0.738589942 0.142664269 1
Early 432 468.0 hand_L 0.541534603 -0.00051625073 0.840678334 0 0.840546787 -0.0173795521 -0.541460454 0 0.0148906112 0.999848783 -0.00897780061 0 0.591596961 0.824545801 0.299182743 1
Early 432 468.0 foot_R 0 4.37113883e-08 1 0 0.99999994 0 0 0 0 1 -4.37113883e-08 0 0.0799999833 0.0688500032 0.49000001 1
Early 432 468.0 foot_L -0.129575223 -1.80638508e-05 0.991569579 0 0.989911675 -0.0578042753 0.129357532 0 0.0573146231 0.998327911 0.00750788348 0 0.0878199637 0.090931721 -0.389156371 1
Early 432 468.5 root 1 0 0 0 0 1 0 0 0 0 1 0 0 0 0 1
Early 432 468.5 pelvis 0.461701602 1.28945796e-08 0.88703537 0 1.28945796e-08 1 -2.12483435e-08 0 -0.88703537 2.12483435e-08 0.461701602 0 0.0696386248 0.529999971 0.1292409 1
Early 432 468.5 chest 0.695297122 0.0423348732 0.717474639 0 -0.0294379164 0.999103487 -0.0304245297 0 -0.718119383 3.31227202e-05 0.695919991 0 0.0696386322 0.929999948 0.1292409 1
Early 432 468.5 head 0.997843087 1.58676448e-06 0.0656462014 0 -1.65532219e-06 1 1.0449512e-06 0 -0.065646112 -1.15131115e-06 0.997843027 0 0.0584969893 1.30865991 0.117709257 1
Early 432 468.5 arm_R_0 -0.210417077 -7.83680007e-05 0.977611721 0 0.946460724 -0.250442803 0.203692272 0 0.244819835 0.968131363 0.0527716503 0 -0.127720654 0.930000722 0.320498288 1
Early 432 468.5 arm_R_1 -0.13927944 -0.000164784491 0.99025327 0 0.974649251 -0.176846176 0.137055412 0 0.17509985 0.984238446 0.024791643 0 0.120207086 0.774344802 0.373844385 1
Early 432 468.5 arm_R_2 -0.00167257199 -0.000324465334 0.999998629 0 0.999660373 -0.0260075666 0.00166360661 0 0.0260069445 0.999661624 0.000367857516 0 0.310366988 0.739799023 0.400530308 1
Early 432 468.5 hand_R 0.482224256 -0.00084056519 0.876047552 0 0.875851631 -0.0206990242 -0.482136428 0 0.0185386539 0.999785304 -0.00924539566 0 0.44276762 0.826362193 0.400569707 1
Early 432 468.5 bat_grip 0.482224196 -0.000840541557 0.876047611 0 0.875851691 -0.0206991173 -0.482136369 0 0.0185387246 0.999785304 -0.00924545992 0 0.44276762 0.826362193 0.400569707 1
Early 432 468.5 bat_barrel 0.482224137 -0.000840421068 0.876047671 0 0.875851691 -0.0206983704 -0.482136279 0 0.018538015 0.999785304 -0.00924520474 0 1.1960001 0.808560967 -0.01406762 1
Early 432 468.5 bat_tip 0.482224196 -0.000840630964 0.876047611 0 0.875851691 -0.0206991173 -0.482136369 0 0.0185387675 0.999785304 -0.00924538169 0 1.49378979 0.801523387 -0.177994102 1
Early 432 468.5 arm_L_0 -0.483840674 1.552701e-05 0.875156224 0 0.825296879 -0.332705319 0.456281245 0 0.291176379 0.943030953 0.160963491 0 0.266997963 0.929999113 -0.0620164759 1
Early 432 468.5 arm_L_1 -0.761748135 7.42524862e-05 0.647873521 0 0.633497775 -0.209404141 0.74486959 0 0.135722935 0.977829278 0.159466147 0 0.432221502 0.773167253 0.0296500288 1
Early 432 468.5 arm_L_2 -0.955633402 -0.000108093023 0.294558942 0 0.294458002 -0.0265211128 0.955296397 0 0.00770908594 0.999648392 0.0253762603 0 0.539686561 0.737444043 0.156860486 1
Early 432 468.5 hand_L 0.482222706 -0.000772595406 0.876048505 0 0.875853479 -0.0206946731 -0.482133597 0 0.0185025334 0.999785602 -0.00930279493 0 0.591499686 0.822848678 0.31867674 1
Early 432 468.5 foot_R 0 4.37113883e-08 1 0 0.99999994 0 0 0 0 1 -4.37113883e-08 0 0.0799999833 0.0688500032 0.49000001 1
Early 432 468.5 foot_L -0.135176048 -4.8542599e-05 0.9908216 0 0.989019036 -0.0602986328 0.134927198 0 0.059738636 0.998180389 0.00819894113 0 0.0883367211 0.0918791369 -0.391245961 1
Early 432 469.0 root 1 0 0 0 0 1 0 0 0 0 1 0 0 0 0 1
Early 432 469.0 pelvis 0.455517352 -2.44165719e-08 0.89022696 0 -2.44165719e-08 1 3.99209981e-08 0 -0.89022696 -3.99209981e-08 0.455517352 0 0.0697110817 0.529999971 0.129360914 1
Early 432 469.0 chest 0.684960544 0.0430494808 0.72730732 0 -0.0294843167 0.999072969 -0.0313677303 0 -0.727983475 4.14954047e-05 0.685594797 0 0.0697110742 0.930000007 0.129360914 1
Early 432 469.0 head 0.997802258 5.95118763e-08 0.0662641823 0 -6.46105036e-09 1 -7.87384124e-07 0 -0.0662642419 7.85192242e-07 0.997802138 0 0.0585568324 1.30864811 0.117471479 1
Early 432 469.0 arm_R_0 -0.22649391 -0.000102745369 0.974012613 0 0.942589045 -0.251981944 0.219160169 0 0.245411068 0.967731893 0.0571692586 0 -0.130328819 0.930000067 0.317758292 1
Early 432 469.0 arm_R_1 -0.160731897 -0.000193893909 0.986998141 0 0.971034706 -0.179156303 0.158097059 0 0.176796287 0.983820558 0.0289844424 0 0.116426036 0.773967326 0.375083566 1
Early 432 469.0 arm_R_2 -0.0326107517 -0.000352270901 0.999467969 0 0.999046087 -0.0290736556 0.0325867087 0 0.0290466994 0.999577165 0.00130008906 0 0.305402964 0.739045501 0.405742109 1
Early 432 469.0 hand_R 0.420618951 -0.000876715407 0.907236874 0 0.90696454 -0.0241196156 -0.420515895 0 0.0222509801 0.999708593 -0.00935000181 0 0.436602414 0.825234771 0.409734011 1
Early 432 469.0 bat_grip 0.420618892 -0.000876691542 0.907236874 0 0.90696454 -0.0241197087 -0.420515835 0 0.0222510546 0.999708593 -0.00935006142 0 0.436602414 0.825234771 0.409734011 1
Early 432 469.0 bat_barrel 0.420618832 -0.000876570877 0.907236874 0 0.906964481 -0.0241189618 -0.420515746 0 0.0222503282 0.999708593 -0.00934985653 0 1.21659195 0.804491818 0.0480903685 1
Early 432 469.0 bat_tip 0.420618892 -0.000876780949 0.907236874 0 0.90696454 -0.0241197087 -0.420515835 0 0.0222510919 0.999708593 -0.00934998039 0 1.52496004 0.796291232 -0.0948851109 1
Early 432 469.0 arm_L_0 -0.509147167 9.41753387e-05 0.860679686 0 0.811656713 -0.332622468 0.480183154 0 0.286326826 0.94306004 0.169277221 0 0.269751042 0.929999888 -0.0590364225 1
Early 432 469.0 arm_L_1 -0.778951705 0.000202432275 0.627084553 0 0.613263428 -0.208546907 0.761850536 0 0.13093102 0.978012383 0.162323698 0 0.433351099 0.772598028 0.0382501483 1
Early 432 469.0 arm_L_2 -0.96038276 -0.000120997429 0.278685749 0 0.278570712 -0.0291041806 0.959974587 0 0.00799509883 0.999576449 0.0279847197 0 0.539173245 0.736307085 0.171092466 1
Early 432 469.0 hand_L 0.420618951 -0.000876650214 0.907237053 0 0.906964898 -0.0241192877 -0.420516253 0 0.0222510695 0.999708712 -0.00935012102 0 0.590786636 0.821134508 0.338246375 1
Early 432 469.0 foot_R 0 4.37113883e-08 1 0 0.99999994 0 0 0 0 1 -4.37113883e-08 0 0.0799999833 0.0688500032 0.49000001 1
Early 432 469.0 foot_L -0.140772641 -6.4901782e-05 0.990041971 0 0.988088727 -0.0627927482 0.140490815 0 0.062158335 0.998026609 0.00890363008 0 0.0888534784 0.0928265527 -0.393335521 1
Early 432 469.5 root 1 0 0 0 0 1 0 0 0 0 1 0 0 0 0 1
Early 432 469.5 pelvis 0.449912757 -3.92744059e-09 0.893072486 0 -3.92744059e-09 1 6.37624176e-09 0 -0.893072486 -6.37624176e-09 0.449912757 0 0.0697606727 0.529999971 0.129470617 1
Early 432 469.5 chest 0.675553799 0.0437472872 0.736011684 0 -0.0295422878 0.99904263 -0.0322657935 0 -0.736718535 5.381144e-05 0.676199436 0 0.0697606727 0.929999948 0.129470617 1
Early 432 469.5 head 0.997762084 1.43456055e-06 0.0668634772 0 -1.46805542e-06 0.99999994 4.03786544e-07 0 -0.0668634176 -4.96122084e-07 0.997762084 0 0.0585893579 1.30863643 0.117240645 1
Early 432 469.5 arm_R_0 -0.241622478 -0.000126718543 0.970370293 0 0.938716769 -0.253360063 0.233707786 0 0.245823413 0.96737206 0.061336495 0 -0.132643536 0.930000663 0.315250754 1
Early 432 469.5 arm_R_1 -0.1809524 -0.000248476863 0.983491838 0 0.967226505 -0.181159943 0.177914158 0 0.178125069 0.983453572 0.0330216959 0 0.112810984 0.773667514 0.376305968 1
Early 432 469.5 arm_R_2 -0.062132217 -0.000465765595 0.998067737 0 0.997568905 -0.031639792 0.0620864816 0 0.031549722 0.999499261 0.0024305135 0 0.300496519 0.738444746 0.410700917 1
Early 432 469.5 hand_R 0.356724232 -0.00121439621 0.934208751 0 0.933861911 -0.0268097222 -0.356626749 0 0.0254790783 0.999639869 -0.00842955709 0 0.430420816 0.824331641 0.418447852 1
Early 432 469.5 bat_grip 0.356724173 -0.00121437223 0.934208751 0 0.933861911 -0.0268098153 -0.356626689 0 0.0254791565 0.999639869 -0.0084296111 0 0.430420816 0.824331641 0.418447852 1
Early 432 469.5 bat_barrel 0.356724113 -0.00121425139 0.934208751 0 0.933861852 -0.0268090684 -0.3566266 0 0.0254784189 0.999639869 -0.0084294565 0 1.23354208 0.801275194 0.111748874 1
Early 432 469.5 bat_tip 0.356724173 -0.00121446163 0.934208751 0 0.933861911 -0.0268098153 -0.356626689 0 0.0254791882 0.999639869 -0.00842952728 0 1.55105519 0.792159975 -0.00950425863 1
Early 432 469.5 arm_L_0 -0.534232259 0.000130325556 0.845337749 0 0.797374308 -0.33197403 0.503971636 0 0.280696094 0.943288565 0.177247301 0 0.272164881 0.929999232 -0.0563095547 1
Early 432 469.5 arm_L_1 -0.79549861 0.000261679292 0.605955422 0 0.592793584 -0.206955522 0.778309047 0 0.125609756 0.978350401 0.164477736 0 0.434064269 0.772142887 0.0466762632 1
Early 432 469.5 arm_L_2 -0.964937866 -0.000140964985 0.262478262 0 0.262359023 -0.0306477845 0.964483321 0 0.0079087913 0.999530315 0.0296102203 0 0.53820461 0.735393643 0.185205892 1
Early 432 469.5 hand_L 0.356723368 -0.00115321577 0.934209228 0 0.933863044 -0.0268129408 -0.356624246 0 0.0254606605 0.999639869 -0.00848782063 0 0.589007258 0.81977272 0.357864052 1
Early 432 469.5 foot_R 0 4.37113883e-08 1 0 0.99999994 0 0 0 0 1 -4.37113883e-08 0 0.0799999833 0.0688500032 0.49000001 1
Early 432 469.5 foot_L -0.146339506 -8.7504035e-05 0.989234447 0 0.987125576 -0.0652738065 0.146021783 0 0.0645583123 0.997867405 0.00963851344 0 0.089395538 0.0937680379 -0.395407081 1
Early 432 470.0 root 1 0 0 0 0 1 0 0 0 0 1 0 0 0 0 1
Early 432 470.0 pelvis 0.44429028 1.67721357e-08 0.895882964 0 1.67721357e-08 1 -2.70390643e-08 0 -0.895882964 2.70390643e-08 0.44429028 0 0.0698102638 0.529999971 0.129580304 1
Early 432 470.0 chest 0.666036069 0.0444451571 0.744594336 0 -0.0295854323 0.999011815 -0.0331674293 0 -0.745332658 6.15581885e-05 0.666692853 0 0.0698102787 0.929999888 0.129580319 1
Early 432 470.0 head 0.99772191 4.88143996e-08 0.0674630404 0 2.38360371e-08 1 -1.06901643e-06 0 -0.0674629807 1.07097003e-06 0.99772191 0 0.0586275198 1.30862451 0.117008589 1
Early 432 470.0 arm_R_0 -0.256693453 -0.000152141787 0.966492891 0 0.934619308 -0.254734188 0.248187989 0 0.246161029 0.967011034 0.0655308366 0 -0.134924099 0.930000007 0.312713623 1
Early 432 470.0 arm_R_1 -0.201097518 -0.000287145376 0.979571223 0 0.96301049 -0.183159977 0.197644085 0 0.179361492 0.98308301 0.0371095762 0 0.109174185 0.773368239 0.377472252 1
Early 432 470.0 arm_R_2 -0.0915997103 -0.000521734357 0.995795727 0 0.99521482 -0.034208145 0.0915283412 0 0.0340165608 0.999414563 0.00365272164 0 0.295494527 0.737847507 0.41556412 1
Early 432 470.0 hand_R 0.291115791 -0.00130029768 0.956686914 0 0.956258059 -0.0295797884 -0.29102546 0 0.0286770761 0.999561548 -0.00736764073 0 0.424037397 0.823437989 0.426989347 1
Early 432 470.0 bat_grip 0.291115731 -0.00130027346 0.956686914 0 0.956258059 -0.0295798816 -0.2910254 0 0.0286771581 0.999561548 -0.00736768916 0 0.424037397 0.823437989 0.426989347 1
Early 432 470.0 bat_barrel 0.291115671 -0.00130015239 0.956686914 0 0.956257999 -0.0295791347 -0.291025311 0 0.0286764111 0.999561548 -0.00736758625 0 1.24641943 0.797999263 0.176707476 1
Early 432 470.0 bat_tip 0.291115731 -0.00130036287 0.956686914 0 0.956258059 -0.0295798816 -0.2910254 0 0.0286771841 0.999561548 -0.00736760348 0 1.57154727 0.787942231 0.0777587891 1
Early 432 470.0 arm_L_0 -0.558855593 0.000139474869 0.829265118 0 0.782400846 -0.331320882 0.52732861 0 0.274826646 0.943518102 0.185051367 0 0.274544567 0.929999888 -0.0535530411 1
Early 432 470.0 arm_L_1 -0.81147331 0.000299736857 0.584389806 0 0.57188344 -0.205367923 0.794212401 0 0.120253287 0.978684783 0.16647917 0 0.434552193 0.771691978 0.0551126711 1
Early 432 470.0 arm_L_2 -0.969219923 -0.000179082155 0.246197134 0 0.246074915 -0.0321975499 0.968715787 0 0.00775378942 0.99948144 0.0312505625 0 0.536781967 0.734494865 0.199334025 1
Early 432 470.0 hand_L 0.29111588 -0.00130026042 0.956686914 0 0.956258118 -0.029579401 -0.291025758 0 0.0286770463 0.999561548 -0.00736770034 0 0.586601198 0.818409324 0.377515107 1
Early 432 470.0 foot_R 0 4.37113883e-08 1 0 0.99999994 0 0 0 0 1 -4.37113883e-08 0 0.0799999833 0.0688500032 0.49000001 1
Early 432 470.0 foot_L -0.151901752 -9.61212208e-05 0.988395572 0 0.986125231 -0.0677545369 0.15154627 0 0.0669537112 0.997702003 0.0103868209 0 0.0899375975 0.0947095305 -0.39747864 1
Early 432 470.5 root 1 0 0 0 0 1 0 0 0 0 1 0 0 0 0 1
Early 432 470.5 pelvis 0.438814014 -5.58486875e-08 0.898577869 0 -5.58486875e-08 1 8.94256047e-08 0 -0.898577869 -8.94256047e-08 0.438814014 0 0.0698584169 0.529999971 0.129686818 1
Early 432 470.5 chest 0.656689167 0.0451227352 0.75281018 0 -0.0296194237 0.998981476 -0.0340404697 0 -0.753579378 5.62048626e-05 0.657356799 0 0.069858402 0.929999828 0.129686832 1
Early 432 470.5 head 0.997682095 1.36223025e-06 0.0680450499 0 -1.38983887e-06 1 3.42777639e-07 0 -0.0680450201 -4.37928975e-07 0.997682214 0 0.0586591437 1.30861294 0.11678452 1
Early 432 470.5 arm_R_0 -0.271267205 -0.000133080408 0.96250397 0 0.930421233 -0.256071359 0.262189895 0 0.246434808 0.966657817 0.0695876479 0 -0.137170896 0.930000424 0.310278833 1
Early 432 470.5 arm_R_1 -0.22057718 -0.000259928405 0.975369453 0 0.958524406 -0.185104489 0.21671854 0 0.180488914 0.982718766 0.0410790071 0 0.10566429 0.77307725 0.378658056 1
Early 432 470.5 arm_R_2 -0.120136559 -0.000485852361 0.992757201 0 0.992090523 -0.0367016047 0.120038003 0 0.0363774709 0.99932611 0.00489122421 0 0.290730178 0.737264514 0.420376033 1
Early 432 470.5 hand_R 0.226063639 -0.00126536936 0.974111617 0 0.973597646 -0.0322125256 -0.225986212 0 0.0316645801 0.999480247 -0.00605006516 0 0.418034494 0.822561741 0.435443401 1
Early 432 470.5 bat_grip 0.226063579 -0.00126534502 0.974111617 0 0.973597646 -0.0322126187 -0.225986153 0 0.0316646658 0.999480247 -0.006050108 0 0.418034494 0.822561741 0.435443401 1
Early 432 470.5 bat_barrel 0.22606352 -0.00126522395 0.974111617 0 0.973597586 -0.03221187 -0.225986078 0 0.0316639133 0.999480247 -0.00605005585 0 1.25532842 0.794858873 0.241095275 1
Early 432 470.5 bat_tip 0.226063579 -0.00126543443 0.974111617 0 0.973597646 -0.0322126187 -0.225986153 0 0.0316646844 0.999480247 -0.00605002092 0 1.58635187 0.783906698 0.16425994 1
Early 432 470.5 arm_L_0 -0.582302809 0.000135436654 0.812972009 0 0.767207623 -0.330690086 0.549578428 0 0.268916368 0.943739474 0.19245778 0 0.276887655 0.929999232 -0.0509052351 1
Early 432 470.5 arm_L_1 -0.826425135 0.000273332 0.563046634 0 0.551181257 -0.203820959 0.809108377 0 0.114982091 0.979008317 0.168292135 0 0.435242742 0.77124989 0.0632896349 1
Early 432 470.5 arm_L_2 -0.973114848 -0.000149071217 0.230320618 0 0.230194747 -0.0336962715 0.972560942 0 0.00761631131 0.999432206 0.0328246877 0 0.535837531 0.73360765 0.213029727 1
Early 432 470.5 hand_L 0.226063058 -0.00120782852 0.974111915 0 0.973598599 -0.0322073996 -0.225983769 0 0.0316469669 0.999480605 -0.00610494614 0 0.583378196 0.817086458 0.397034675 1
Early 432 470.5 foot_R 0 4.37113883e-08 1 0 0.99999994 0 0 0 0 1 -4.37113883e-08 0 0.0799999833 0.0688500032 0.49000001 1
Early 432 470.5 foot_L -0.157298282 -9.11015159e-05 0.987551153 0 0.98511833 -0.0701629892 0.156904325 0 0.0692752376 0.997535527 0.0111262621 0 0.0904906392 0.095622614 -0.399483532 1
Early 432 471.0 root 1 0 0 0 0 1 0 0 0 0 1 0 0 0 0 1
Early 432 471.0 pelvis 0.433321297 -1.29179e-07 0.901239574 0 -1.29179e-07 1 2.05444863e-07 0 -0.901239574 -2.05444863e-07 0.433321297 0 0.06990657 0.529999971 0.129793331 1
Early 432 471.0 chest 0.64724052 0.0458002351 0.760908782 0 -0.0296394173 0.998950601 -0.0349165983 0 -0.761709452 4.65434532e-05 0.647918761 0 0.0699065253 0.929999769 0.129793346 1
Early 432 471.0 head 0.997642398 4.93346306e-08 0.0686270595 0 1.78988557e-09 0.99999994 -7.30989996e-07 0 -0.0686269999 7.26657163e-07 0.997642398 0 0.0586960688 1.30860126 0.116559178 1
Early 432 471.0 arm_R_0 -0.285779774 -0.000115500763 0.958295286 0 0.926012695 -0.257404834 0.276121616 0 0.246637911 0.966303587 0.0736681223 0 -0.139386252 0.929999769 0.307815254 1
Early 432 471.0 arm_R_1 -0.23996976 -0.000217840075 0.970780432 0 0.953656971 -0.187045023 0.235695124 0 0.181528255 0.982351184 0.0450929441 0 0.102132522 0.772786498 0.379791737 1
Early 432 471.0 arm_R_2 -0.148574367 -0.000395670533 0.988901198 0 0.988143623 -0.039193999 0.148444921 0 0.0387002304 0.999231458 0.00621424615 0 0.285873264 0.736684144 0.425101519 1
Early 432 471.0 hand_R 0.159989029 -0.000984974205 0.987118363 0 0.986512303 -0.0348874032 -0.159925684 0 0.0345956087 0.999390721 -0.00460982323 0 0.411836475 0.821693063 0.443744719 1
Early 432 471.0 bat_grip 0.15998897 -0.000984949642 0.987118363 0 0.986512303 -0.0348874964 -0.159925625 0 0.0345956981 0.999390721 -0.00460986001 0 0.411836475 0.821693063 0.443744719 1
Early 432 471.0 bat_barrel 0.15998891 -0.000984828337 0.987118363 0 0.986512244 -0.0348867476 -0.15992555 0 0.0345949456 0.999390721 -0.00460985862 0 1.2602371 0.791689813 0.30620867 1
Early 432 471.0 bat_tip 0.15998897 -0.000985039049 0.987118363 0 0.986512303 -0.0348874964 -0.159925625 0 0.034595713 0.999390721 -0.00460977154 0 1.59565139 0.779828191 0.251833916 1
Early 432 471.0 arm_L_0 -0.605275571 0.000105679035 0.796016216 0 0.751387358 -0.330056161 0.57138437 0 0.262790591 0.943961203 0.199695423 0 0.279199213 0.929999709 -0.0482286699 1
Early 432 471.0 arm_L_1 -0.840816379 0.000227227807 0.54132086 0 0.530091882 -0.202278674 0.823459864 0 0.109684885 0.979327977 0.169958711 0 0.435718715 0.770811975 0.0714862645 1
Early 432 471.0 arm_L_2 -0.976749837 -0.000135779381 0.214382946 0 0.214254618 -0.0352014154 0.97614336 0 0.00741431117 0.999380231 0.034411978 0 0.534460306 0.732734978 0.226756871 1
Early 432 471.0 hand_L 0.159989238 -0.000985056162 0.987118363 0 0.986512542 -0.0348871052 -0.159925893 0 0.0345956385 0.999390841 -0.00460991263 0 0.57954365 0.815761983 0.416557401 1
Early 432 471.0 foot_R 0 4.37113883e-08 1 0 0.99999994 0 0 0 0 1 -4.37113883e-08 0 0.0799999833 0.0688500032 0.49000001 1
Early 432 471.0 foot_L -0.162690029 -7.28962914e-05 0.986677229 0 0.984076381 -0.0725709423 0.162255839 0 0.0715922639 0.997363269 0.0118783051 0 0.0910436809 0.096535705 -0.401488423 1
Early 432 471.5 root 1 0 0 0 0 1 0 0 0 0 1 0 0 0 0 1
Early 432 471.5 pelvis 0.427977055 -1.00851608e-07 0.903789699 0 -1.00851608e-07 1 1.59344381e-07 0 -0.903789699 -1.59344381e-07 0.427977055 0 0.0699532852 0.529999971 0.129896671 1
Early 432 471.5 chest 0.637977481 0.0464572608 0.768652499 0 -0.0296512749 0.998920262 -0.0357642211 0 -0.769484043 2.52432674e-05 0.638666153 0 0.0699532628 0.929999888 0.129896671 1
Early 432 471.5 head 0.997603476 1.24339567e-06 0.0691919327 0 -1.30284025e-06 1 8.74006219e-07 0 -0.0691919327 -9.49472451e-07 0.997603536 0 0.0587268844 1.30859041 0.11634177 1
Early 432 471.5 arm_R_0 -0.299796611 -5.70137054e-05 0.954003215 0 0.921531141 -0.258700073 0.289576888 0 0.246784121 0.965957701 0.0776100159 0 -0.141565233 0.930000424 0.305453032 1
Early 432 471.5 arm_R_1 -0.258692086 -0.000115863979 0.965959966 0 0.948569596 -0.18892768 0.254012227 0 0.182467073 0.981990993 0.0489840358 0 0.0987276658 0.772504568 0.380941063 1
Early 432 471.5 arm_R_2 -0.176046684 -0.000223278999 0.984381914 0 0.983531117 -0.0416068137 0.175885171 0 0.0409176648 0.999134064 0.00754438341 0 0.281250954 0.736119151 0.429766923 1
Early 432 471.5 hand_R 0.0951887816 -0.000609613955 0.995459139 0 0.994760215 -0.0374144614 -0.0951448381 0 0.0373026133 0.999299645 -0.00295494497 0 0.406012118 0.820844054 0.451939791 1
Early 432 471.5 bat_grip 0.095188722 -0.000609589275 0.995459139 0 0.994760215 -0.0374145545 -0.0951447785 0 0.0373027027 0.999299645 -0.00295497617 0 0.406012118 0.820844054 0.451939791 1
Early 432 471.5 bat_barrel 0.0951886699 -0.000609467796 0.995459139 0 0.994760156 -0.0374138057 -0.0951447114 0 0.0373019502 0.999299645 -0.0029550239 0 1.26150584 0.78866756 0.37011525 1
Early 432 471.5 bat_tip 0.095188722 -0.000609678624 0.995459139 0 0.994760215 -0.0374145545 -0.0951447785 0 0.0373027101 0.999299645 -0.00295488723 0 1.59972453 0.775946677 0.337765992 1
Early 432 471.5 arm_L_0 -0.627091229 6.4983964e-05 0.778946042 0 0.735447705 -0.329445124 0.592100382 0 0.256658554 0.944174767 0.20654431 0 0.28147167 0.929999352 -0.0456597582 1
Early 432 471.5 arm_L_1 -0.854232192 0.000122755766 0.519892156 0 0.509284079 -0.200780243 0.836849689 0 0.104486987 0.979636431 0.171450436 0 0.436386555 0.770383298 0.0794151276 1
Early 432 471.5 arm_L_2 -0.98002702 -5.9902668e-05 0.198865533 0 0.198733956 -0.0366536677 0.979367971 0 0.00723072886 0.999328136 0.0359334946 0 0.533539832 0.731874406 0.240036502 1
Early 432 471.5 hand_L 0.0951879397 -0.000556647778 0.995459378 0 0.99476099 -0.0374028385 -0.0951421261 0 0.0372862518 0.999300241 -0.00300660729 0 0.574959993 0.814486086 0.435744166 1
Early 432 471.5 foot_R 0 4.37113883e-08 1 0 0.99999994 0 0 0 0 1 -4.37113883e-08 0 0.0799999833 0.0688500032 0.49000001 1
Early 432 471.5 foot_L -0.167916164 -4.26340994e-05 0.98580128 0 0.983032227 -0.0749065056 0.167441279 0 0.0738357827 0.997190535 0.0126199238 0 0.0916053057 0.0974203646 -0.403426945 1
Early 432 472.0 root 1 0 0 0 0 1 0 0 0 0 1 0 0 0 0 1
Early 432 472.0 pelvis 0.422618091 -7.22516944e-08 0.906307876 0 -7.22516944e-08 1 1.13412426e-07 0 -0.906307876 -1.13412426e-07 0.422618091 0 0.0700000003 0.529999971 0.129999995 1
Early 432 472.0 chest 0.628621638 0.0471141152 0.776282907 0 -0.0296499655 0.998889506 -0.0366144739 0 -0.777145922 -1.11244894e-07 0.629320502 0 0.0699999854 0.930000007 0.12999998 1
Early 432 472.0 head 0.997564137 -2.29487611e-08 0.0697563589 0 1.4337644e-08 1 1.1779278e-07 0 -0.0697563887 -1.13121743e-07 0.997564077 0 0.0587626696 1.30857956 0.116123073 1
Early 432 472.0 arm_R_0 -0.313748956 -1.86264515e-08 0.949505925 0 0.916853309 -0.259991765 0.302959472 0 0.246863723 0.965610862 0.0815722048 0 -0.143715128 0.929999948 0.303063035 1
Early 432 472.0 arm_R_1 -0.277317315 -2.23517418e-08 0.960778356 0 0.943126678 -0.190805942 0.27222243 0 0.183322191 0.981627882 0.052913852 0 0.0953011066 0.772222459 0.382041931 1
Early 432 472.0 arm_R_2 -0.203381404 8.94069672e-08 0.979099452 0 0.978150606 -0.0440155976 0.203184366 0 0.0430956483 0.999030888 0.00895190984 0 0.276539326 0.735555768 0.434354126 1
Early 432 472.0 hand_R 0.0299863219 4.47034836e-08 0.999550223 0 0.998752296 -0.0399501324 -0.029962346 0 0.039932251 0.999201775 -0.00119793415 0 0.400000006 0.820000589 0.45999971 1
Early 432 472.0 bat_grip 0.0299862605 6.95178173e-08 0.999550223 0 0.998752296 -0.0399502255 -0.0299622845 0 0.0399323441 0.999201775 -0.0011979593 0 0.400000006 0.820000589 0.45999971 1
Early 432 472.0 bat_barrel 0.0299862046 1.91112363e-07 0.999550223 0 0.998752236 -0.0399494767 -0.0299622212 0 0.0399315953 0.999201775 -0.00119805615 0 1.25892699 0.785643399 0.434232116 1
Early 432 472.0 bat_tip 0.0299862567 -1.9817783e-08 0.999550223 0 0.998752296 -0.0399502255 -0.0299622845 0 0.0399323478 0.999201775 -0.00119786989 0 1.59850287 0.772060454 0.424044937 1
Early 432 472.0 arm_L_0 -0.6484254 -2.98023224e-08 0.761278331 0 0.718942404 -0.328832299 0.612365305 0 0.250333101 0.944388211 0.213223174 0 0.28371498 0.930000067 -0.043063134 1
Early 432 472.0 arm_L_1 -0.867101848 -2.98023224e-08 0.498131275 0 0.488139391 -0.199286982 0.849708617 0 0.0992712975 0.97994107 0.17280212 0 0.436850399 0.769958735 0.0873713344 1
Early 432 472.0 arm_L_2 -0.983057439 1.78813934e-07 0.183299154 0 0.183165804 -0.0381122828 0.982342958 0 0.00698640943 0.99927336 0.0374664739 0 0.532207966 0.731028199 0.253361404 1
Early 432 472.0 hand_L 0.0299861878 -5.96046448e-08 0.999550462 0 0.998752594 -0.0399501622 -0.0299623758 0 0.0399325788 0.999201536 -0.00119805336 0 0.56978792 0.813209176 0.454906315 1
Early 432 472.0 foot_R 0 4.37113883e-08 1 0 0.99999994 0 0 0 0 1 -4.37113883e-08 0 0.0799999833 0.0688500032 0.49000001 1
Early 432 472.0 foot_L -0.173137501 3.88806676e-08 0.984897673 0 0.981955111 -0.077241458 0.172620252 0 0.076074928 0.997012436 0.0133733554 0 0.0921669304 0.0983050168 -0.405365497 1
Early 432 472.5 root 1 0 0 0 0 1 0 0 0 0 1 0 0 0 0 1
Early 432 472.5 pelvis 0.418460876 -1.3914223e-07 0.908234894 0 -1.3914223e-07 1 2.17309235e-07 0 -0.908234894 -2.17309235e-07 0.418460876 0 0.0699953586 0.530010521 0.130086422 1
Early 432 472.5 chest 0.622076511 0.0477667674 0.781498075 0 -0.0297348499 0.998858511 -0.0373832025 0 -0.782391667 1.74805464e-05 0.62278676 0 0.0699953213 0.930010378 0.130086422 1
Early 432 472.5 head 0.997522771 1.00349916e-06 0.0703448653 0 -1.03817183e-06 1 3.75486707e-07 0 -0.0703448355 -4.53067514e-07 0.997522831 0 0.0587331876 1.30857754 0.115917474 1
Early 432 472.5 arm_R_0 -0.327111423 3.95067036e-05 0.944985688 0 0.912685394 -0.259203464 0.315941364 0 0.244956017 0.965822697 0.0847523957 0 -0.145116642 0.930010676 0.301317155 1
Early 432 472.5 arm_R_1 -0.295382738 8.79690051e-05 0.955379009 0 0.938071072 -0.189456612 0.290048987 0 0.181028336 0.981889009 0.0558797084 0 0.0919169784 0.772655845 0.383296311 1
Early 432 472.5 arm_R_2 -0.231044158 0.000304274261 0.972943127 0 0.972129047 -0.0408242084 0.230863646 0 0.039789848 0.99916625 0.00913641602 0 0.271178901 0.736412704 0.438616365 1
Early 432 472.5 hand_R -0.0146113932 0.000313356519 0.999893069 0 0.999164581 -0.0381606817 0.0146126002 0 0.0381611288 0.999271512 0.000244528055 0 0.392676115 0.821282923 0.467284352 1
Early 432 472.5 bat_grip -0.0146114547 0.000313381199 0.999893069 0 0.999164581 -0.0381607749 0.0146126626 0 0.0381612219 0.999271512 0.000244507071 0 0.392676115 0.821282923 0.467284352 1
Early 432 472.5 bat_barrel -0.0146115124 0.000313502678 0.999893069 0 0.999164522 -0.0381600261 0.0146127241 0 0.0381604806 0.999271512 0.000244376977 0 1.25195765 0.788464665 0.479851216 1
Early 432 472.5 bat_tip -0.0146114584 0.00031329185 0.999893069 0 0.999164581 -0.0381607749 0.0146126626 0 0.0381612219 0.999271512 0.000244596478 0 1.59167373 0.775490105 0.484819502 1
Early 432 472.5 arm_L_0 -0.668019533 0.000310257077 0.744143844 0 0.703540921 -0.325543046 0.631705701 0 0.242447048 0.945527196 0.217250764 0 0.285107136 0.930010021 -0.041144371 1
Early 432 472.5 arm_L_1 -0.878630877 0.000362873077 0.477502078 0 0.468307614 -0.194642365 0.861859918 0 0.0932551101 0.980874181 0.170848817 0 0.435003072 0.770492971 0.0935743973 1
Early 432 472.5 arm_L_2 -0.986045718 0.000144660473 0.166476518 0 0.166368112 -0.03525462 0.98543328 0 0.00601190329 0.999378324 0.0347385593 0 0.527139902 0.732079625 0.263835251 1
Early 432 472.5 hand_L -0.0146082491 0.000286668539 0.999893248 0 0.999164581 -0.0381773412 0.0146086514 0 0.0381777585 0.999270916 0.000271141529 0 0.562500715 0.814776123 0.469746888 1
Early 432 472.5 foot_R 0 4.37113883e-08 1 0 0.99999994 0 0 0 0 1 -4.37113883e-08 0 0.0799999833 0.0688500032 0.49000001 1
Early 432 472.5 foot_L -0.178723738 -4.96113425e-05 0.983899295 0 0.980767429 -0.0797330514 0.178150848 0 0.0784404427 0.996816278 0.0142988442 0 0.0927928537 0.0992480218 -0.407423496 1
Early 432 473.0 root 1 0 0 0 0 1 0 0 0 0 1 0 0 0 0 1
Early 432 473.0 pelvis 0.414295077 -2.06508076e-07 0.910142601 0 -2.06508062e-07 1 3.20898437e-07 0 -0.910142601 -3.20898437e-07 0.414295077 0 0.0699907243 0.530021071 0.130172849 1
Early 432 473.0 chest 0.615487814 0.0484194383 0.786657631 0 -0.0298108738 0.9988271 -0.0381543562 0 -0.787582397 3.25907276e-05 0.616209328 0 0.0699906647 0.930020809 0.130172864 1
Early 432 473.0 head 0.997481108 5.43132046e-08 0.0709330738 0 4.80940798e-09 1 -9.07315552e-07 0 -0.070933193 9.092455e-07 0.997481048 0 0.0587070845 1.30857539 0.115711071 1
Early 432 473.0 arm_R_0 -0.340408385 6.91609457e-05 0.940277576 0 0.90833497 -0.258411437 0.328863263 0 0.243001223 0.966034949 0.0879026428 0 -0.146502391 0.93002075 0.29956001 1
Early 432 473.0 arm_R_1 -0.31334272 0.000155799091 0.949640036 0 0.932679176 -0.188102365 0.307777226 0 0.178677469 0.982149363 0.0587952249 0 0.0885123089 0.773087919 0.384497792 1
Early 432 473.0 arm_R_2 -0.258521467 0.000545337796 0.966005266 0 0.965316236 -0.0376222059 0.258358359 0 0.036484126 0.999291837 0.0091997534 0 0.265749007 0.737266243 0.442768872 1
Early 432 473.0 hand_R -0.0591786206 0.000487878919 0.998247147 0 0.997587442 -0.0363277197 0.0591572672 0 0.0362930596 0.999339819 0.0016631633 0 0.38520813 0.82255584 0.474373341 1
Early 432 473.0 bat_grip -0.0591786839 0.000487903482 0.998247147 0 0.997587442 -0.0363278128 0.0591573305 0 0.0362931527 0.999339819 0.00166314654 0 0.38520813 0.82255584 0.474373341 1
Early 432 473.0 bat_barrel -0.0591787435 0.000488024845 0.998247147 0 0.997587383 -0.036327064 0.0591573901 0 0.0362924151 0.999339819 0.00166298344 0 1.24313331 0.791313946 0.525248647 1
Early 432 473.0 bat_tip -0.0591786876 0.000487814134 0.998247147 0 0.997587442 -0.0363278128 0.0591573305 0 0.036293149 0.999339819 0.00166323583 0 1.58231318 0.778962553 0.545362115 1
Early 432 473.0 arm_L_0 -0.687161446 0.00054526329 0.726504683 0 0.687630117 -0.322242796 0.650633872 0 0.234465778 0.946656942 0.221057788 0 0.286483586 0.930020869 -0.0392143689 1
Early 432 473.0 arm_L_1 -0.889671981 0.00067178905 0.456600189 0 0.448168308 -0.190009892 0.87352246 0 0.0873455778 0.981782019 0.168745399 0 0.433028966 0.771030366 0.0996993706 1
Early 432 473.0 arm_L_2 -0.988747299 0.000292181969 0.149595946 0 0.149507672 -0.0324230269 0.988228858 0 0.0051394105 0.999474168 0.0320145302 0 0.521796405 0.733150601 0.27416876 1
Early 432 473.0 hand_L -0.05917871 0.000487923622 0.998247385 0 0.997587562 -0.0363276899 0.0591570288 0 0.0362932384 0.9993397 0.001663059 0 0.554797828 0.816379964 0.484430194 1
Early 432 473.0 foot_R 0 4.37113883e-08 1 0 0.99999994 0 0 0 0 1 -4.37113883e-08 0 0.0799999833 0.0688500032 0.49000001 1
Early 432 473.0 foot_L -0.184304312 -8.50765864e-05 0.982869208 0 0.979542315 -0.082224369 0.183673367 0 0.0808001682 0.99661386 0.0152376425 0 0.093418777 0.100191027 -0.409481466 1
Early 432 473.5 root 1 0 0 0 0 1 0 0 0 0 1 0 0 0 0 1
Early 432 473.5 pelvis 0.410120517 -1.06530571e-07 0.912031353 0 -1.06530564e-07 1 1.64710286e-07 0 -0.912031353 -1.64710286e-07 0.410120517 0 0.0699860901 0.530031562 0.130259275 1
Early 432 473.5 chest 0.608855724 0.0490722843 0.791761696 0 -0.0298827104 0.998795211 -0.0389244705 0 -0.792717934 3.93999035e-05 0.609588623 0 0.0699860528 0.930031419 0.130259275 1
Early 432 473.5 head 0.997439027 1.00783473e-06 0.0715215504 0 -9.897376e-07 0.99999994 -3.09293682e-07 0 -0.0715215802 2.39686415e-07 0.997439027 0 0.0586776957 1.30857384 0.115505464 1
Early 432 473.5 arm_R_0 -0.353638232 8.57440755e-05 0.935382187 0 0.903801322 -0.257622063 0.341722131 0 0.241004422 0.966245711 0.0910275578 0 -0.1479038 0.930031717 0.29781422 1
Early 432 473.5 arm_R_1 -0.331192076 0.000192023814 0.943563223 0 0.926951766 -0.186750054 0.325399429 0 0.176273018 0.982407331 0.0616721809 0 0.0851286724 0.773521721 0.385751694 1
Early 432 473.5 arm_R_2 -0.285792321 0.000668168068 0.958291173 0 0.95771724 -0.0344179571 0.285645157 0 0.0331732929 0.999407172 0.00919649005 0 0.260389864 0.738123238 0.447029561 1
Early 432 473.5 hand_R -0.103630148 0.000640496612 0.994615495 0 0.994021058 -0.034517318 0.103590414 0 0.0343978405 0.999403954 0.00294039398 0 0.377887249 0.823837876 0.481653988 1
Early 432 473.5 bat_grip -0.103630207 0.000640521117 0.994615495 0 0.994021058 -0.0345174111 0.103590474 0 0.0343979336 0.999403954 0.00294038141 0 0.377887249 0.823837876 0.481653988 1
Early 432 473.5 bat_barrel -0.10363026 0.000640642422 0.994615495 0 0.994020998 -0.0345166624 0.103590526 0 0.0343972072 0.999403954 0.0029401856 0 1.23274541 0.794152915 0.570741773 1
Early 432 473.5 bat_tip -0.103630207 0.000640431768 0.994615495 0 0.994021058 -0.0345174111 0.103590474 0 0.0343979262 0.999403954 0.00294047035 0 1.57071269 0.782417119 0.605962515 1
Early 432 473.5 arm_L_0 -0.705838501 0.000674068928 0.708372653 0 0.671227396 -0.318934798 0.66912961 0 0.226375848 0.947776437 0.224663928 0 0.287875801 0.930031061 -0.0372957438 1
Early 432 473.5 arm_L_1 -0.900214314 0.000810518861 0.435446739 0 0.42776674 -0.185344964 0.884682357 0 0.0814251006 0.982673287 0.166503459 0 0.431183904 0.771564364 0.105899446 1
Early 432 473.5 arm_L_2 -0.991158903 0.000339001417 0.132680431 0 0.132612273 -0.0295615047 0.990726948 0 0.00425839424 0.999562979 0.0292551666 0 0.516732395 0.734201133 0.284637213 1
Early 432 473.5 hand_L -0.103627279 0.000615537167 0.994616032 0 0.99402082 -0.0345361829 0.103586361 0 0.0344144404 0.999403358 0.00296697021 0 0.546839356 0.817948639 0.499236405 1
Early 432 473.5 foot_R 0 4.37113883e-08 1 0 0.99999994 0 0 0 0 1 -4.37113883e-08 0 0.0799999833 0.0688500032 0.49000001 1
Early 432 473.5 foot_L -0.18987906 -0.0001063542 0.98180747 0 0.97827971 -0.0847153515 0.189187661 0 0.0831540376 0.996405184 0.0161897149 0 0.0940726101 0.101132885 -0.411531299 1
Early 432 474.0 root 1 0 0 0 0 1 0 0 0 0 1 0 0 0 0 1
Early 432 474.0 pelvis 0.405937493 -5.83844573e-09 0.913900852 0 -5.83844573e-09 1 8.98181618e-09 0 -0.913900852 -8.98181618e-09 0.405937493 0 0.0699814484 0.530042112 0.130345687 1
Early 432 474.0 chest 0.602181077 0.0497251302 0.796809494 0 -0.0299456902 0.998762965 -0.0396969281 0 -0.79779768 4.37260096e-05 0.602925181 0 0.0699814484 0.930042088 0.130345687 1
Early 432 474.0 head 0.997396708 -2.03726813e-09 0.0721098781 0 9.73013812e-08 1 -1.27182102e-06 0 -0.0721099377 1.28050669e-06 0.997396708 0 0.0586516671 1.30857217 0.115298994 1
Early 432 474.0 arm_R_0 -0.366797268 9.23797488e-05 0.930300832 0 0.899086833 -0.256829232 0.354515821 0 0.23896122 0.966456831 0.0941212475 0 -0.149289668 0.930042028 0.296056926 1
Early 432 474.0 arm_R_1 -0.348923206 0.000207930803 0.937151253 0 0.920891523 -0.185393572 0.342910528 0 0.173813149 0.982664347 0.0644966811 0 0.0817234889 0.773954213 0.386953652 1
Early 432 474.0 arm_R_2 -0.31283325 0.000727392733 0.949807644 0 0.949338198 -0.0312067233 0.312702507 0 0.0298678912 0.999512732 0.00907200575 0 0.254958749 0.738977134 0.451183558 1
Early 432 474.0 hand_R -0.147874102 0.000651061535 0.989005864 0 0.988474846 -0.0326760411 0.147816122 0 0.0324131548 0.999465883 0.00418840349 0 0.370416343 0.825111628 0.488746852 1
Early 432 474.0 bat_grip -0.147874162 0.000651085924 0.989005864 0 0.988474846 -0.0326761343 0.147816181 0 0.0324132517 0.999465883 0.00418839511 0 0.370416343 0.825111628 0.488746852 1
Early 432 474.0 bat_barrel -0.147874221 0.000651207112 0.989005864 0 0.988474786 -0.0326753855 0.147816226 0 0.0324125327 0.999465883 0.00418816693 0 1.22050476 0.797010124 0.615868747 1
Early 432 474.0 bat_tip -0.147874162 0.000650996575 0.989005864 0 0.988474846 -0.0326761343 0.147816181 0 0.0324132368 0.999465883 0.00418848358 0 1.55658627 0.785900354 0.666126251 1
Early 432 474.0 arm_L_0 -0.724037111 0.00072735548 0.689760625 0 0.654338002 -0.315619588 0.687187076 0 0.218201995 0.9488855 0.22804442 0 0.28925249 0.930042028 -0.0353656299 1
Early 432 474.0 arm_L_1 -0.910255969 0.000896111131 0.414045036 0 0.40708223 -0.180694863 0.895339906 0 0.0756183416 0.983538866 0.164113879 0 0.429207802 0.772102594 0.112027459 1
Early 432 474.0 arm_L_2 -0.993282199 0.00038972497 0.115716934 0 0.115665168 -0.0267260149 0.992928684 0 0.00347992778 0.999642789 0.026501406 0 0.511385143 0.735273957 0.294976145 1
Early 432 474.0 hand_L -0.147873953 0.00065100193 0.989006162 0 0.988474965 -0.0326758325 0.147816062 0 0.0324131846 0.999465823 0.00418832898 0 0.538457215 0.819556594 0.513875723 1
Early 432 474.0 foot_R 0 4.37113883e-08 1 0 0.99999994 0 0 0 0 1 -4.37113883e-08 0 0.0799999833 0.0688500032 0.49000001 1
Early 432 474.0 foot_L -0.195447668 -0.000113447655 0.980714142 0 0.976979792 -0.087205857 0.194693387 0 0.0855019167 0.99619031 0.0171550177 0 0.0947264507 0.102074757 -0.413581133 1
Early 432 474.5 root 1 0 0 0 0 1 0 0 0 0 1 0 0 0 0 1
Early 432 474.5 pelvis 0.401745677 -8.65985612e-08 0.915751278 0 -8.65985541e-08 1 1.32556906e-07 0 -0.915751278 -1.32556906e-07 0.401745677 0 0.0699768066 0.530052662 0.130432099 1
Early 432 474.5 chest 0.595463812 0.0503779389 0.801801026 0 -0.0300046839 0.998730242 -0.0404679775 0 -0.802821636 3.94299495e-05 0.596219301 0 0.0699767768 0.930052578 0.130432114 1
Early 432 474.5 head 0.997354031 9.90454282e-07 0.0726982951 0 -9.6911026e-07 1 -4.03852027e-07 0 -0.0726982951 3.37768142e-07 0.997354031 0 0.0586221926 1.30857038 0.115093447 1
Early 432 474.5 arm_R_0 -0.379883736 8.5812062e-05 0.925034165 0 0.894191146 -0.256039381 0.367241174 0 0.236876696 0.966666341 0.0971884876 0 -0.150691003 0.930052817 0.294311225 1
Early 432 474.5 arm_R_1 -0.366530657 0.000192128122 0.930405974 0 0.914500356 -0.184040189 0.360302746 0 0.17130132 0.98291868 0.0672806948 0 0.0783403665 0.774387658 0.388207048 1
Early 432 474.5 arm_R_2 -0.33962363 0.00066831708 0.940561116 0 0.940186322 -0.0279999822 0.339508206 0 0.0265626125 0.999607682 0.00888113678 0 0.249600768 0.739833832 0.455442667 1
Early 432 474.5 hand_R -0.191825464 0.000641614199 0.981428742 0 0.980957985 -0.0308589935 0.191753566 0 0.0304090679 0.99952358 0.00529017672 0 0.363098264 0.826392949 0.496023625 1
Early 432 474.5 bat_grip -0.191825524 0.000641638471 0.981428742 0 0.980957985 -0.0308590867 0.191753626 0 0.0304091629 0.99952358 0.00529017253 0 0.363098264 0.826392949 0.496023625 1
Early 432 474.5 bat_barrel -0.191825584 0.000641759543 0.981428742 0 0.980957925 -0.0308583397 0.191753671 0 0.0304084551 0.99952358 0.00528991269 0 1.20672214 0.799854159 0.660931706 1
Early 432 474.5 bat_tip -0.191825524 0.000641549123 0.981428742 0 0.980957985 -0.0308590867 0.191753626 0 0.0304091461 0.99952358 0.00529026007 0 1.54024804 0.789362133 0.726127982 1
Early 432 474.5 arm_L_0 -0.74174577 0.000674173236 0.670681059 0 0.636979401 -0.312302113 0.704787016 0 0.20993036 0.949982643 0.231219262 0 0.290644526 0.930052221 -0.0334470794 1
Early 432 474.5 arm_L_1 -0.919787586 0.000810205936 0.392416418 0 0.386158258 -0.176020607 0.90548259 0 0.0698071718 0.984386265 0.161588714 0 0.427364796 0.772635937 0.118224554 1
Early 432 474.5 arm_L_2 -0.995114565 0.000338733196 0.0987284258 0 0.0986921787 -0.0238642171 0.994831979 0 0.00269335508 0.999715269 0.0237141848 0 0.506325066 0.736322939 0.305439204 1
Early 432 474.5 hand_L -0.191822708 0.000618368387 0.981429696 0 0.980958164 -0.0308800936 0.19174993 0 0.0304256976 0.999522924 0.00531682372 0 0.529832363 0.821123958 0.52858758 1
Early 432 474.5 foot_R 0 4.37113883e-08 1 0 0.99999994 0 0 0 0 1 -4.37113883e-08 0 0.0799999833 0.0688500032 0.49000001 1
Early 432 474.5 foot_L -0.201010048 -0.000106354761 0.979589164 0 0.975642502 -0.0896958411 0.200190485 0 0.0878437757 0.995969176 0.0181335304 0 0.0954081491 0.103015348 -0.415622473 1
Early 432 475.0 root 1 0 0 0 0 1 0 0 0 0 1 0 0 0 0 1
Early 432 475.0 pelvis 0.397545427 -1.67924057e-07 0.917582512 0 -1.67924057e-07 1 2.55760654e-07 0 -0.917582512 -2.55760654e-07 0.397545427 0 0.0699721724 0.530063152 0.130518526 1
Early 432 475.0 chest 0.588704824 0.0510306954 0.806735694 0 -0.0300548002 0.998697102 -0.0412412621 0 -0.807789147 3.26514237e-05 0.589471519 0 0.0699721277 0.93006295 0.130518541 1
Early 432 475.0 head 0.997310877 3.56612873e-08 0.073286891 0 4.84960765e-08 0.99999994 -1.10623841e-06 0 -0.0732868612 1.10859219e-06 0.997310877 0 0.0585961081 1.30856824 0.114887007 1
Early 432 475.0 arm_R_0 -0.392894238 6.91972673e-05 0.919583678 0 0.889116406 -0.255246222 0.379896343 0 0.234746531 0.96687597 0.10022331 0 -0.152077004 0.93006283 0.292553812 1
Early 432 475.0 arm_R_1 -0.384007365 0.000155851245 0.923330128 0 0.907780945 -0.182683304 0.377571523 0 0.168735817 0.983171701 0.0700102895 0 0.0749346539 0.774819911 0.389409423 1
Early 432 475.0 arm_R_2 -0.366140395 0.000545330346 0.930559576 0 0.930268586 -0.0247898884 0.366040528 0 0.0232680812 0.99969238 0.00856929272 0 0.244168356 0.740687728 0.459598243 1
Early 432 475.0 hand_R -0.235393628 0.000487938523 0.971900105 0 0.971487284 -0.0290237367 0.2353082 0 0.0283230245 0.999578416 0.00635802001 0 0.355624497 0.827666998 0.503120542 1
Early 432 475.0 bat_grip -0.235393688 0.000487962679 0.971900105 0 0.971487284 -0.0290238298 0.23530826 0 0.0283231195 0.999578416 0.00635802001 0 0.355624497 0.827666998 0.503120542 1
Early 432 475.0 bat_barrel -0.235393748 0.000488083635 0.971900105 0 0.971487224 -0.0290230829 0.235308304 0 0.0283224229 0.999578416 0.00635772897 0 1.19110358 0.80270648 0.705485582 1
Early 432 475.0 bat_tip -0.235393688 0.000487873302 0.971900105 0 0.971487284 -0.0290238298 0.23530826 0 0.028323099 0.999578416 0.00635810709 0 1.52140951 0.792838514 0.785490453 1
Early 432 475.0 arm_L_0 -0.758951247 0.000545337796 0.651147425 0 0.619157732 -0.308981121 0.721924126 0 0.201586097 0.951068044 0.234163895 0 0.292021215 0.93006295 -0.0315167457 1
Early 432 475.0 arm_L_1 -0.928806722 0.000671982765 0.370564431 0 0.36497587 -0.171363801 0.915110409 0 0.0641164482 0.985207617 0.158918589 0 0.425386429 0.773174465 0.124355718 1
Early 432 475.0 arm_L_2 -0.996656835 0.000292390585 0.0817023218 0 0.081677869 -0.0210283548 0.996436894 0 0.00200971961 0.999778867 0.0209340453 0 0.500973642 0.737396717 0.315783739 1
Early 432 475.0 hand_L -0.235393822 0.000487804413 0.971900046 0 0.971487403 -0.0290237665 0.23530823 0 0.0283233225 0.999578595 0.00635790825 0 0.520777166 0.822732687 0.543123007 1
Early 432 475.0 foot_R 0 4.37113883e-08 1 0 0.99999994 0 0 0 0 1 -4.37113883e-08 0 0.0799999833 0.0688500032 0.49000001 1
Early 432 475.0 foot_L -0.206565872 -8.50760771e-05 0.978432715 0 0.97426796 -0.0921851695 0.205678627 0 0.0901794732 0.995741904 0.0191251971 0 0.0960898474 0.103955939 -0.417663813 1
Early 432 475.5 root 1 0 0 0 0 1 0 0 0 0 1 0 0 0 0 1
Early 432 475.5 pelvis 0.393337011 -8.0007581e-08 0.919394374 0 -8.0007581e-08 1 1.21251048e-07 0 -0.919394374 -1.21251048e-07 0.393337011 0 0.0699675381 0.530073702 0.130604953 1
Early 432 475.5 chest 0.581904471 0.051683329 0.811613202 0 -0.0301007237 0.998663545 -0.042013254 0 -0.812699914 1.75541136e-05 0.58268249 0 0.0699675158 0.9300735 0.130604953 1
Early 432 475.5 head 0.997267485 9.52710252e-07 0.0738750994 0 -9.74743671e-07 1 1.91312211e-07 0 -0.0738751292 -2.71604222e-07 0.997267485 0 0.0585667193 1.30856669 0.11468143 1
Early 432 475.5 arm_R_0 -0.405826867 3.96547839e-05 0.913949907 0 0.883862555 -0.254456639 0.392477959 0 0.232576147 0.967084169 0.10323029 0 -0.153478175 0.930073738 0.29080826 1
Early 432 475.5 arm_R_1 -0.401347846 8.82148743e-05 0.915925682 0 0.900735199 -0.181330889 0.394709021 0 0.16612038 0.983422101 0.0726973116 0 0.0715520829 0.775253356 0.390662372 1
Early 432 475.5 arm_R_2 -0.392362982 0.000304661691 0.919810295 0 0.919593513 -0.0215912126 0.392277628 0 0.0199792404 0.999766827 0.00819145143 0 0.238811672 0.741544247 0.463855833 1
Early 432 475.5 hand_R -0.278494835 0.000316619873 0.960437596 0 0.960079849 -0.0272148252 0.278400004 0 0.0262261927 0.999629617 0.0072751753 0 0.348309308 0.828947723 0.510393262 1
Early 432 475.5 bat_grip -0.278494895 0.000316643913 0.960437596 0 0.960079849 -0.0272149183 0.278400064 0 0.0262262877 0.999629617 0.00727517996 0 0.348309308 0.828947723 0.510393262 1
Early 432 475.5 bat_barrel -0.278494954 0.000316764752 0.960437596 0 0.960079789 -0.0272141714 0.278400093 0 0.026225606 0.999629617 0.00727485819 0 1.17397797 0.805542886 0.749817312 1
Early 432 475.5 bat_tip -0.278494895 0.000316554535 0.960437596 0 0.960079849 -0.0272149183 0.278400064 0 0.0262262635 0.999629617 0.00727526564 0 1.50040531 0.796289921 0.844473362 1
Early 432 475.5 arm_L_0 -0.775642276 0.000310435891 0.631172895 0 0.600891113 -0.305663198 0.738579571 0 0.193155766 0.952139616 0.236898705 0 0.293413192 0.930073202 -0.0295984112 1
Early 432 475.5 arm_L_1 -0.937304676 0.000361740589 0.34851107 0 0.343578517 -0.166690931 0.924211919 0 0.0584281832 0.986009121 0.156115949 0 0.423545599 0.773707271 0.130549669 1
Early 432 475.5 arm_L_2 -0.997907281 0.000143557787 0.0646617264 0 0.064648293 -0.0181694627 0.997742534 0 0.00131839514 0.999834895 0.0181221515 0 0.495917618 0.738444448 0.326241225 1
Early 432 475.5 hand_L -0.278492332 0.000295311213 0.960438371 0 0.960080028 -0.0272377431 0.278396517 0 0.0262427926 0.999628961 0.00730189681 0 0.51149708 0.824296713 0.557680905 1
Early 432 475.5 foot_R 0 4.37113883e-08 1 0 0.99999994 0 0 0 0 1 -4.37113883e-08 0 0.0799999833 0.0688500032 0.49000001 1
Early 432 475.5 foot_L -0.212115064 -4.96097782e-05 0.977244675 0 0.972856164 -0.09467379 0.211157739 0 0.0925089717 0.995508373 0.0201299991 0 0.0967992768 0.104895115 -0.419696391 1
Early 432 476.0 root 1 0 0 0 0 1 0 0 0 0 1 0 0 0 0 1
Early 432 476.0 pelvis 0.389120311 8.52428617e-09 0.921186924 0 8.52428617e-09 1 -1.28543496e-08 0 -0.921186924 1.28543496e-08 0.389120311 0 0.0699628964 0.530084252 0.130691379 1
Early 432 476.0 chest 0.575063348 0.0523358881 0.816433191 0 -0.0301377736 0.99862951 -0.0427873768 0 -0.81755358 -2.37540458e-08 0.575852513 0 0.0699628964 0.930084229 0.130691379 1
Early 432 476.0 head 0.997223735 -7.10592474e-08 0.0744634867 0 8.27658866e-08 1 -6.92140816e-08 0 -0.0744633973 8.54958913e-08 0.997223794 0 0.0585406721 1.3085649 0.114474945 1
Early 432 476.0 arm_R_0 -0.418678343 -1.86264515e-09 0.90813452 0 0.878431678 -0.253663957 0.404984444 0 0.23036103 0.967292368 0.106203705 0 -0.154864252 0.930084109 0.289050698 1
Early 432 476.0 arm_R_1 -0.418545187 1.49011612e-08 0.908195913 0 0.893366039 -0.179975599 0.411710829 0 0.163453162 0.98367101 0.0753279999 0 0.0681458265 0.775686026 0.391865224 1
Early 432 476.0 arm_R_2 -0.418269128 1.49011612e-08 0.90832299 0 0.908169448 -0.0183927305 0.418198466 0 0.0167065896 0.999830842 0.0076932013 0 0.233377948 0.74239862 0.468012989 1
Early 432 476.0 hand_R -0.321040154 7.4505806e-08 0.947065473 0 0.946760058 -0.0254001021 0.320936561 0 0.0240556896 0.99967742 0.00815453939 0 0.340832591 0.830222785 0.517494202 1
Early 432 476.0 bat_grip -0.321040213 9.84273925e-08 0.947065473 0 0.946760058 -0.0254001953 0.32093662 0 0.0240557846 0.99967742 0.00815454777 0 0.340832591 0.830222785 0.517494202 1
Early 432 476.0 bat_barrel -0.321040273 2.19175249e-07 0.947065473 0 0.946759999 -0.0253994484 0.32093665 0 0.0240551177 0.99967742 0.00815419573 0 1.15504622 0.808378637 0.793499708 1
Early 432 476.0 bat_tip -0.321040213 9.04926623e-09 0.947065473 0 0.946760058 -0.0254001953 0.32093662 0 0.0240557566 0.99967742 0.00815463252 0 1.4769448 0.799742639 0.90261817 1
Early 432 476.0 arm_L_0 -0.791806817 0 0.610771775 0 0.582186699 -0.302345514 0.75474894 0 0.184664309 0.953198373 0.239399284 0 0.29479003 0.930084229 -0.0276680123 1
Early 432 476.0 arm_L_1 -0.945280194 2.83122063e-07 0.32626 0 0.321948349 -0.162038058 0.932787836 0 0.0528669953 0.986784577 0.15317142 0 0.421565145 0.774246633 0.136683851 1
Early 432 476.0 arm_L_2 -0.998866916 1.78813934e-07 0.047593683 0 0.0475881025 -0.0153362751 0.998749375 0 0.000730365515 0.99988246 0.0153189376 0 0.49056235 0.739519835 0.336591214 1
Early 432 476.0 hand_L -0.321040273 0 0.947065651 0 0.946760297 -0.0253999531 0.32093668 0 0.024055779 0.99967742 0.00815443695 0 0.501781881 0.825904489 0.572053492 1
Early 432 476.0 foot_R 0 4.37113883e-08 1 0 0.99999994 0 0 0 0 1 -4.37113883e-08 0 0.0799999833 0.0688500032 0.49000001 1
Early 432 476.0 foot_L -0.217657268 3.67568056e-08 0.976025283 0 0.971407235 -0.0971615463 0.216627464 0 0.0948321223 0.995268643 0.0211478807 0 0.0975087062 0.10583429 -0.421728939 1
Early 432 496 root 1 0 0 0 0 1 0 0 0 0 1 0 0 0 0 1
Early 432 496 pelvis 0.223116621 -1.36631144e-07 0.974791765 0 -1.3663113e-07 1 1.71437449e-07 0 -0.974791765 -1.71437449e-07 0.223116621 0 0.0688188523 0.532646298 0.133917153 1
Early 432 496 chest 0.308666706 0.077492401 0.948008299 0 -0.0239915829 0.996992946 -0.0736849755 0 -0.950867653 -1.22127972e-07 0.309597701 0 0.0688188151 0.932646036 0.133917153 1
Early 432 496 head 0.994450808 1.83730791e-08 0.105203092 0 -1.38146632e-08 1 -5.28559241e-08 0 -0.105203152 5.44904282e-08 0.994450808 0 0.059726011 1.31050646 0.105990484 1
Early 432 496 arm_R_0 -0.776642442 -3.44589353e-08 0.629941583 0 0.626650512 -0.102085978 0.772584915 0 0.0643081442 0.994775593 0.0792843401 0 -0.192669913 0.932645977 0.219056591 1
Early 432 496 arm_R_1 -0.891216516 -2.23517418e-08 0.453577995 0 0.451841295 0.0874242112 0.887804091 0 -0.039653752 0.996171176 -0.0779138803 0 -0.0740072802 0.823315144 0.365353346 1
Early 432 496 arm_R_2 -0.999441803 8.94069672e-08 0.0334034562 0 0.0303339139 0.418745637 0.907596648 0 -0.0139875486 0.908103526 -0.418511897 0 -0.0131225772 0.835095465 0.484983146 1
Early 432 496 hand_R -0.998921692 1.11758709e-07 -0.0464244783 0 -0.0453752875 0.211378679 0.976350307 0 0.00981318951 0.977404237 -0.211150721 0 -0.0100155231 0.96798712 0.577946126 1
Early 432 496 bat_grip -0.998921692 1.20481289e-07 -0.0464245416 0 -0.0453753509 0.211378589 0.976350307 0 0.0098132072 0.977404237 -0.211150631 0 -0.0100155156 0.96798712 0.577946126 1
Early 432 496 bat_barrel -0.998921692 2.23872803e-07 -0.0464246273 0 -0.045375403 0.211379305 0.976350069 0 0.00981335994 0.977404058 -0.211151347 0 -0.049038291 1.14977264 1.41760743 1
Early 432 496 bat_tip -0.998921692 3.30945369e-08 -0.046424523 0 -0.0453753509 0.211378589 0.976350307 0 0.00981311779 0.977404237 -0.211150631 0 -0.0644659102 1.22164154 1.74956656 1
Early 432 496 arm_L_0 -0.958647966 5.96046448e-08 -0.284595042 0 -0.284411669 -0.0359103158 0.958029509 0 -0.0102196336 0.999355018 0.0344254225 0 0.330307633 0.932646036 0.0487778001 1
Early 432 496 arm_L_1 -0.894189298 1.1920929e-07 -0.447689444 0 -0.445819825 0.0913001597 0.890454412 0 0.0408744067 0.995823503 -0.0816394389 0 0.272072971 0.835293472 0.244938537 1
Early 432 496 arm_L_2 -0.838352621 1.1920929e-07 -0.545128584 0 -0.537230074 0.169615313 0.826204896 0 0.0924625546 0.985510349 -0.142197132 0 0.156060442 0.859051883 0.476654887 1
Early 432 496 hand_L -0.99892211 2.98023224e-08 -0.046424441 0 -0.0453754477 0.211378753 0.976350367 0 0.00981345773 0.977404177 -0.211150616 0 -0.0177294463 1.00392151 0.743925929 1
Early 432 496 foot_R 0 4.37113883e-08 1 0 0.99999994 0 0 0 0 1 -4.37113883e-08 0 0.0799999833 0.0688500032 0.49000001 1
Early 432 496 foot_L -0.457758307 1.95598666e-08 0.88907665 0 0.869823813 -0.206979901 0.447845668 0 0.184020981 0.978345215 0.0947467536 0 0.142657429 0.14683935 -0.505449414 1
Early 432 528 root 1 0 0 0 0 1 0 0 0 0 1 0 0 0 0 1
Early 432 528 pelvis -0.00841645617 3.52293751e-15 0.999964654 0 -3.52293751e-15 1 -3.55271368e-15 0 -0.999964654 -3.55271368e-15 -0.00841645617 0 0.064915061 0.541028857 0.137934163 1
Early 432 528 chest -0.0288157463 0.103201404 0.994243085 0 0.00298977573 0.994660497 -0.103158101 0 -0.999580324 -1.38148541e-08 -0.0289704353 0 0.064915061 0.941028774 0.137934133 1
Early 432 528 head 0.985719025 -4.59254004e-08 0.168399096 0 2.20947918e-08 1 8.30691107e-08 0 -0.168399066 -7.64367343e-08 0.985719085 0 0.0660482049 1.31800556 0.0988371745 1
Early 432 528 arm_R_0 -0.997181356 7.4505806e-08 0.0750284493 0 0.0638754591 0.524598837 0.848949909 0 -0.0393598042 0.851349533 -0.523120284 0 -0.209969535 0.941028774 0.129967242 1
Early 432 528 arm_R_1 -0.842632532 2.08616257e-07 -0.538489103 0 -0.374298513 0.718922317 0.585705698 0 0.387131989 0.695090294 -0.605787396 0 -0.202088401 0.915755451 0.234712496 1
Early 432 528 arm_R_2 -0.43088001 -2.98023224e-08 -0.902409196 0 -0.618034184 0.7286641 0.295097172 0 0.657553256 0.684871197 -0.31396699 0 -0.251985073 1.01159263 0.312791258 1
Early 432 528 hand_R -0.632245898 4.09781933e-08 -0.774767816 0 -0.667587757 0.507483244 0.544781983 0 0.393181771 0.861661613 -0.320854306 0 -0.359659493 1.22854161 0.364203453 1
Early 432 528 bat_grip -0.632245839 2.87291257e-08 -0.774767876 0 -0.667587876 0.507483184 0.544781983 0 0.393181711 0.861661673 -0.320854247 0 -0.359659493 1.22854161 0.364203453 1
Early 432 528 bat_barrel -0.632245719 9.99384682e-08 -0.774767995 0 -0.667587578 0.50748378 0.544781625 0 0.393182278 0.861661315 -0.320854574 0 -0.933785081 1.66497719 0.832715988 1
Early 432 528 bat_tip -0.632245898 -4.83094311e-08 -0.774767876 0 -0.667587876 0.507483184 0.544781983 0 0.393181652 0.861661673 -0.320854306 0 -1.16076493 1.83752155 1.01794195 1
Early 432 528 arm_L_0 -0.304196775 -5.96046448e-08 -0.95260942 0 -0.879012465 0.385418653 0.280694962 0 0.367153615 0.922741771 -0.117243022 0 0.339799643 0.941028774 0.145901069 1
Early 432 528 arm_L_1 -0.357219458 -4.47034836e-08 -0.934020758 0 -0.858226717 0.394602299 0.328231722 0 0.368566871 0.918852091 -0.140959486 0 0.126594216 0.944512606 0.213983804 1
Early 432 528 arm_L_2 -0.389884621 -7.4505806e-08 -0.920863986 0 -0.844078839 0.399767816 0.357374549 0 0.368132055 0.916616499 -0.155863225 0 -0.144389048 1.06910729 0.317622304 1
Early 432 528 hand_L -0.632245958 5.96046448e-08 -0.774768114 0 -0.667587519 0.507483482 0.544782162 0 0.393182307 0.861661553 -0.320854098 0 -0.473149508 1.31481385 0.456816554 1
Early 432 528 foot_R 0 4.37113883e-08 1 0 0.99999994 0 0 0 0 1 -4.37113883e-08 0 0.0799999833 0.0688500032 0.49000001 1
Early 432 528 foot_L -0.722120464 1.01064728e-07 0.691767275 0 0.651795208 -0.335001469 0.680394709 0 0.231743112 0.942217588 0.241911367 0 0.229666084 0.193512291 -0.584615946 1
Early 432 632 root 1 0 0 0 0 1 0 0 0 0 1 0 0 0 0 1
Early 432 632 pelvis -0.268312484 0 0.963331997 0 0 1 0 0 -0.963331997 0 -0.268312484 0 0.0550355949 0.556365132 0.135641277 1
Early 432 632 chest -0.528172433 0.0950168669 0.843804359 0 0.0504134484 0.99547565 -0.0805399939 0 -0.847639382 8.66664962e-08 -0.530572951 0 0.0550355837 0.956365108 0.135641262 1
Early 432 632 head 0.920789003 -2.50431e-08 0.39006114 0 5.85923701e-08 0.99999994 -7.7527389e-08 0 -0.39006114 9.80728103e-08 0.920789003 0 0.0741422325 1.33365047 0.105116531 1
Early 432 632 arm_R_0 0.060007859 -2.16066837e-07 -0.998197973 0 -0.270301014 0.962638617 -0.016249679 0 0.960903883 0.270788997 0.0577657446 0 -0.178065211 0.956365108 -0.0102662919 1
Early 432 632 arm_R_1 0.279022932 -1.78813934e-07 -0.960284591 0 -0.475723982 0.868665338 -0.13822788 0 0.834165871 0.495398998 0.242377475 0 -0.220932215 1.01903033 -0.0128432773 1
Early 432 632 arm_R_2 0.332801759 -5.21540642e-08 -0.942996919 0 -0.580804527 0.787813663 -0.204977155 0 0.742905676 0.615913451 0.262185752 0 -0.321577042 1.20280635 -0.0420869961 1
Early 432 632 hand_R 0.799527824 2.98023224e-08 0.600629091 0 0.359476149 0.801122904 -0.478517294 0 -0.481177986 0.598499775 0.640520334 0 -0.479999602 1.50769413 -0.0979971662 1
Early 432 632 bat_grip 0.799527824 -6.56042509e-09 0.600629091 0 0.359476268 0.801122844 -0.478517324 0 -0.481177956 0.598499835 0.640520275 0 -0.479999602 1.50769413 -0.0979971662 1
Early 432 632 bat_barrel 0.799527764 1.50460338e-08 0.600629151 0 0.35947594 0.801123202 -0.478516787 0 -0.481178313 0.598499238 0.640520573 0 -0.170850039 2.1966598 -0.50952208 1
Early 432 632 bat_tip 0.799527884 -6.00704837e-08 0.600629032 0 0.359476268 0.801122844 -0.478517324 0 -0.481177896 0.598499835 0.640520334 0 -0.0486281216 2.46904182 -0.672217965 1
Early 432 632 arm_L_0 0.728509009 2.23517418e-07 -0.685036242 0 -0.544694543 0.606435895 -0.579260886 0 0.415430546 0.795132279 0.441794425 0 0.288136303 0.956365049 0.281548709 1
Early 432 632 arm_L_1 0.546093702 1.38184987e-07 -0.837724268 0 -0.64949739 0.631578743 -0.423392475 0 0.529088914 0.775311708 0.344901502 0 0.110238925 1.06442702 0.092361778 1
Early 432 632 arm_L_2 0.373283088 -4.47034836e-08 -0.927717626 0 -0.716368914 0.635398388 -0.288243115 0 0.589470506 0.772184312 0.237183809 0 -0.125436485 1.29360044 -0.0612697452 1
Early 432 632 hand_L 0.799528003 2.5331974e-07 0.600629151 0 0.359476328 0.801122904 -0.478517056 0 -0.481177896 0.598499596 0.640520573 0 -0.418888986 1.6438849 -0.179345116 1
Early 432 632 foot_R 0 4.37113883e-08 1 0 0.99999994 0 0 0 0 1 -4.37113883e-08 0 0.0799999833 0.0688500032 0.49000001 1
Early 432 632 foot_L -0.817456007 5.10714386e-08 0.575990975 0 0.547489047 -0.310673058 0.777005792 0 0.178944901 0.95051682 0.253961533 0 0.266084492 0.184741557 -0.620885015 1
Early 432 672 root 1 0 0 0 0 1 0 0 0 0 1 0 0 0 0 1
Early 432 672 pelvis -0.304806083 4.96973414e-08 0.952414453 0 -4.96973414e-08 1 -6.80852708e-08 0 -0.952414453 -6.80852708e-08 -0.304806083 0 0.0523024723 0.559087932 0.131643608 1
Early 432 672 chest -0.587645054 0.0872002468 0.804406285 0 0.0514387041 0.996190786 -0.0704126656 0 -0.807482123 -4.26138271e-08 -0.589892089 0 0.052302476 0.95908767 0.131643564 1
Early 432 672 head 0.88655448 -5.93786638e-08 0.462624282 0 1.41387432e-07 1 -1.38119063e-07 0 -0.462624222 1.92631475e-07 0.886554599 0 0.0717977434 1.33664417 0.104957156 1
Early 432 672 arm_R_0 0.357573807 1.11758709e-07 -0.933885038 0 -0.28890273 0.950946391 -0.110617436 0 0.888074398 0.309355676 0.340033442 0 -0.169755101 0.959087729 -0.0305767562 1
Early 432 672 arm_R_1 0.392565936 1.13621354e-07 -0.919724107 0 -0.484691858 0.849867105 -0.206881016 0 0.781643033 0.52699703 0.333628833 0 -0.215392143 1.0193063 -0.0480505712 1
Early 432 672 arm_R_2 0.402178854 1.86264515e-07 -0.915561199 0 -0.584216833 0.769956172 -0.256628871 0 0.704941809 0.638096929 0.309660077 0 -0.318806946 1.20063531 -0.0921911523 1
Early 432 672 hand_R 0.673860669 1.49011612e-07 0.738858342 0 0.526839316 0.701118112 -0.480493367 0 -0.518027127 0.713045359 0.472455889 0 -0.479999661 1.50307596 -0.16299808 1
Early 432 672 bat_grip 0.67386061 1.21418282e-07 0.738858402 0 0.526839435 0.701118052 -0.480493337 0 -0.518027067 0.713045418 0.472455829 0 -0.479999661 1.50307596 -0.162998095 1
Early 432 672 bat_barrel 0.67386049 1.62888739e-07 0.738858521 0 0.526839077 0.701118529 -0.48049289 0 -0.518027544 0.713044882 0.472456098 0 -0.0269177556 2.10603762 -0.57622242 1
Early 432 672 bat_tip 0.673860669 5.76670516e-08 0.738858342 0 0.526839435 0.701118052 -0.480493337 0 -0.518027008 0.713045418 0.472455889 0 0.152207673 2.34441781 -0.739590108 1
Early 432 672 arm_L_0 0.795507252 0 -0.605944395 0 -0.495806456 0.574880242 -0.650913894 0 0.348345518 0.818237543 0.457321614 0 0.274360001 0.959087491 0.293863803 1
Early 432 672 arm_L_1 0.629464507 -2.88709998e-08 -0.777029634 0 -0.614135146 0.612639248 -0.497505128 0 0.476038933 0.790362716 0.38563484 0 0.110538445 1.05903602 0.0787926614 1
Early 432 672 arm_L_2 0.458053261 -1.49011612e-07 -0.888925016 0 -0.693335176 0.625816405 -0.357267916 0 0.556303978 0.779970407 0.286657423 0 -0.111060835 1.28009534 -0.100723073 1
Early 432 672 hand_L 0.673860788 2.38418579e-07 0.738858938 0 0.526839614 0.701118112 -0.480493069 0 -0.518027544 0.71304512 0.472456098 0 -0.390437543 1.62226558 -0.244682342 1
Early 432 672 foot_R 0 4.37113883e-08 1 0 0.99999994 0 0 0 0 1 -4.37113883e-08 0 0.0799999833 0.0688500032 0.49000001 1
Early 432 672 foot_L -0.819152117 7.47037845e-08 0.573576272 0 0.547939956 -0.295623332 0.782539785 0 0.169562563 0.955304563 0.242160454 0 0.265265375 0.179292083 -0.62382257 1
Early 432 832 root 1 0 0 0 0 1 0 0 0 0 1 0 0 0 0 1
Early 432 832 pelvis -0.36856699 4.73634927e-08 0.929601192 0 -4.73634927e-08 1 -6.97289479e-08 0 -0.929601192 -6.97289479e-08 -0.36856699 0 0.0415513292 0.552301466 0.129999995 1
Early 432 832 chest -0.678174973 0.0558847263 0.732772589 0 0.0379589796 0.998437226 -0.0410148576 0 -0.733919501 4.77123052e-08 -0.679236412 0 0.0415513217 0.952301443 0.129999995 1
Early 432 832 head 0.833646417 -7.50303286e-08 0.552298784 0 1.41925895e-07 1 -8.50664321e-08 0 -0.552298784 1.52510566e-07 0.833646417 0 0.0559377708 1.33070934 0.114455268 1
Early 432 832 arm_R_0 0.603639841 -5.96046448e-08 -0.797257364 0 -0.360018522 0.892235041 -0.272586495 0 0.711340785 0.451571286 0.538588464 0 -0.160276517 0.952301443 -0.0567900091 1
Early 432 832 arm_R_1 0.512529016 -1.10827386e-07 -0.858670235 0 -0.542997837 0.774665773 -0.324108481 0 0.665182292 0.63237083 0.39703849 0 -0.209073171 0.983234882 -0.0937360525 1
Early 432 832 arm_R_2 0.481451124 -8.56816769e-08 -0.876473248 0 -0.627006888 0.698740661 -0.344418138 0 0.612427354 0.715375006 0.336409271 0 -0.315647602 1.1352787 -0.157348961 1
Early 432 832 hand_R 0.545656025 2.16066837e-07 0.838009298 0 0.739462137 0.470493525 -0.481489122 0 -0.394278169 0.882403374 0.256727576 0 -0.479999661 1.40843415 -0.24762845 1
Early 432 832 bat_grip 0.545655966 2.06578008e-07 0.838009357 0 0.739462256 0.470493436 -0.481489092 0 -0.394278109 0.882403433 0.256727517 0 -0.479999661 1.40843415 -0.247628465 1
Early 432 832 bat_barrel 0.545655847 2.82556584e-07 0.838009477 0 0.739461958 0.470494062 -0.481488824 0 -0.394278735 0.882403076 0.256727785 0 0.15593791 1.8130585 -0.66170913 1
Early 432 832 bat_tip 0.545656025 1.27684984e-07 0.838009357 0 0.739462256 0.470493436 -0.481489092 0 -0.394278049 0.882403433 0.256727606 0 0.40735513 1.97302651 -0.825415492 1
Early 432 832 arm_L_0 0.87117511 2.23517418e-08 -0.490972638 0 -0.436965764 0.455960244 -0.775345922 0 0.223864034 0.890000105 0.397221446 0 0.243379191 0.952301443 0.316789806 1
Early 432 832 arm_L_1 0.734173656 -2.79396772e-08 -0.678961933 0 -0.579880774 0.520158648 -0.627035379 0 0.353168011 0.85406971 0.381886899 0 0.101933308 1.00989592 0.0658100545 1
Early 432 832 arm_L_2 0.573392689 -2.01165676e-07 -0.819280744 0 -0.68099165 0.555963278 -0.476607919 0 0.455490172 0.831206799 0.318785369 0 -0.0972904935 1.18860161 -0.149614275 1
Early 432 832 hand_L 0.545656085 1.1920929e-07 0.838009417 0 0.739462376 0.470493346 -0.481488794 0 -0.39427799 0.882403493 0.256727755 0 -0.35429126 1.48841763 -0.329481959 1
Early 432 832 foot_R 0 4.37113883e-08 1 0 0.99999994 0 0 0 0 1 -4.37113883e-08 0 0.0799999833 0.0688500032 0.49000001 1
Early 432 832 foot_L -0.819152057 4.28498268e-08 0.573576331 0 0.55107677 -0.277335018 0.787019432 0 0.159072816 0.960773289 0.227179527 0 0.263338655 0.172645897 -0.626574278 1
Early 432 887.5 root 1 0 0 0 0 1 0 0 0 0 1 0 0 0 0 1
Early 432 887.5 pelvis -0.374602556 0 0.927185416 0 0 1 0 0 -0.927185416 0 -0.374602556 0 0.0400011465 0.55000186 0.129999995 1
Early 432 887.5 chest -0.668225288 0.0523384772 0.742115617 0 0.0350218825 0.998629391 -0.0388945155 0 -0.743134141 -1.35687177e-08 -0.669142425 0 0.0400011465 0.950001657 0.129999995 1
Early 432 887.5 head 0.829040885 -4.25850022e-09 0.559188187 0 -4.89554708e-08 1 6.13720132e-08 0 -0.559188128 -6.51665317e-08 0.829041004 0 0.0532744452 1.32848215 0.115258977 1
Early 432 887.5 arm_R_0 0.631775141 -2.23517418e-08 -0.775151551 0 -0.354748964 0.889131844 -0.289132595 0 0.689211965 0.457651019 0.561731458 0 -0.164360702 0.950001657 -0.0540141612 1
Early 432 887.5 arm_R_1 0.527499259 -7.4505806e-09 -0.849555433 0 -0.540885746 0.77113688 -0.33584255 0 0.655123591 0.636669099 0.406774223 0 -0.211795881 0.978892267 -0.092675373 1
Early 432 887.5 arm_R_2 0.491528481 1.67638063e-08 -0.870861351 0 -0.625820398 0.695400596 -0.353223324 0 0.605597556 0.718622148 0.341809303 0 -0.317008853 1.12889361 -0.15800342 1
Early 432 887.5 hand_R 0.539058328 1.56462193e-07 0.842268825 0 0.751722276 0.451052725 -0.481108189 0 -0.379908115 0.89249742 0.243143648 0 -0.479999572 1.40000641 -0.249998152 1
Early 432 887.5 bat_grip 0.539058268 1.48406016e-07 0.842268884 0 0.751722395 0.451052636 -0.481108159 0 -0.379908055 0.89249748 0.243143588 0 -0.479999572 1.40000641 -0.249998167 1
Early 432 887.5 bat_barrel 0.539058149 2.26794924e-07 0.842268944 0 0.751722097 0.451053262 -0.481107891 0 -0.379908681 0.892497122 0.243143842 0 0.166481704 1.78791165 -0.663751245 1
Early 432 887.5 bat_tip 0.539058328 6.86105253e-08 0.842268884 0 0.751722395 0.451052636 -0.481108159 0 -0.379907995 0.89249748 0.243143663 0 0.422067374 1.94126976 -0.827328086 1
Early 432 887.5 arm_L_0 0.871588349 -5.96046448e-08 -0.490238279 0 -0.438139677 0.448609263 -0.778963089 0 0.219925553 0.893727899 0.391002893 0 0.244363055 0.950001717 0.314014137 1
Early 432 887.5 arm_L_1 0.734550476 -1.11758709e-08 -0.678553998 0 -0.582095742 0.513904333 -0.630132377 0 0.348711967 0.857847393 0.377488941 0 0.103284098 1.00445211 0.0631915331 1
Early 432 887.5 arm_L_2 0.573606133 4.47034836e-08 -0.819131255 0 -0.683761239 0.550644517 -0.47881186 0 0.451050222 0.834739685 0.315853447 0 -0.095572792 1.1800133 -0.152075857 1
Early 432 887.5 hand_L 0.539058268 1.97440386e-07 0.842268825 0 0.751722336 0.451052845 -0.481108069 0 -0.379907697 0.892497063 0.243143916 0 -0.352206886 1.47668517 -0.331786782 1
Early 432 887.5 foot_R 0 4.37113883e-08 1 0 0.99999994 0 0 0 0 1 -4.37113883e-08 0 0.0799999833 0.0688500032 0.49000001 1
Early 432 887.5 foot_L -0.819152236 7.24432141e-08 0.573576093 0 0.551356435 -0.27563867 0.787419438 0 0.1580998 0.961261332 0.225790009 0 0.263164222 0.172028095 -0.626823485 1
Early 432 888 root 1 0 0 0 0 1 0 0 0 0 1 0 0 0 0 1
Early 432 888 pelvis -0.374606699 0 0.927183807 0 0 1 0 0 -0.927183807 0 -0.374606699 0 0.0399999991 0.550000012 0.129999995 1
Early 432 888 chest -0.668213606 0.0523359515 0.742126286 0 0.0350195616 0.99862951 -0.0388932116 0 -0.743144751 -3.46637563e-08 -0.669130683 0 0.0399999991 0.94999969 0.129999995 1
Early 432 888 head 0.829037786 -2.29499229e-08 0.559192896 0 -5.39884155e-08 1 1.04912729e-07 0 -0.559192836 -1.14385017e-07 0.829037726 0 0.053272415 1.32848024 0.115259476 1
Early 432 888 arm_R_0 0.631801903 3.7252903e-09 -0.775129914 0 -0.354742497 0.889129579 -0.289147645 0 0.689190865 0.45765546 0.56175369 0 -0.1643648 0.94999969 -0.054010924 1
Early 432 888 arm_R_1 0.527513683 2.79396772e-08 -0.849546611 0 -0.540882468 0.771134675 -0.3358531 0 0.65511477 0.636671901 0.406783998 0 -0.211798668 0.97888875 -0.0926737338 1
Early 432 888 arm_R_2 0.491538167 1.06170774e-07 -0.870855927 0 -0.625818372 0.69539845 -0.353231192 0 0.605591834 0.718624294 0.341814905 0 -0.317010343 1.12888873 -0.158003435 1
Early 432 888 hand_R 0.539053559 0 0.842271328 0 0.751731038 0.451038361 -0.481107771 0 -0.379896879 0.892504454 0.243133858 0 -0.479999721 1.39999998 -0.249999776 1
Early 432 888 bat_grip 0.5390535 -8.05511746e-09 0.842271388 0 0.751731157 0.451038271 -0.481107742 0 -0.37989682 0.892504513 0.243133798 0 -0.479999721 1.39999998 -0.249999791 1
Early 432 888 bat_barrel 0.53905338 7.03355312e-08 0.842271447 0 0.751730859 0.451038897 -0.481107473 0 -0.379897445 0.892504156 0.243134052 0 0.166489065 1.78789294 -0.663752496 1
Early 432 888 bat_tip 0.539053559 -8.78512409e-08 0.842271388 0 0.751731157 0.451038271 -0.481107742 0 -0.37989676 0.892504513 0.243133873 0 0.422077715 1.94124603 -0.827329218 1
Early 432 888 arm_L_0 0.871587753 -8.94069672e-08 -0.490239292 0 -0.438141912 0.448604017 -0.778964698 0 0.219923481 0.893730581 0.390998065 0 0.244364813 0.94999975 0.314010948 1
Early 432 888 arm_L_1 0.734549522 -5.77419996e-08 -0.678555012 0 -0.582098544 0.513899803 -0.63013339 0 0.348709404 0.857850254 0.377485067 0 0.103285752 1.00444782 0.0631889552 1
Early 432 888 arm_L_2 0.573604822 2.23517418e-08 -0.81913209 0 -0.683764279 0.550640523 -0.478812158 0 0.45104745 0.834742427 0.315850407 0 -0.0955712274 1.18000686 -0.152077764 1
Early 432 888 hand_L 0.539053738 1.86264515e-07 0.842271686 0 0.751731157 0.451038539 -0.481107742 0 -0.379896998 0.892504454 0.243134201 0 -0.352205366 1.47667634 -0.331788093 1
Early 432 888 foot_R 0 4.37113883e-08 1 0 0.99999994 0 0 0 0 1 -4.37113883e-08 0 0.0799999833 0.0688500032 0.49000001 1
Early 432 888 foot_L -0.819152296 8.68321379e-08 0.573576033 0 0.551356554 -0.275637537 0.787419736 0 0.15809913 0.96126163 0.22578907 0 0.263164103 0.172027692 -0.626823664 1
Nominal 456 0 root 1 0 0 0 0 1 0 0 0 0 1 0 0 0 0 1
Nominal 456 0 pelvis 1 0 0 0 0 1 -3.42285453e-08 0 0 3.42285453e-08 1 0 0 0.529999971 0 1
Nominal 456 0 chest 1 0 0 0 0 1 -3.42285453e-08 0 0 3.42285453e-08 1 0 0 0.929999888 3.55271368e-15 1
Nominal 456 0 head 1 0 0 0 0 1 -3.42285453e-08 0 0 3.42285453e-08 1 0 0 1.30900025 0 1
Nominal 456 0 arm_R_0 0.683121741 2.32830644e-08 0.73030448 0 0.730150878 0.0205101278 -0.682978034 0 -0.0149786491 0.999789655 0.0140109416 0 -2.22666898e-08 0.929999709 0.275000095 1
Nominal 456 0 arm_R_1 0.834065616 4.09781933e-08 0.551665246 0 0.545995653 0.14299871 -0.825493693 0 -0.0788874626 0.989722908 0.119270317 0 0.197777733 0.845555544 0.0900000483 1
Nominal 456 0 arm_R_2 0.945325971 2.49128789e-08 0.326126456 0 0.314944237 0.259616107 -0.912912548 0 -0.0846677199 0.965711951 0.245421886 0 0.337777704 0.882222176 -0.121666558 1
Nominal 456 0 hand_R 0.905458629 -1.63912773e-07 -0.424433976 0 -0.149366632 0.936030269 -0.318648994 0 0.397283047 0.351919889 0.847536623 0 0.419999778 1.04000044 -0.359999925 1
Nominal 456 0 bat_grip 0.905458629 -2.14163165e-07 -0.424433917 0 -0.149366602 0.936030209 -0.318649113 0 0.397283018 0.351919979 0.847536623 0 0.419999778 1.04000044 -0.359999925 1
Nominal 456 0 bat_barrel 0.905458689 -2.30327458e-07 -0.424433798 0 -0.14936623 0.936030388 -0.318648487 0 0.397283018 0.351919293 0.847536922 0 0.291544467 1.84498644 -0.63403821 1
Nominal 456 0 bat_tip 0.90545857 -2.45627263e-07 -0.424434006 0 -0.149366602 0.936030209 -0.318649113 0 0.397283107 0.351919979 0.847536564 0 0.240759864 2.16323686 -0.742378831 1
Nominal 456 0 arm_L_0 0.397238612 -1.49011612e-08 0.91771543 0 0.882791042 0.273245752 -0.382121533 0 -0.250761718 0.961944222 0.108543694 0 -3.89941448e-08 0.929999888 -0.275000095 1
Nominal 456 0 arm_L_1 0.33260116 -1.49011612e-08 0.94306767 0 0.793171883 0.540949464 -0.279736012 0 -0.510151744 0.841055155 0.179920375 0 0.18931368 0.898597419 -0.356945693 1
Nominal 456 0 arm_L_2 0.145333588 -1.78813934e-07 0.989382744 0 0.519540131 0.851031065 -0.0763168335 0 -0.841995239 0.525115371 0.123683363 0 0.320849836 0.988306105 -0.40333575 1
Nominal 456 0 hand_L 0.905458689 1.1920929e-07 -0.424434006 0 -0.149366453 0.936030388 -0.318648636 0 0.397283077 0.351919293 0.847537041 0 0.39460808 1.19912577 -0.414170384 1
Nominal 456 0 foot_R 0 4.37113883e-08 1 0 0.99999994 0 0 0 0 1 -4.37113883e-08 0 0.0799999833 0.0688500032 0.340000004 1
Nominal 456 0 foot_L 0 4.37113883e-08 1 0 0.99999994 0 0 0 0 1 -4.37113883e-08 0 0.0799999833 0.0688500032 -0.340000004 1
Nominal 456 360 root 1 0 0 0 0 1 0 0 0 0 1 0 0 0 0 1
Nominal 456 360 pelvis 0.989769578 -6.48121556e-07 -0.142675012 0 -6.48121556e-07 1 -9.038813e-06 0 0.142675012 9.038813e-06 0.989769578 0 -0.00878860336 0.553436279 -0.0205067396 1
Nominal 456 360 chest 0.980175316 -1.92550533e-06 -0.198132202 0 -1.92392827e-06 1 -1.92361076e-05 0 0.198132202 1.92359494e-05 0.980175316 0 -0.00878886227 0.953439772 -0.0205067396 1
Nominal 456 360 head 1 2.64556093e-08 -4.47034836e-08 0 -2.64556093e-08 1 -3.06956281e-07 0 4.47034836e-08 3.06954462e-07 1 0 -0.00878958777 1.33244717 -0.0205066949 1
Nominal 456 360 arm_R_0 0.725426793 8.38190317e-08 0.688299358 0 0.688134551 0.0218792073 -0.725253046 0 -0.0150594898 0.999760568 0.0158717409 0 0.0456964783 0.953439772 0.249036297 1
Nominal 456 360 arm_R_1 0.874457121 -3.94880772e-07 0.485102981 0 0.479588151 0.150356874 -0.864515841 0 -0.0729382187 0.988631725 0.131480858 0 0.220430136 0.868995547 0.0648804531 1
Nominal 456 360 arm_R_2 0.970330417 -5.21657057e-07 0.24178271 0 0.233013317 0.266878337 -0.935136616 0 -0.0645260513 0.963730156 0.258960336 0 0.337385923 0.905662179 -0.145941928 1
Nominal 456 360 hand_R 0.905458748 -1.41561031e-07 -0.424433768 0 -0.149366662 0.93603003 -0.318649143 0 0.397283018 0.351919919 0.847536802 0 0.396563947 1.0634402 -0.383431077 1
Nominal 456 360 bat_grip 0.905458748 -1.91811409e-07 -0.424433708 0 -0.149366632 0.936029971 -0.318649262 0 0.397282988 0.351920009 0.847536802 0 0.396563947 1.0634402 -0.383431077 1
Nominal 456 360 bat_barrel 0.905458808 -2.07975688e-07 -0.424433589 0 -0.14936626 0.936030149 -0.318648636 0 0.397282988 0.351919323 0.8475371 0 0.268108606 1.86842597 -0.657469451 1
Nominal 456 360 bat_tip 0.905458689 -2.23275507e-07 -0.424433798 0 -0.149366632 0.936029971 -0.318649262 0 0.397283077 0.351920009 0.847536743 0 0.217323989 2.1866765 -0.765810132 1
Nominal 456 360 arm_L_0 0.385893613 -2.98023224e-07 0.922543347 0 0.891356111 0.257814646 -0.372848272 0 -0.237844989 0.966194451 0.0994891971 0 -0.0632741973 0.953439832 -0.290049791 1
Nominal 456 360 arm_L_1 0.321612209 -2.98023224e-08 0.946871698 0 0.816737056 0.505948365 -0.277411073 0 -0.479067922 0.862563908 0.162719101 0 0.139318392 0.922037423 -0.374792635 1
Nominal 456 360 arm_L_2 0.154729396 3.39746475e-06 0.98795712 0 0.582074583 0.80800873 -0.0911646932 0 -0.798277974 0.589170575 0.125020534 0 0.284133404 1.01174545 -0.423979998 1
Nominal 456 360 hand_L 0.905458689 -9.53674316e-07 -0.424434155 0 -0.149365813 0.936030269 -0.318649292 0 0.397283614 0.351919532 0.847536922 0 0.371171176 1.22256565 -0.437611789 1
Nominal 456 360 foot_R 0 4.37113883e-08 1 0 0.99999994 0 0 0 0 1 -4.37113883e-08 0 0.0799999833 0.0688500032 0.340000004 1
Nominal 456 360 foot_L 0 4.37113883e-08 1 0 0.99999994 0 0 0 0 1 -4.37113883e-08 0 0.0799999833 0.0688500032 -0.340000004 1
Nominal 456 384 root 1 0 0 0 0 1 0 0 0 0 1 0 0 0 0 1
Nominal 456 384 pelvis 0.973194242 -1.75854069e-07 -0.229984611 0 -1.75854055e-07 1 -1.50877145e-06 0 0.229984611 1.50877145e-06 0.973194242 0 -0.0142458957 0.567989051 -0.0332404226 1
Nominal 456 384 chest 0.941981018 -1.04573292e-06 -0.33566606 0 -1.04450419e-06 1 -6.04659272e-06 0 0.33566606 6.0463808e-06 0.941981018 0 -0.0142459711 0.967989564 -0.0332404189 1
Nominal 456 384 head 0.99999994 4.14713668e-08 -1.49011612e-07 0 -4.14713668e-08 1 -2.77854724e-07 0 1.49011612e-07 2.77855179e-07 0.99999994 0 -0.0142463641 1.34699202 -0.0332403854 1
Nominal 456 384 arm_R_0 0.751572967 1.31316483e-07 0.659649849 0 0.659474969 0.023028804 -0.751373708 0 -0.0151910279 0.9997347 0.0173077788 0 0.0780616105 0.967989564 0.22580272 1
Nominal 456 384 arm_R_1 0.898961782 -6.33299351e-08 0.438027024 0 0.432624906 0.156568721 -0.887874842 0 -0.0685812831 0.987666905 0.14074938 0 0.23715587 0.88354528 0.0445393138 1
Nominal 456 384 arm_R_2 0.98321104 -1.47148967e-07 0.182471544 0 0.175527349 0.273249835 -0.945793152 0 -0.0498602018 0.961942971 0.268662333 0 0.338472337 0.920211971 -0.163390711 1
Nominal 456 384 hand_R 0.905458868 -5.96046448e-08 -0.424433976 0 -0.149366647 0.93603009 -0.318649024 0 0.397282898 0.3519198 0.847536922 0 0.382011026 1.07799006 -0.397987545 1
Nominal 456 384 bat_grip 0.905458868 -1.09855023e-07 -0.424433917 0 -0.149366617 0.93603003 -0.318649143 0 0.397282869 0.351919889 0.847536922 0 0.382011026 1.07799006 -0.397987545 1
Nominal 456 384 bat_barrel 0.905458927 -1.2601933e-07 -0.424433798 0 -0.149366245 0.936030209 -0.318648517 0 0.397282869 0.351919204 0.84753722 0 0.253555715 1.88297582 -0.6720258 1
Nominal 456 384 bat_tip 0.905458808 -1.41319106e-07 -0.424434006 0 -0.149366617 0.93603003 -0.318649143 0 0.397282958 0.351919889 0.847536862 0 0.202771097 2.20122623 -0.780366421 1
Nominal 456 384 arm_L_0 0.386261255 0 0.922389448 0 0.893841445 0.246864393 -0.374306619 0 -0.227705061 0.96905005 0.0953540653 0 -0.106553644 0.967989624 -0.292283624 1
Nominal 456 384 arm_L_1 0.326287746 2.23517418e-07 0.945270598 0 0.828523517 0.481413394 -0.285989344 0 -0.455065876 0.876493812 0.157079056 0 0.105614692 0.936587095 -0.381131589 1
Nominal 456 384 arm_L_2 0.180567116 1.40070915e-06 0.983562768 0 0.620460272 0.775921345 -0.113908254 0 -0.763167381 0.630829811 0.140104949 0 0.260005563 1.02629542 -0.434424043 1
Nominal 456 384 hand_L 0.905458689 -2.68220901e-07 -0.424434274 0 -0.149366528 0.936030328 -0.318649054 0 0.397283316 0.351919621 0.847536862 0 0.356618434 1.23711503 -0.452160895 1
Nominal 456 384 foot_R 3.94952204e-09 4.35325944e-08 1 0 0.995909631 -0.0903545469 0 0 0.0903545395 0.995909691 -4.37113883e-08 0 0.0877915621 0.120764531 0.343493611 1
Nominal 456 384 foot_L 0 4.37113883e-08 1 0 0.99999994 0 0 0 0 1 -4.37113883e-08 0 0.0799999833 0.0688500032 -0.340000004 1
Nominal 456 408 root 1 0 0 0 0 1 0 0 0 0 1 0 0 0 0 1
Nominal 456 408 pelvis 0.970295727 -2.18307701e-08 -0.241921932 0 -2.18307701e-08 1 -1.77797332e-07 0 0.241921932 1.77797332e-07 0.970295727 0 -0.0149999997 0.569999993 -0.0350000001 1
Nominal 456 408 chest 0.929775655 -9.36137923e-09 -0.36812669 0 -9.27720478e-09 1 -4.88611676e-08 0 0.36812669 4.88450951e-08 0.929775655 0 -0.0150000043 0.969999731 -0.0350000001 1
Nominal 456 408 head 1 -2.40795828e-10 -8.94069672e-08 0 2.4078961e-10 1 -3.31949437e-08 0 8.94069672e-08 3.3194933e-08 1 0 -0.0150000025 1.34899962 -0.0350000001 1
Nominal 456 408 arm_R_0 0.756725907 2.04890966e-08 0.653732181 0 0.653554499 0.0233199708 -0.756520092 0 -0.0152450148 0.999728024 0.017646851 0 0.0862348527 0.969999731 0.220688313 1
Nominal 456 408 arm_R_1 0.903875887 -2.04890966e-08 0.427794755 0 0.422409564 0.158170611 -0.892497599 0 -0.0676645339 0.987411737 0.142966643 0 0.24193421 0.885555625 0.0404588729 1
Nominal 456 408 arm_R_2 0.985548556 -1.39698386e-09 0.169392645 0 0.162862927 0.274972558 -0.947557807 0 -0.0465783253 0.961452007 0.270998865 0 0.339855701 0.922222316 -0.166437134 1
Nominal 456 408 hand_R 0.905458808 1.11758709e-08 -0.424434006 0 -0.149366677 0.936030209 -0.318648875 0 0.397283047 0.351919681 0.847536862 0 0.379999489 1.08000052 -0.399999887 1
Nominal 456 408 bat_grip 0.905458808 -3.90745214e-08 -0.424433947 0 -0.149366647 0.936030149 -0.318648994 0 0.397283018 0.35191977 0.847536862 0 0.379999489 1.08000052 -0.399999887 1
Nominal 456 408 bat_barrel 0.905458868 -5.52388393e-08 -0.424433827 0 -0.149366274 0.936030328 -0.318648368 0 0.397283018 0.351919085 0.84753716 0 0.251544118 1.8849864 -0.674038053 1
Nominal 456 408 bat_tip 0.905458748 -7.05386043e-08 -0.424434036 0 -0.149366647 0.936030149 -0.318648994 0 0.397283107 0.35191977 0.847536802 0 0.200759515 2.20323682 -0.782378614 1
Nominal 456 408 arm_L_0 0.386738986 5.96046448e-08 0.922189355 0 0.894304454 0.244050801 -0.375045121 0 -0.225061014 0.969762444 0.0943837911 0 -0.116234794 0.969999731 -0.290688306 1
Nominal 456 408 arm_L_1 0.32800281 5.96046448e-08 0.944676995 0 0.831240058 0.475121766 -0.288616449 0 -0.448836446 0.879920125 0.155841082 0 0.0984905213 0.938597262 -0.380737871 1
Nominal 456 408 arm_L_2 0.187580526 5.96046448e-08 0.982249498 0 0.629846871 0.767349303 -0.120282315 0 -0.75372833 0.641229331 0.143939584 0 0.255438149 1.02830577 -0.435231894 1
Nominal 456 408 hand_L 0.905458987 8.94069672e-08 -0.424433827 0 -0.149366751 0.936030149 -0.318648964 0 0.397282779 0.351919591 0.84753716 0 0.354607761 1.23912549 -0.454170316 1
Nominal 456 408 foot_R 5.82364068e-09 4.33217124e-08 1 0 0.991085172 -0.133229375 0 0 0.13322936 0.991085231 -4.37113883e-08 0 0.0925961137 0.15439631 0.385078877 1
Nominal 456 408 foot_L 0 4.37113883e-08 1 0 0.99999994 0 0 0 0 1 -4.37113883e-08 0 0.0799999833 0.0688500032 -0.340000004 1
Nominal 456 432 root 1 0 0 0 0 1 0 0 0 0 1 0 0 0 0 1
Nominal 456 432 pelvis 0.973198831 -2.0663542e-07 -0.229965389 0 -2.0663542e-07 1 -1.77301808e-06 0 0.229965389 1.77301808e-06 0.973198831 0 -0.0119005423 0.565289676 -0.0182759166 1
Nominal 456 432 chest 0.927946627 -1.94573886e-08 -0.372713178 0 -1.82066913e-08 1 -9.75339844e-08 0 0.372713178 9.72921725e-08 0.927946627 0 -0.0119006252 0.965290129 -0.0182759184 1
Nominal 456 432 head 1 2.68431677e-09 -1.1920929e-07 0 -2.68435763e-09 1 -5.14696126e-08 0 1.1920929e-07 5.14695948e-08 1 0 -0.0119006382 1.34429026 -0.0182759203 1
Nominal 456 432 arm_R_0 0.76700902 1.83470547e-07 0.641636252 0 0.641461194 0.023365397 -0.766799629 0 -0.0149922073 0.999726951 0.0179213881 0 0.0905954465 0.96529007 0.236909389 1
Nominal 456 432 arm_R_1 0.909214199 6.20260835e-07 0.416328669 0 0.411230326 0.156017736 -0.898080111 0 -0.0649552196 0.987754226 0.141853333 0 0.245220691 0.880922556 0.0520684347 1
Nominal 456 432 arm_R_2 0.986810744 4.92203981e-07 0.161878169 0 0.155836537 0.270647705 -0.949981391 0 -0.0438124388 0.962678432 0.267078012 0 0.342068195 0.917665899 -0.159439057 1
Nominal 456 432 hand_R 0.905458868 1.11758709e-08 -0.424433976 0 -0.149366707 0.936030209 -0.318648905 0 0.397283047 0.35191974 0.847536743 0 0.381137818 1.07552052 -0.397613227 1
Nominal 456 432 bat_grip 0.905458868 -3.90745178e-08 -0.424433917 0 -0.149366677 0.936030149 -0.318649024 0 0.397283018 0.35191983 0.847536743 0 0.381137818 1.07552052 -0.397613227 1
Nominal 456 432 bat_barrel 0.905458927 -5.52388322e-08 -0.424433798 0 -0.149366304 0.936030328 -0.318648398 0 0.397283018 0.351919144 0.847537041 0 0.252682447 1.88050652 -0.671651363 1
Nominal 456 432 bat_tip 0.905458808 -7.05386043e-08 -0.424434006 0 -0.149366677 0.936030149 -0.318649024 0 0.397283107 0.35191983 0.847536683 0 0.201897815 2.19875669 -0.779991984 1
Nominal 456 432 arm_L_0 0.404951602 6.85453415e-07 0.914338171 0 0.887014568 0.242639273 -0.392850608 0 -0.221854568 0.970116556 0.098256439 0 -0.114396676 0.96529007 -0.273461163 1
Nominal 456 432 arm_L_1 0.354643375 2.4586916e-06 0.935001731 0 0.824198902 0.472193509 -0.31261763 0 -0.441502422 0.88149488 0.167458177 0 0.100095674 0.933964252 -0.368457735 1
Nominal 456 432 arm_L_2 0.234693021 8.28504562e-06 0.972069621 0 0.62606281 0.764980853 -0.151161045 0 -0.743615866 0.644052923 0.179530323 0 0.256810963 1.02374947 -0.427898765 1
Nominal 456 432 hand_L 0.905459762 -1.90734863e-06 -0.424432188 0 -0.149365216 0.936029434 -0.318651915 0 0.397281706 0.351921618 0.847536683 0 0.355750769 1.23464763 -0.451783627 1
Nominal 456 432 foot_R 3.04915559e-09 4.36049099e-08 1 0 0.997563958 -0.0697565526 0 0 0.0697565451 0.997564018 -4.37113847e-08 0 0.0857381225 0.116693288 0.444921106 1
Nominal 456 432 foot_L 0 4.37113883e-08 1 0 0.99999994 0 0 0 0 1 -4.37113883e-08 0 0.0799999833 0.0688500032 -0.340000004 1
Nominal 456 456 root 1 0 0 0 0 1 0 0 0 0 1 0 0 0 0 1
Nominal 456 456 pelvis 0.983619332 -6.44959755e-07 -0.180258051 0 -6.44959755e-07 1 -7.0973515e-06 0 0.180258051 7.0973515e-06 0.983619332 0 -0.00122003234 0.551343977 0.0304124132 1
Nominal 456 456 chest 0.935720325 -3.13820408e-07 -0.352742612 0 -3.13713031e-07 1 -1.72184582e-06 0 0.352742612 1.72182581e-06 0.935720325 0 -0.00122029008 0.951346755 0.030412415 1
Nominal 456 456 head 0.99999994 1.46251864e-08 -1.49011612e-07 0 -1.46250159e-08 1 5.37936558e-08 0 1.49011612e-07 -5.37942242e-08 0.99999994 0 -0.00122040207 1.33034754 0.0304124262 1
Nominal 456 456 arm_R_0 0.788561583 1.14459544e-06 0.614955664 0 0.614865959 0.0170821082 -0.788446486 0 -0.0105056213 0.999854028 0.013469629 0 0.0957837552 0.951346636 0.287735015 1
Nominal 456 456 arm_R_1 0.918497026 9.46223736e-07 0.395427763 0 0.391358137 0.143096328 -0.909044564 0 -0.0565851107 0.989708722 0.131433219 0 0.250396162 0.865641475 0.089472197 1
Nominal 456 456 arm_R_2 0.988164067 2.39349902e-07 0.153399855 0 0.148418233 0.252771944 -0.956074357 0 -0.0387753993 0.96752584 0.249780178 0 0.347230852 0.901047111 -0.135457084 1
Nominal 456 456 hand_R 0.905458689 4.47034836e-08 -0.424433947 0 -0.149366736 0.93603009 -0.318648905 0 0.397282958 0.35191977 0.847536743 0 0.386287689 1.05756402 -0.387053102 1
Nominal 456 456 bat_grip 0.905458689 -5.54689805e-09 -0.424433887 0 -0.149366707 0.93603003 -0.318649024 0 0.397282928 0.35191986 0.847536743 0 0.386287689 1.05756402 -0.387053102 1
Nominal 456 456 bat_barrel 0.905458748 -2.17112017e-08 -0.424433768 0 -0.149366334 0.936030209 -0.318648398 0 0.397282928 0.351919174 0.847537041 0 0.257832289 1.86254978 -0.661091268 1
Nominal 456 456 bat_tip 0.905458629 -3.70109845e-08 -0.424433976 0 -0.149366707 0.93603003 -0.318649024 0 0.397283018 0.35191986 0.847536683 0 0.207047641 2.1808002 -0.769431829 1
Nominal 456 456 arm_L_0 0.452570379 2.17556953e-06 0.891728759 0 0.866606951 0.235690057 -0.439821213 0 -0.210172489 0.971828282 0.10666436 0 -0.0982243344 0.951346755 -0.226910204 1
Nominal 456 456 arm_L_1 0.422984958 4.29153442e-06 0.90613687 0 0.802725971 0.463917732 -0.37471506 0 -0.420374423 0.885878325 0.196226701 0 0.1125938 0.91868341 -0.333903909 1
Nominal 456 456 arm_L_2 0.352511525 9.20891762e-06 0.935807586 0 0.606683254 0.761383295 -0.22854054 0 -0.712510228 0.648301899 0.268390715 0 0.265634447 1.0071311 -0.405342162 1
Nominal 456 456 hand_L 0.905459225 -1.07288361e-06 -0.424432963 0 -0.149365872 0.936029673 -0.318650693 0 0.397282302 0.351920843 0.847536683 0 0.360898972 1.21669149 -0.441224515 1
Nominal 456 456 foot_R 2.62247751e-10 4.37106031e-08 1 0 0.99998194 -0.00599952973 0 0 0.00599952927 0.999981999 -4.37113883e-08 0 0.0804199576 0.0730913579 0.486506373 1
Nominal 456 456 foot_L 0 4.37113883e-08 1 0 0.99999994 0 0 0 0 1 -4.37113883e-08 0 0.0799999833 0.0688500032 -0.340000004 1
Nominal 456 456.5 root 1 0 0 0 0 1 0 0 0 0 1 0 0 0 0 1
Nominal 456 456.5 pelvis 0.983878016 -2.10010103e-06 -0.178840861 0 -4.42023747e-07 1 -1.41746059e-05 0 0.178840861 1.4025135e-05 0.983878016 0 -0.000919321144 0.551029205 0.0314505287 1
Nominal 456 456.5 chest 0.935859382 -6.24272388e-07 -0.35237366 0 -2.07692892e-07 1 -2.32322691e-06 0 0.35237366 2.2473987e-06 0.935859382 0 -0.000919452752 0.951030672 0.0314505287 1
Nominal 456 456.5 head 0.99999994 6.15159479e-09 1.50203705e-05 0 -6.14920737e-09 1 -1.57399882e-07 0 -1.50203705e-05 1.57398972e-07 0.99999994 0 -0.000919505488 1.33003068 0.0314505436 1
Nominal 456 456.5 arm_R_0 0.788745821 1.8440187e-06 0.61471945 0 0.614631236 0.0169365406 -0.788632691 0 -0.0104126558 0.999856472 0.0133575285 0 0.0958927721 0.951030195 0.288844556 1
Nominal 456 456.5 arm_R_1 0.918570459 1.57207251e-06 0.395257413 0 0.391201288 0.142888188 -0.909144819 0 -0.0564790219 0.989738762 0.131252304 0 0.250524461 0.865254283 0.0903237611 1
Nominal 456 456.5 arm_R_2 0.988171995 4.45870683e-07 0.153348774 0 0.148378536 0.252526641 -0.956145346 0 -0.0387250409 0.967589855 0.249539763 0 0.347378343 0.900589108 -0.134863511 1
Nominal 456 456.5 hand_R 0.905458689 -3.7252903e-09 -0.424433947 0 -0.149366677 0.936030149 -0.318648934 0 0.397282988 0.351919711 0.847536862 0 0.386454314 1.05703592 -0.386717379 1
Nominal 456 456.5 bat_grip 0.905458689 -5.39756755e-08 -0.424433887 0 -0.149366647 0.93603009 -0.318649054 0 0.397282958 0.3519198 0.847536862 0 0.386454314 1.05703592 -0.386717379 1
Nominal 456 456.5 bat_barrel 0.905458748 -7.01399898e-08 -0.424433768 0 -0.149366274 0.936030269 -0.318648428 0 0.397282958 0.351919115 0.84753716 0 0.257998943 1.8620218 -0.660755575 1
Nominal 456 456.5 bat_tip 0.905458629 -8.54397584e-08 -0.424433976 0 -0.149366647 0.93603009 -0.318649054 0 0.397283047 0.3519198 0.847536802 0 0.207214341 2.1802721 -0.769096136 1
Nominal 456 456.5 arm_L_0 0.453038573 3.33786011e-06 0.891490936 0 0.866404653 0.235556558 -0.440291226 0 -0.209997952 0.971860647 0.106713206 0 -0.097731702 0.951030374 -0.225943536 1
Nominal 456 456.5 arm_L_1 0.423650742 6.1839819e-06 0.905825615 0 0.802511692 0.463787854 -0.375334531 0 -0.420113176 0.885946393 0.196479037 0 0.112977609 0.918296158 -0.333147317 1
Nominal 456 456.5 arm_L_2 0.353651345 1.31130219e-05 0.9353773 0 0.606455743 0.761335731 -0.229302093 0 -0.712139189 0.648357868 0.269239426 0 0.265909493 1.00667357 -0.404795647 1
Nominal 456 456.5 hand_L 0.905459285 -6.2584877e-07 -0.42443344 0 -0.14936623 0.936029911 -0.318650097 0 0.3972826 0.351920426 0.847536743 0 0.361064255 1.2161622 -0.440888643 1
Nominal 456 456.5 foot_R 2.34860242e-10 4.37107559e-08 1 0 0.999985516 -0.00537297595 -2.77555756e-17 0 0.00537297549 0.999985576 -4.37113918e-08 0 0.0803755224 0.0726497769 0.486875385 1
Nominal 456 456.5 foot_L 1.01407984e-07 4.37113883e-08 1 0 0.99999994 -2.21634239e-15 -1.01407991e-07 0 -2.21634133e-15 1 -4.37113883e-08 0 0.0799999833 0.0688500032 -0.339999914 1
Nominal 456 457.0 root 1 0 0 0 0 1 0 0 0 0 1 0 0 0 0 1
Nominal 456 457.0 pelvis 0.984134614 -3.54526082e-06 -0.177423298 0 -2.28892375e-07 1 -2.12515624e-05 0 0.177423298 2.09550089e-05 0.984134614 0 -0.000618609949 0.550714374 0.0324886441 1
Nominal 456 457.0 chest 0.935998261 -9.32691137e-07 -0.352004647 0 -1.03359298e-07 1 -2.92449295e-06 0 0.352004647 2.77370236e-06 0.935998261 0 -0.000618619437 0.950714409 0.0324886441 1
Nominal 456 457.0 head 1 -4.6952664e-10 3.02493572e-05 0 4.80270046e-10 1 -3.68518158e-07 0 -3.02493572e-05 3.68517476e-07 1 0 -0.000618613733 1.3297137 0.0324886627 1
Nominal 456 457.0 arm_R_0 0.788929999 2.44006515e-06 0.614482999 0 0.614396453 0.016790973 -0.788818777 0 -0.0103196725 0.999858916 0.013245441 0 0.0960017368 0.950713634 0.289953947 1
Nominal 456 457.0 arm_R_1 0.918643773 2.13086605e-06 0.395086884 0 0.391044408 0.142680034 -0.909244955 0 -0.0563729554 0.989768803 0.131071359 0 0.250652552 0.864866793 0.0911751688 1
Nominal 456 457.0 arm_R_2 0.988180101 6.39352947e-07 0.153297529 0 0.148338795 0.252281338 -0.956216276 0 -0.0386747271 0.967653871 0.249299318 0 0.347525507 0.900130749 -0.134270087 1
Nominal 456 457.0 hand_R 0.905458868 -4.47034836e-08 -0.424434036 0 -0.149366722 0.936030149 -0.318648815 0 0.397283137 0.351919681 0.847536743 0 0.386620581 1.05650735 -0.386381775 1
Nominal 456 457.0 bat_grip 0.905458868 -9.49538688e-08 -0.424433976 0 -0.149366692 0.93603009 -0.318648934 0 0.397283107 0.35191977 0.847536743 0 0.386620581 1.05650735 -0.386381775 1
Nominal 456 457.0 bat_barrel 0.905458927 -1.11118197e-07 -0.424433857 0 -0.149366319 0.936030269 -0.318648309 0 0.397283107 0.351919085 0.847537041 0 0.258165181 1.86149323 -0.660419822 1
Nominal 456 457.0 bat_tip 0.905458808 -1.26417945e-07 -0.424434066 0 -0.149366692 0.93603009 -0.318648934 0 0.397283196 0.35191977 0.847536683 0 0.207380563 2.17974377 -0.768760443 1
Nominal 456 457.0 arm_L_0 0.453506708 4.39584255e-06 0.891252995 0 0.866202056 0.235423014 -0.44076103 0 -0.209823355 0.971893013 0.106761992 0 -0.0972390249 0.950713754 -0.224976748 1
Nominal 456 457.0 arm_L_1 0.424316376 7.91251659e-06 0.90551424 0 0.802296937 0.463657975 -0.375953794 0 -0.419851661 0.886014402 0.19673115 0 0.113361284 0.917908669 -0.332390487 1
Nominal 456 457.0 arm_L_2 0.354790747 1.66743994e-05 0.934945941 0 0.606227219 0.761288166 -0.230063215 0 -0.711766899 0.648413837 0.270087719 0 0.266184181 1.00621593 -0.404248774 1
Nominal 456 457.0 hand_L 0.905458987 -2.98023224e-08 -0.424433887 0 -0.149366498 0.936030328 -0.318649262 0 0.397282958 0.35191974 0.847536922 0 0.361228794 1.2156328 -0.440552086 1
Nominal 456 457.0 foot_R 2.07472595e-10 4.37108945e-08 1 0 0.999988675 -0.00474641938 -2.77555756e-17 0 0.00474641891 0.999988735 -4.37113883e-08 0 0.0803310871 0.0722081959 0.487244397 1
Nominal 456 457.0 foot_L 2.02815968e-07 4.37113883e-08 1 0 0.99999994 -4.43268477e-15 -2.02815983e-07 0 -4.43268266e-15 1 -4.37113883e-08 0 0.0799999833 0.0688500032 -0.339999855 1
Nominal 456 457.5 root 1 0 0 0 0 1 0 0 0 0 1 0 0 0 0 1
Nominal 456 457.5 pelvis 0.984852493 -4.70816849e-06 -0.173394427 0 -3.15276793e-07 1 -2.8943663e-05 0 0.173394427 2.85599053e-05 0.984852433 0 -3.07846349e-05 0.55011344 0.034435723 1
Nominal 456 457.5 chest 0.936392188 -1.14824297e-06 -0.350955546 0 -1.47560513e-07 1 -3.66547283e-06 0 0.350955546 3.48410686e-06 0.936392128 0 -3.07908922e-05 0.950113714 0.0344357267 1
Nominal 456 457.5 head 1 -2.09502105e-09 7.34627247e-05 0 2.11048246e-09 1 -2.05295237e-07 0 -7.34627247e-05 2.05294782e-07 1 0 -3.07942064e-05 1.32911289 0.0344357565 1
Nominal 456 457.5 arm_R_0 0.78945303 4.27756459e-06 0.613811016 0 0.613728702 0.0163770095 -0.789347112 0 -0.0100557478 0.99986577 0.0129262889 0 0.0962259173 0.950112641 0.292036384 1
Nominal 456 457.5 arm_R_1 0.918852031 3.63215804e-06 0.394602478 0 0.390598357 0.142088041 -0.909529388 0 -0.0560716018 0.989853859 0.130556509 0 0.25090757 0.864136279 0.0927752405 1
Nominal 456 457.5 arm_R_2 0.988202631 1.03190541e-06 0.153152272 0 0.148225948 0.251583576 -0.95641768 0 -0.0385315828 0.967835426 0.248615459 0 0.347811103 0.899270773 -0.13315247 1
Nominal 456 457.5 hand_R 0.905458868 -2.12341547e-07 -0.424433976 0 -0.149366572 0.936030149 -0.318648994 0 0.397283137 0.351919711 0.847536802 0 0.386936694 1.05551839 -0.385746509 1
Nominal 456 457.5 bat_grip 0.905458868 -2.62591925e-07 -0.424433917 0 -0.149366543 0.93603009 -0.318649113 0 0.397283107 0.3519198 0.847536802 0 0.386936694 1.05551839 -0.385746509 1
Nominal 456 457.5 bat_barrel 0.905458927 -2.78756261e-07 -0.424433798 0 -0.14936617 0.936030269 -0.318648487 0 0.397283107 0.351919115 0.8475371 0 0.258481443 1.86050427 -0.659784794 1
Nominal 456 457.5 bat_tip 0.905458808 -2.94056008e-07 -0.424434006 0 -0.149366543 0.93603009 -0.318649113 0 0.397283196 0.3519198 0.847536743 0 0.207696855 2.17875481 -0.768125415 1
Nominal 456 457.5 arm_L_0 0.454835534 7.40587711e-06 0.890575588 0 0.865625083 0.235043794 -0.442094892 0 -0.209327549 0.971984744 0.106899738 0 -0.0962875262 0.95011276 -0.223165095 1
Nominal 456 457.5 arm_L_1 0.426204711 1.27404928e-05 0.904626906 0 0.801683724 0.463290393 -0.377710819 0 -0.419109643 0.886206627 0.197446182 0 0.11410103 0.917177796 -0.33097133 1
Nominal 456 457.5 arm_L_2 0.358011305 2.37971544e-05 0.93371743 0 0.605567992 0.76116097 -0.232209831 0 -0.710714698 0.648563027 0.272489697 0 0.266712427 1.00535583 -0.403222293 1
Nominal 456 457.5 hand_L 0.905458987 -1.1920929e-07 -0.424433827 0 -0.149366915 0.936029971 -0.318649948 0 0.397282958 0.351920545 0.847536683 0 0.361545593 1.214643 -0.439918816 1
Nominal 456 457.5 foot_R 1.86530569e-10 4.37109904e-08 1 0 0.999990821 -0.0042673219 -1.38777878e-17 0 0.00426732143 0.99999088 -4.37113883e-08 0 0.0802973211 0.0718701184 0.487525314 1
Nominal 456 457.5 foot_L 1.18522259e-07 4.37113883e-08 1 0 0.99999994 -2.59038705e-15 -1.18522266e-07 0 -2.59038557e-15 1 -4.37113883e-08 0 0.0799999833 0.0688500032 -0.339999914 1
Nominal 456 458.0 root 1 0 0 0 0 1 0 0 0 0 1 0 0 0 0 1
Nominal 456 458.0 pelvis 0.985553801 -5.83994506e-06 -0.169362634 0 -3.70181596e-07 1 -3.66360546e-05 0 0.169362634 3.61694947e-05 0.985553801 0 0.000557040679 0.549512506 0.0363828018 1
Nominal 456 458.0 chest 0.936784804 -1.35776463e-06 -0.349905968 0 -1.96518158e-07 1 -4.40649819e-06 0 0.349905968 4.19669959e-06 0.936784804 0 0.000557025021 0.949512959 0.0363828056 1
Nominal 456 458.0 head 1 2.07182893e-09 0.000116735697 0 -2.06830464e-09 1 -4.20645847e-08 0 -0.000116735697 4.20609467e-08 1 0 0.000557010178 1.32851183 0.0363828465 1
Nominal 456 458.0 arm_R_0 0.789975286 5.30015677e-06 0.613138497 0 0.613060296 0.015963044 -0.789874732 0 -0.00979172438 0.999872506 0.0126072001 0 0.0964498892 0.949511647 0.294118375 1
Nominal 456 458.0 arm_R_1 0.919059873 4.67896461e-06 0.394117862 0 0.390151888 0.141496181 -0.909813166 0 -0.0557704195 0.989938676 0.130041689 0 0.251161575 0.863405347 0.094374679 1
Nominal 456 458.0 arm_R_2 0.988224983 1.51759014e-06 0.153006822 0 0.148112744 0.250885993 -0.956618369 0 -0.0383887067 0.968016565 0.247931644 0 0.348095179 0.898409903 -0.132035494 1
Nominal 456 458.0 hand_R 0.905458689 -1.11758709e-08 -0.424434066 0 -0.149366722 0.93603009 -0.318648875 0 0.397283137 0.351919711 0.847536743 0 0.387251049 1.05452776 -0.385111749 1
Nominal 456 458.0 bat_grip 0.905458689 -6.1426249e-08 -0.424434006 0 -0.149366692 0.93603003 -0.318648994 0 0.397283107 0.3519198 0.847536743 0 0.387251049 1.05452776 -0.385111749 1
Nominal 456 458.0 bat_barrel 0.905458748 -7.75905633e-08 -0.424433887 0 -0.149366319 0.936030209 -0.318648368 0 0.397283107 0.351919115 0.847537041 0 0.258795679 1.85951352 -0.659149885 1
Nominal 456 458.0 bat_tip 0.905458629 -9.28903319e-08 -0.424434096 0 -0.149366692 0.93603003 -0.318648994 0 0.397283196 0.3519198 0.847536683 0 0.208011031 2.17776394 -0.767490506 1
Nominal 456 458.0 arm_L_0 0.456163466 9.38773155e-06 0.889896154 0 0.865045965 0.234664604 -0.443427771 0 -0.208831221 0.972076356 0.107037142 0 -0.0953358412 0.949511707 -0.221352965 1
Nominal 456 458.0 arm_L_1 0.428091288 1.60634518e-05 0.903735757 0 0.801066816 0.462922662 -0.379466325 0 -0.418365717 0.886398673 0.198160097 0 0.11484015 0.916446984 -0.32955128 1
Nominal 456 458.0 arm_L_2 0.361227512 2.85953283e-05 0.932477951 0 0.60490191 0.761033714 -0.234353095 0 -0.709653735 0.648712277 0.274888784 0 0.267239064 1.00449586 -0.402194202 1
Nominal 456 458.0 hand_L 0.905458927 -1.78813934e-07 -0.424433649 0 -0.149366498 0.93603003 -0.31864959 0 0.397282898 0.351919979 0.847536922 0 0.361859381 1.21365333 -0.439282477 1
Nominal 456 458.0 foot_R 1.65588501e-10 4.37110756e-08 1 0 0.999992788 -0.00378822396 1.38777878e-17 0 0.00378822372 0.999992847 -4.37113883e-08 0 0.080263555 0.0715320408 0.487806231 1
Nominal 456 458.0 foot_L 3.42285418e-08 4.37113918e-08 1 0 0.99999994 -7.48088699e-16 -3.42285453e-08 0 -7.48088541e-16 1 -4.37113918e-08 0 0.0799999833 0.0688500032 -0.340000004 1
Nominal 456 458.5 root 1 0 0 0 0 1 0 0 0 0 1 0 0 0 0 1
Nominal 456 458.5 pelvis 0.98677057 -3.38586392e-06 -0.16212301 0 -1.46035987e-07 1 -2.17733941e-05 0 0.16212301 2.15090186e-05 0.98677057 0 0.00143708149 0.548633397 0.0391800329 1
Nominal 456 458.5 chest 0.937405646 -1.10875135e-06 -0.348239481 0 -1.53762358e-07 1 -3.59777914e-06 0 0.348239481 3.42612293e-06 0.937405646 0 0.00143705087 0.94863373 0.0391800366 1
Nominal 456 458.5 head 1 1.14191607e-08 0.000208348036 0 -1.14489467e-08 1 1.40043539e-07 0 -0.000208348036 -1.40047177e-07 1 0 0.00143703877 1.32763231 0.0391800851 1
Nominal 456 458.5 arm_R_0 0.790835917 7.70296901e-06 0.61202836 0 0.611956239 0.0153431958 -0.790742815 0 -0.00939654093 0.999882221 0.0121292733 0 0.0968106911 0.94863224 0.297108144 1
Nominal 456 458.5 arm_R_1 0.91941005 6.5676868e-06 0.393300623 0 0.38939324 0.140591815 -0.91027838 0 -0.0553008132 0.990067542 0.12925902 0 0.251552999 0.86235249 0.0966697186 1
Nominal 456 458.5 arm_R_2 0.988267839 1.97277404e-06 0.152730972 0 0.147888198 0.249805793 -0.956935823 0 -0.0381549485 0.968295872 0.246874794 0 0.348516852 0.897183657 -0.130435377 1
Nominal 456 458.5 hand_R 0.905458927 -3.27825546e-07 -0.424433917 0 -0.149366409 0.93603003 -0.318649113 0 0.397283107 0.35191977 0.847536862 0 0.387702614 1.05312896 -0.384206593 1
Nominal 456 458.5 bat_grip 0.905458927 -3.78075924e-07 -0.424433857 0 -0.149366379 0.936029971 -0.318649232 0 0.397283077 0.35191986 0.847536862 0 0.387702614 1.05312896 -0.384206593 1
Nominal 456 458.5 bat_barrel 0.905458987 -3.94240203e-07 -0.424433738 0 -0.149366006 0.936030149 -0.318648607 0 0.397283077 0.351919174 0.84753716 0 0.259247482 1.85811472 -0.658244967 1
Nominal 456 458.5 bat_tip 0.905458868 -4.09540007e-07 -0.424433947 0 -0.149366379 0.936029971 -0.318649232 0 0.397283167 0.35191986 0.847536802 0 0.208462968 2.17636514 -0.766585588 1
Nominal 456 458.5 arm_L_0 0.458319992 1.28448009e-05 0.888787448 0 0.864088297 0.234102398 -0.44558692 0 -0.208072931 0.972211957 0.107282609 0 -0.0939365998 0.948632181 -0.218748346 1
Nominal 456 458.5 arm_L_1 0.431152821 2.13086605e-05 0.902279139 0 0.800026834 0.462387323 -0.382302672 0 -0.4172104 0.8866781 0.1993424 0 0.115923494 0.915393591 -0.327513933 1
Nominal 456 458.5 arm_L_2 0.366438985 3.31401825e-05 0.930442214 0 0.603751242 0.760876894 -0.237804383 0 -0.707959712 0.648896277 0.278794825 0 0.268006951 1.00326896 -0.40072453 1
Nominal 456 458.5 hand_L 0.905458987 5.96046448e-08 -0.424433798 0 -0.149367481 0.936029434 -0.318650782 0 0.39728272 0.351921737 0.847536325 0 0.3623119 1.21225262 -0.438381404 1
Nominal 456 458.5 foot_R 1.4936738e-10 4.37111325e-08 1 0 0.999994099 -0.003417128 1.38777878e-17 0 0.00341712777 0.999994159 -4.37113883e-08 0 0.0802375227 0.071269922 0.488022983 1
Nominal 456 458.5 foot_L -5.00651467e-08 4.37113883e-08 1 0 0.99999994 1.0942086e-15 5.00651502e-08 0 1.09420849e-15 1 -4.37113883e-08 0 0.0799999833 0.0688500032 -0.340000033 1
Nominal 456 459.0 root 1 0 0 0 0 1 0 0 0 0 1 0 0 0 0 1
Nominal 456 459.0 pelvis 0.987934113 -1.03947332e-06 -0.154874653 0 -3.10047916e-08 1 -6.90948627e-06 0 0.154874653 6.83091912e-06 0.987934113 0 0.00231712218 0.547754288 0.0419772677 1
Nominal 456 459.0 chest 0.938023448 -8.80214998e-07 -0.346571833 0 -9.19503691e-08 1 -2.78864854e-06 0 0.346571833 2.6476846e-06 0.938023448 0 0.00231712032 0.947754562 0.0419772752 1
Nominal 456 459.0 head 0.99999994 5.05565367e-10 0.000299930573 0 -6.01971806e-10 1 3.22466349e-07 0 -0.000299930573 -3.22467258e-07 0.99999994 0 0.00231711916 1.32675278 0.041977331 1
Nominal 456 459.0 arm_R_0 0.791694701 8.11461359e-06 0.610916793 0 0.610850513 0.0147233251 -0.791609108 0 -0.00900113117 0.999891579 0.0116514601 0 0.0971711427 0.947752774 0.30009684 1
Nominal 456 459.0 arm_R_1 0.919759333 7.30901957e-06 0.392482668 0 0.388633639 0.139687762 -0.910742044 0 -0.0548316836 0.990195572 0.128476351 0 0.251942128 0.86129874 0.0989631787 1
Nominal 456 459.0 arm_R_2 0.988310337 2.64309347e-06 0.152454525 0 0.147662848 0.248725876 -0.957251906 0 -0.0379219241 0.968573928 0.245818034 0 0.348934978 0.895955324 -0.128836945 1
Nominal 456 459.0 hand_R 0.905458689 1.37835741e-07 -0.424434096 0 -0.149366826 0.936030209 -0.318648875 0 0.397282988 0.3519198 0.847536922 0 0.388150066 1.05172694 -0.383302987 1
Nominal 456 459.0 bat_grip 0.905458689 8.75853488e-08 -0.424434036 0 -0.149366796 0.936030149 -0.318648994 0 0.397282958 0.351919889 0.847536922 0 0.388150066 1.05172694 -0.383302987 1
Nominal 456 459.0 bat_barrel 0.905458748 7.14210415e-08 -0.424433917 0 -0.149366423 0.936030328 -0.318648368 0 0.397282958 0.351919204 0.84753722 0 0.259694576 1.85671282 -0.657341123 1
Nominal 456 459.0 bat_tip 0.905458629 5.61212588e-08 -0.424434125 0 -0.149366796 0.936030149 -0.318648994 0 0.397283047 0.351919889 0.847536862 0 0.208909914 2.17496324 -0.765681744 1
Nominal 456 459.0 arm_L_0 0.460473835 1.39027834e-05 0.887673438 0 0.863125205 0.233540073 -0.447743416 0 -0.207313478 0.9723472 0.107527003 0 -0.0925369114 0.947752833 -0.216142654 1
Nominal 456 459.0 arm_L_1 0.434209436 2.30073929e-05 0.900812268 0 0.798977256 0.461851627 -0.385134846 0 -0.416050255 0.886957288 0.200521812 0 0.117005639 0.914340436 -0.32547456 1
Nominal 456 459.0 arm_L_2 0.371639073 3.23206186e-05 0.928377509 0 0.602582753 0.760719597 -0.241246626 0 -0.706242621 0.649080634 0.282693416 0 0.268771559 1.00204241 -0.399251252 1
Nominal 456 459.0 hand_L 0.905458927 0 -0.424434125 0 -0.149366677 0.936030209 -0.318649054 0 0.397283375 0.351919621 0.847536922 0 0.362758189 1.21085227 -0.437473327 1
Nominal 456 459.0 foot_R 1.3314623e-10 4.37111858e-08 1 0 0.999995291 -0.00304603134 1.38777878e-17 0 0.00304603111 0.999995351 -4.37113883e-08 0 0.0802114904 0.0710078105 0.488239735 1
Nominal 456 459.0 foot_L -1.34358828e-07 4.37113918e-08 1 0 0.99999994 2.9365061e-15 1.34358842e-07 0 2.93650547e-15 1 -4.37113883e-08 0 0.0799999833 0.0688500032 -0.340000063 1
Nominal 456 459.5 root 1 0 0 0 0 1 0 0 0 0 1 0 0 0 0 1
Nominal 456 459.5 pelvis 0.990156591 -9.21911749e-07 -0.139964134 0 -2.84726536e-08 1 -6.78819742e-06 0 0.139964134 6.72536362e-06 0.990156591 0 0.00367256533 0.546480775 0.0458229855 1
Nominal 456 459.5 chest 0.938876867 -8.84986719e-07 -0.344253063 0 -1.19154606e-07 1 -2.8957129e-06 0 0.344253063 2.75973707e-06 0.938876867 0 0.0036725651 0.94648093 0.0458229892 1
Nominal 456 459.5 head 0.999999821 1.42108547e-09 0.00055912137 0 -1.54818736e-09 1 2.27047622e-07 0 -0.00055912137 -2.27048758e-07 0.999999821 0 0.00367256464 1.32547939 0.0458230488 1
Nominal 456 459.5 arm_R_0 0.793071151 1.23567879e-05 0.609128892 0 0.609068513 0.0140766157 -0.792992651 0 -0.00858425256 0.999900877 0.0111562684 0 0.0978411064 0.946479023 0.304193318 1
Nominal 456 459.5 arm_R_1 0.92036134 1.0818243e-05 0.391068995 0 0.387291312 0.138635769 -0.911474228 0 -0.0542260185 0.990343392 0.127590865 0 0.252588183 0.859851062 0.102090389 1
Nominal 456 459.5 arm_R_2 0.988409698 3.70433554e-06 0.151809707 0 0.147090212 0.247385204 -0.957687199 0 -0.0375590473 0.968917131 0.24451746 0 0.349556595 0.894334197 -0.126679346 1
Nominal 456 459.5 hand_R 0.905458927 -7.5250864e-07 -0.424433827 0 -0.149365962 0.936030149 -0.318649054 0 0.397283167 0.351919651 0.847536683 0 0.38874656 1.04993272 -0.382115066 1
Nominal 456 459.5 bat_grip 0.905458927 -8.02759075e-07 -0.424433768 0 -0.149365932 0.93603009 -0.318649173 0 0.397283137 0.35191974 0.847536683 0 0.38874656 1.04993272 -0.382115066 1
Nominal 456 459.5 bat_barrel 0.905458987 -8.18923411e-07 -0.424433649 0 -0.149365559 0.936030269 -0.318648547 0 0.397283137 0.351919055 0.847536981 0 0.260291815 1.8549186 -0.656153321 1
Nominal 456 459.5 bat_tip 0.905458868 -8.34223158e-07 -0.424433857 0 -0.149365932 0.93603009 -0.318649173 0 0.397283226 0.35191974 0.847536623 0 0.20950745 2.17316914 -0.764494002 1
Nominal 456 459.5 arm_L_0 0.463764161 2.00420618e-05 0.885958791 0 0.861575484 0.232983977 -0.451005936 0 -0.206423223 0.972480595 0.108032197 0 -0.0904959813 0.946478963 -0.21254769 1
Nominal 456 459.5 arm_L_1 0.43887651 3.24398279e-05 0.89854753 0 0.797190428 0.461372793 -0.389387548 0 -0.414577961 0.887206435 0.202459604 0 0.118565172 0.912892103 -0.322683841 1
Nominal 456 459.5 arm_L_2 0.379585147 4.29600477e-05 0.925156891 0 0.60049516 0.760713875 -0.246414274 0 -0.703790188 0.649087489 0.288729608 0 0.269850135 1.00041997 -0.397265404 1
Nominal 456 459.5 hand_L 0.905458808 1.1920929e-07 -0.424434006 0 -0.149368286 0.936029077 -0.318652064 0 0.39728263 0.351922989 0.847535849 0 0.363356739 1.20905554 -0.436294109 1
Nominal 456 459.5 foot_R 1.20306862e-10 4.37112213e-08 1 0 0.999996126 -0.00275230082 1.38777878e-17 0 0.00275230058 0.999996185 -4.37113883e-08 0 0.0801909566 0.0708001256 0.48841083 1
Nominal 456 459.5 foot_L -1.34358828e-07 4.37113918e-08 1 0 0.99999994 2.9365061e-15 1.34358842e-07 0 2.93650547e-15 1 -4.37113883e-08 0 0.0799999833 0.0688500032 -0.340000063 1
Nominal 456 460.0 root 1 0 0 0 0 1 0 0 0 0 1 0 0 0 0 1
Nominal 456 460.0 pelvis 0.992154002 -8.05954926e-07 -0.125021845 0 -2.77691363e-08 1 -6.66688538e-06 0 0.125021845 6.6180487e-06 0.992154002 0 0.00502800848 0.545207262 0.0496687032 1
Nominal 456 460.0 chest 0.939724624 -8.91364891e-07 -0.341932207 0 -1.44181058e-07 1 -3.00309671e-06 0 0.341932207 2.87138414e-06 0.939724624 0 0.00502801081 0.945207298 0.0496687032 1
Nominal 456 460.0 head 0.999999642 2.41357156e-10 0.000818371773 0 -3.48677531e-10 1 1.31383558e-07 0 -0.000818371773 -1.31383558e-07 0.999999642 0 0.00502801174 1.32420588 0.0496687628 1
Nominal 456 460.0 arm_R_0 0.794443488 1.35339797e-05 0.607337952 0 0.607283115 0.0134298895 -0.794371963 0 -0.00816721283 0.999909759 0.0106611038 0 0.0985104218 0.945205212 0.308288068 1
Nominal 456 460.0 arm_R_1 0.920961201 1.25728548e-05 0.389654309 0 0.385947138 0.137584254 -0.912203372 0 -0.0536217764 0.990490019 0.126704961 0 0.253229707 0.858402312 0.105214864 1
Nominal 456 460.0 arm_R_2 0.988508523 5.35976142e-06 0.151164353 0 0.146516025 0.246044934 -0.958120406 0 -0.0371983685 0.969258368 0.243216768 0 0.350170881 0.892710209 -0.124524824 1
Nominal 456 460.0 hand_R 0.905458689 9.68575478e-08 -0.424434066 0 -0.149366841 0.936030149 -0.318648785 0 0.397283077 0.35191974 0.847536743 0 0.389334261 1.04813361 -0.380930215 1
Nominal 456 460.0 bat_grip 0.905458689 4.66071626e-08 -0.424434006 0 -0.149366811 0.93603009 -0.318648905 0 0.397283047 0.35191983 0.847536743 0 0.389334261 1.04813361 -0.380930215 1
Nominal 456 460.0 bat_barrel 0.905458748 3.04428518e-08 -0.424433887 0 -0.149366438 0.936030269 -0.318648279 0 0.397283047 0.351919144 0.847537041 0 0.260878772 1.85311949 -0.654968262 1
Nominal 456 460.0 bat_tip 0.905458629 1.51430797e-08 -0.424434096 0 -0.149366811 0.93603009 -0.318648905 0 0.397283137 0.35191983 0.847536683 0 0.210094094 2.17137003 -0.763308823 1
Nominal 456 460.0 arm_L_0 0.467048168 2.2649765e-05 0.884231985 0 0.860013604 0.232427761 -0.454262197 0 -0.205530316 0.972613633 0.108535379 0 -0.0884543806 0.945205212 -0.208950952 1
Nominal 456 460.0 arm_L_1 0.443531692 3.67313623e-05 0.896258831 0 0.795382142 0.460893631 -0.393629879 0 -0.413094401 0.887455344 0.204391673 0 0.120122142 0.911443949 -0.319889247 1
Nominal 456 460.0 arm_L_2 0.387503266 4.65959311e-05 0.921868443 0 0.598366022 0.760707498 -0.251559049 0 -0.701284051 0.649094641 0.294748724 0 0.270922065 0.998797834 -0.395272195 1
Nominal 456 460.0 hand_L 0.905458927 -5.96046448e-08 -0.424433947 0 -0.149366736 0.936030149 -0.318649113 0 0.397282898 0.35191977 0.847536922 0 0.363942474 1.20725906 -0.435100764 1
Nominal 456 460.0 foot_R 1.074675e-10 4.37112568e-08 1 0 0.999996901 -0.00245857006 0 0 0.00245856983 0.99999696 -4.37113883e-08 0 0.0801704228 0.0705924481 0.488581926 1
Nominal 456 460.0 foot_L -1.34358828e-07 4.37113918e-08 1 0 0.99999994 2.9365061e-15 1.34358842e-07 0 2.93650547e-15 1 -4.37113883e-08 0 0.0799999833 0.0688500032 -0.340000063 1
Nominal 456 460.5 root 1 0 0 0 0 1 0 0 0 0 1 0 0 0 0 1
Nominal 456 460.5 pelvis 0.994815111 -6.48415039e-07 -0.101699814 0 -4.32982254e-08 1 -6.79931236e-06 0 0.101699814 6.7684623e-06 0.994815111 0 0.00685279677 0.543605685 0.0543936156 1
Nominal 456 460.5 chest 0.940788865 -9.85698989e-07 -0.338992983 0 -1.51957323e-07 1 -3.32944592e-06 0 0.338992983 3.18381808e-06 0.940788865 0 0.0068527977 0.943605721 0.0543936118 1
Nominal 456 460.5 head 0.999999106 4.46777904e-09 0.00129759312 0 -4.59954208e-09 1 1.01736987e-07 0 -0.00129759312 -1.01743126e-07 0.999999106 0 0.00685279118 1.32260394 0.0543936789 1
Nominal 456 460.5 arm_R_0 0.79624027 1.90483406e-05 0.604980409 0 0.604931176 0.0127384346 -0.796175838 0 -0.00772164995 0.999918818 0.0101313666 0 0.0994912311 0.943603456 0.313316643 1
Nominal 456 460.5 arm_R_1 0.921772599 1.72965229e-05 0.387730837 0 0.384105027 0.136395991 -0.913158894 0 -0.0529007241 0.990654349 0.125719488 0 0.254129887 0.856620193 0.109052971 1
Nominal 456 460.5 arm_R_2 0.988657832 6.96163625e-06 0.150184244 0 0.145624995 0.244481623 -0.958656371 0 -0.0367239527 0.969653904 0.241707712 0 0.35098961 0.890748203 -0.121877648 1
Nominal 456 460.5 hand_R 0.905458748 -1.28895044e-06 -0.424433768 0 -0.14936544 0.936030269 -0.318649292 0 0.397283256 0.351919502 0.847536802 0 0.390070409 1.04599237 -0.379474103 1
Nominal 456 460.5 bat_grip 0.905458748 -1.33920082e-06 -0.424433708 0 -0.14936541 0.936030209 -0.318649411 0 0.397283226 0.351919591 0.847536802 0 0.390070409 1.04599237 -0.379474103 1
Nominal 456 460.5 bat_barrel 0.905458808 -1.35536516e-06 -0.424433589 0 -0.149365038 0.936030388 -0.318648785 0 0.397283226 0.351918906 0.8475371 0 0.261616111 1.85097837 -0.653512597 1
Nominal 456 460.5 bat_tip 0.905458689 -1.3706649e-06 -0.424433798 0 -0.14936541 0.936030209 -0.318649411 0 0.397283316 0.351919591 0.847536743 0 0.210831925 2.16922879 -0.761853337 1
Nominal 456 460.5 arm_L_0 0.471291065 3.02940607e-05 0.881977797 0 0.857937753 0.231869474 -0.458453268 0 -0.204517573 0.972746909 0.109251887 0 -0.0857856423 0.943603575 -0.204529703 1
Nominal 456 460.5 arm_L_1 0.449544549 4.85628843e-05 0.893257976 0 0.792911828 0.460472256 -0.39906922 0 -0.41133976 0.887674212 0.206964165 0 0.122146614 0.909661233 -0.316459417 1
Nominal 456 460.5 arm_L_2 0.397738308 6.02453947e-05 0.917498887 0 0.595373034 0.760849178 -0.258146048 0 -0.698093772 0.648928821 0.30258283 0 0.272303075 0.996834397 -0.392834812 1
Nominal 456 460.5 hand_L 0.905458808 1.1920929e-07 -0.424433827 0 -0.149368882 0.936028421 -0.318653464 0 0.397281945 0.351924658 0.847535133 0 0.364681602 1.20511472 -0.433658361 1
Nominal 456 460.5 foot_R 9.6957338e-11 4.37112817e-08 1 0 0.999997497 -0.00221812539 -6.9388939e-18 0 0.00221812516 0.999997556 -4.37113883e-08 0 0.080153659 0.0704223588 0.48872152 1
Nominal 456 460.5 foot_L -1.34358828e-07 4.37113918e-08 1 0 0.99999994 2.9365061e-15 1.34358842e-07 0 2.93650547e-15 1 -4.37113883e-08 0 0.0799999833 0.0688500032 -0.340000063 1
Nominal 456 461.0 root 1 0 0 0 0 1 0 0 0 0 1 0 0 0 0 1
Nominal 456 461.0 pelvis 0.996928155 -4.87387979e-07 -0.07832174 0 -5.57147075e-08 1 -6.93206721e-06 0 0.07832174 6.91513651e-06 0.996928155 0 0.00867758505 0.542004049 0.0591185279 1
Nominal 456 461.0 chest 0.941843987 -1.0857957e-06 -0.336050451 0 -1.51477451e-07 1 -3.65559345e-06 0 0.336050451 3.49390302e-06 0.941843987 0 0.00867758319 0.942003965 0.0591185242 1
Nominal 456 461.0 head 0.99999845 1.53556812e-09 0.00177675486 0 -1.66392056e-09 1 7.23077846e-08 0 -0.00177675486 -7.23100584e-08 0.99999845 0 0.00867757108 1.32100177 0.0591185987 1
Nominal 456 461.0 arm_R_0 0.798030078 2.03447416e-05 0.602617562 0 0.602573633 0.0120469444 -0.797972381 0 -0.00727591664 0.999927342 0.00960160233 0 0.100471057 0.942001522 0.318342477 1
Nominal 456 461.0 arm_R_1 0.922580183 1.95652246e-05 0.385805428 0 0.382260174 0.135208368 -0.91410929 0 -0.0521820039 0.99081707 0.12473315 0 0.255023003 0.854836643 0.112886928 1
Nominal 456 461.0 arm_R_2 0.988806605 9.43476334e-06 0.149203181 0 0.144731775 0.242918745 -0.959188879 0 -0.0362532958 0.97004652 0.240198329 0 0.351796776 0.888782382 -0.119235165 1
Nominal 456 461.0 hand_R 0.905458868 -2.23517418e-08 -0.424434185 0 -0.149366766 0.93603009 -0.318648905 0 0.397283256 0.351919681 0.847536862 0 0.39079237 1.04384434 -0.37802279 1
Nominal 456 461.0 bat_grip 0.905458868 -7.26021199e-08 -0.424434125 0 -0.149366736 0.93603003 -0.318649024 0 0.397283226 0.35191977 0.847536862 0 0.39079237 1.04384434 -0.37802279 1
Nominal 456 461.0 bat_barrel 0.905458927 -8.87664413e-08 -0.424434006 0 -0.149366364 0.936030209 -0.318648398 0 0.397283226 0.351919085 0.84753716 0 0.26233694 1.84883022 -0.652060986 1
Nominal 456 461.0 bat_tip 0.905458808 -1.04066203e-07 -0.424434215 0 -0.149366736 0.93603003 -0.318649024 0 0.397283316 0.35191977 0.847536802 0 0.211552292 2.1670804 -0.760401547 1
Nominal 456 461.0 arm_L_0 0.475523055 3.33636999e-05 0.879703343 0 0.855841875 0.231311053 -0.462633699 0 -0.203500524 0.972879827 0.109965056 0 -0.0831159204 0.94200176 -0.200105757 1
Nominal 456 461.0 arm_L_1 0.455537111 5.37931919e-05 0.890216887 0 0.79040581 0.460050374 -0.404490262 0 -0.409566283 0.887892902 0.209527403 0 0.124167204 0.907878399 -0.313023239 1
Nominal 456 461.0 arm_L_2 0.407924116 6.62207603e-05 0.913015962 0 0.592310727 0.760990024 -0.264692336 0 -0.694813609 0.648763478 0.310386837 0 0.273673862 0.994870901 -0.39038527 1
Nominal 456 461.0 hand_L 0.905459046 -2.38418579e-07 -0.424433708 0 -0.149366617 0.936030149 -0.318649471 0 0.397282839 0.35191986 0.847536981 0 0.365400851 1.20297003 -0.4321931 1
Nominal 456 461.0 foot_R 8.64471619e-11 4.3711303e-08 1 0 0.999997973 -0.00197768072 0 0 0.00197768048 0.999998033 -4.37113883e-08 0 0.0801368952 0.070252277 0.488861114 1
Nominal 456 461.0 foot_L -1.34358828e-07 4.37113918e-08 1 0 0.99999994 2.9365061e-15 1.34358842e-07 0 2.93650547e-15 1 -4.37113883e-08 0 0.0799999833 0.0688500032 -0.340000063 1
Nominal 456 461.5 root 1 0 0 0 0 1 0 0 0 0 1 0 0 0 0 1
Nominal 456 461.5 pelvis 0.998899221 -2.65688129e-07 -0.0469079912 0 -4.44506796e-08 1 -6.61059858e-06 0 0.0469079912 6.60540718e-06 0.998899221 0 0.0109110922 0.54019928 0.0644362196 1
Nominal 456 461.5 chest 0.94309032 -1.00828595e-06 -0.332536757 0 -1.17576306e-07 1 -3.36555513e-06 0 0.332536757 3.21312132e-06 0.94309032 0 0.0109110894 0.940199375 0.0644362196 1
Nominal 456 461.5 head 0.999996901 -2.98734903e-09 0.00251412392 0 3.21711013e-09 1 -9.13362328e-08 0 -0.00251412392 9.13444183e-08 0.999996901 0 0.0109110903 1.3191973 0.0644363016 1
Nominal 456 461.5 arm_R_0 0.800072491 2.65883282e-05 0.599903226 0 0.599865258 0.0112300701 -0.800022244 0 -0.00675820792 0.999936879 0.00896895956 0 0.101713836 0.940196812 0.324009776 1
Nominal 456 461.5 arm_R_1 0.923515737 2.47508287e-05 0.383560598 0 0.380106449 0.133845448 -0.915207207 0 -0.0513604954 0.991002083 0.123599 0 0.256141573 0.852822363 0.117233798 1
Nominal 456 461.5 arm_R_2 0.988987505 1.11870468e-05 0.147999182 0 0.143629178 0.241141319 -0.959802747 0 -0.0356994607 0.970489919 0.238484144 0 0.352790117 0.886559308 -0.116209224 1
Nominal 456 461.5 hand_R 0.905459106 -1.66147947e-06 -0.424433589 0 -0.149365053 0.936030149 -0.318649441 0 0.397283226 0.351919562 0.847536683 0 0.391659528 1.04141283 -0.376318008 1
Nominal 456 461.5 bat_grip 0.905459106 -1.71172985e-06 -0.424433529 0 -0.149365023 0.93603009 -0.31864956 0 0.397283196 0.351919651 0.847536683 0 0.391659528 1.04141283 -0.376318008 1
Nominal 456 461.5 bat_barrel 0.905459166 -1.72789419e-06 -0.42443341 0 -0.14936465 0.936030269 -0.318648934 0 0.397283196 0.351918966 0.847536981 0 0.263205588 1.84639871 -0.65035665 1
Nominal 456 461.5 bat_tip 0.905459046 -1.74319393e-06 -0.424433619 0 -0.149365023 0.93603009 -0.31864956 0 0.397283286 0.351919651 0.847536623 0 0.212421507 2.16464901 -0.758697391 1
Nominal 456 461.5 arm_L_0 0.480384648 4.17083502e-05 0.877058029 0 0.85339886 0.230679348 -0.467437118 0 -0.202338621 0.973029852 0.110779136 0 -0.0798916742 0.940196991 -0.195137665 1
Nominal 456 461.5 arm_L_1 0.462417066 6.63250685e-05 0.886662781 0 0.787442863 0.45962432 -0.410705984 0 -0.407558739 0.888113558 0.212485775 0 0.126605481 0.905863106 -0.309147179 1
Nominal 456 461.5 arm_L_2 0.419620574 7.82161951e-05 0.907699823 0 0.588590086 0.761240959 -0.27216512 0 -0.690999329 0.64846909 0.319386214 0 0.275326967 0.992645323 -0.387602776 1
Nominal 456 461.5 hand_L 0.905458927 8.94069672e-08 -0.424433589 0 -0.149369508 0.936027646 -0.318655193 0 0.397281677 0.351926386 0.847535014 0 0.36627084 1.20053434 -0.430507481 1
Nominal 456 461.5 foot_R 7.74950243e-11 4.37113208e-08 1 0 0.999998391 -0.00177287974 0 0 0.00177287962 0.99999845 -4.37113883e-08 0 0.0801226646 0.0701072663 0.488979757 1
Nominal 456 461.5 foot_L -5.00651431e-08 4.37113883e-08 1 0 0.99999994 1.0942086e-15 5.00651467e-08 0 1.09420828e-15 1 -4.37113883e-08 0 0.0799999833 0.0688500032 -0.340000033 1
Nominal 456 462.0 root 1 0 0 0 0 1 0 0 0 0 1 0 0 0 0 1
Nominal 456 462.0 pelvis 0.999880672 -5.38457776e-08 -0.0154477647 0 -4.33093774e-08 1 -6.28893531e-06 0 0.0154477647 6.28885391e-06 0.999880672 0 0.0131446002 0.53839457 0.0697539076 1
Nominal 456 462.0 chest 0.94432348 -9.23885409e-07 -0.329018533 0 -9.27209243e-08 1 -3.07412461e-06 0 0.329018533 2.93347443e-06 0.94432348 0 0.0131445993 0.938394725 0.0697539076 1
Nominal 456 462.0 head 0.999994695 -2.54658516e-10 0.00325125456 0 1.07928599e-09 1 -2.53704684e-07 0 -0.00325125456 2.53706276e-07 0.999994695 0 0.0131446095 1.31739271 0.0697539896 1
Nominal 456 462.0 arm_R_0 0.802105784 2.70158052e-05 0.597181916 0 0.597149372 0.0104131727 -0.802062452 0 -0.00624020956 0.9999457 0.00833636802 0 0.102955319 0.938392043 0.329673231 1
Nominal 456 462.0 arm_R_1 0.924445927 2.63974071e-05 0.381313175 0 0.377948761 0.132483497 -0.91629833 0 -0.0505418889 0.991185069 0.122463897 0 0.257251114 0.850806355 0.12157511 1
Nominal 456 462.0 arm_R_2 0.989167035 1.36457384e-05 0.146793947 0 0.142523408 0.239364669 -0.960412145 0 -0.0351503864 0.970929623 0.236769706 0 0.353768528 0.884331644 -0.113189526 1
Nominal 456 462.0 hand_R 0.905458748 1.11758709e-08 -0.424434006 0 -0.149366677 0.936030149 -0.318648845 0 0.397283047 0.351919711 0.847536743 0 0.392508119 1.03897309 -0.374619514 1
Nominal 456 462.0 bat_grip 0.905458748 -3.90745143e-08 -0.424433947 0 -0.149366647 0.93603009 -0.318648964 0 0.397283018 0.3519198 0.847536743 0 0.392508119 1.03897309 -0.374619514 1
Nominal 456 462.0 bat_barrel 0.905458808 -5.52388286e-08 -0.424433827 0 -0.149366274 0.936030269 -0.318648338 0 0.397283018 0.351919115 0.847537041 0 0.264052749 1.84395897 -0.64865762 1
Nominal 456 462.0 bat_tip 0.905458689 -7.05385972e-08 -0.424434036 0 -0.149366647 0.93603009 -0.318648964 0 0.397283107 0.3519198 0.847536683 0 0.213268146 2.16220951 -0.756998181 1
Nominal 456 462.0 arm_L_0 0.485231638 4.39733267e-05 0.874385774 0 0.85092926 0.230047524 -0.472226322 0 -0.201170981 0.973179281 0.111588791 0 -0.0766661242 0.938392162 -0.190165773 1
Nominal 456 462.0 arm_L_1 0.469269574 7.03781843e-05 0.88305521 0 0.784432709 0.459197789 -0.416896641 0 -0.405526251 0.888333976 0.215432167 0 0.129039079 0.903847992 -0.305262178 1
Nominal 456 462.0 arm_L_2 0.431248218 8.12411308e-05 0.902233481 0 0.584778607 0.76149112 -0.279580176 0 -0.687065542 0.64817524 0.328343987 0 0.276967645 0.990419984 -0.384803087 1
Nominal 456 462.0 hand_L 0.905458927 -1.78813934e-07 -0.424433619 0 -0.149366558 0.936030149 -0.318649322 0 0.397282958 0.35191977 0.847536922 0 0.36711657 1.19809866 -0.428789914 1
Nominal 456 462.0 foot_R 6.85428797e-11 4.3711335e-08 1 0 0.999998689 -0.00156807865 6.9388939e-18 0 0.00156807853 0.999998748 -4.37113883e-08 0 0.080108434 0.0699622557 0.48909843 1
Nominal 456 462.0 foot_L 3.42285418e-08 4.37113918e-08 1 0 0.99999994 -7.48088699e-16 -3.42285453e-08 0 -7.48088541e-16 1 -4.37113918e-08 0 0.0799999833 0.0688500032 -0.340000004 1
Nominal 456 462.5 root 1 0 0 0 0 1 0 0 0 0 1 0 0 0 0 1
Nominal 456 462.5 pelvis 0.999747515 1.77362963e-07 0.022468904 0 -4.12993693e-08 1 -6.0561033e-06 0 -0.022468904 6.0536463e-06 0.999747515 0 0.0156631526 0.536589742 0.0752233416 1
Nominal 456 462.5 chest 0.946650684 -8.45400336e-07 -0.322261512 0 -1.154066e-07 1 -2.96234657e-06 0 0.322261512 2.84149883e-06 0.946650684 0 0.0156631488 0.936589837 0.075223349 1
Nominal 456 462.5 head 0.999990821 -1.28255806e-09 0.00427490473 0 1.68614633e-09 1 -9.43407485e-08 0 -0.00427490473 9.4347115e-08 0.999990821 0 0.0156631507 1.31558788 0.075223431 1
Nominal 456 462.5 arm_R_0 0.803774953 3.45185399e-05 0.59493345 0 0.594907522 0.0092984736 -0.803740323 0 -0.00555969775 0.999956727 0.00745338015 0 0.103600815 0.936587095 0.335783839 1
Nominal 456 462.5 arm_R_1 0.92507273 3.15457582e-05 0.379789919 0 0.376525432 0.13075529 -0.917132139 0 -0.0496884622 0.991414547 0.12094634 0 0.258011669 0.84871763 0.126294464 1
Nominal 456 462.5 arm_R_2 0.989218295 1.44718215e-05 0.146447659 0 0.142263263 0.237241313 -0.960977435 0 -0.0347573273 0.971450627 0.234681472 0 0.35464254 0.881959498 -0.109862342 1
Nominal 456 462.5 hand_R 0.905459046 -6.44475222e-07 -0.424433202 0 -0.149366543 0.936029434 -0.318650693 0 0.397282273 0.35192132 0.847536504 0 0.393493921 1.03631806 -0.372685194 1
Nominal 456 462.5 bat_grip 0.905459046 -6.94725543e-07 -0.424433142 0 -0.149366513 0.936029375 -0.318650812 0 0.397282243 0.351921409 0.847536504 0 0.393493921 1.03631806 -0.372685194 1
Nominal 456 462.5 bat_barrel 0.905459106 -7.10889594e-07 -0.424433023 0 -0.14936614 0.936029553 -0.318650186 0 0.397282243 0.351920724 0.847536802 0 0.265038669 1.84130335 -0.646724939 1
Nominal 456 462.5 bat_tip 0.905458987 -7.26189796e-07 -0.424433231 0 -0.149366513 0.936029375 -0.318650812 0 0.397282332 0.351921409 0.847536445 0 0.214254111 2.15955353 -0.755066097 1
Nominal 456 462.5 arm_L_0 0.490383476 5.2601099e-05 0.871506929 0 0.8482548 0.229423866 -0.477313906 0 -0.19996953 0.973326564 0.112460926 0 -0.0722745657 0.936587214 -0.185337484 1
Nominal 456 462.5 arm_L_1 0.476532936 8.21352005e-05 0.879156888 0 0.780973196 0.459183693 -0.423357099 0 -0.403729141 0.888341367 0.218751878 0 0.132294044 0.901757598 -0.301408201 1
Nominal 456 462.5 arm_L_2 0.443512678 8.64714384e-05 0.896268368 0 0.579734147 0.762605488 -0.286951542 0 -0.683523655 0.646863937 0.33817485 0 0.279086441 0.9880445 -0.381925762 1
Nominal 456 462.5 hand_L 0.905458868 6.2584877e-07 -0.424433649 0 -0.149371862 0.936025977 -0.318659157 0 0.397280872 0.351930916 0.847533464 0 0.368100464 1.19543839 -0.426893324 1
Nominal 456 462.5 foot_R 6.05859946e-11 4.37113457e-08 1 0 0.999998987 -0.00138604606 -6.9388939e-18 0 0.00138604594 0.999999046 -4.37113883e-08 0 0.0800957978 0.0698332936 0.489203632 1
Nominal 456 462.5 foot_L 1.18522259e-07 4.37113883e-08 1 0 0.99999994 -2.59038705e-15 -1.18522266e-07 0 -2.59038557e-15 1 -4.37113883e-08 0 0.0799999833 0.0688500032 -0.339999914 1
Nominal 456 463.0 root 1 0 0 0 0 1 0 0 0 0 1 0 0 0 0 1
Nominal 456 463.0 pelvis 0.998177052 3.99488869e-07 0.0603532791 0 -4.8117478e-08 1 -5.82336497e-06 0 -0.0603532791 5.80984533e-06 0.998177052 0 0.0181817058 0.534784913 0.0806927755 1
Nominal 456 463.0 chest 0.948929489 -7.65142659e-07 -0.31548813 0 -1.4148074e-07 1 -2.85081387e-06 0 0.31548813 2.74985678e-06 0.948929489 0 0.0181817021 0.934784889 0.080692783 1
Nominal 456 463.0 head 0.999985933 1.13948317e-09 0.00529834628 0 -1.48389745e-09 1 6.49872618e-08 0 -0.00529834628 -6.49943104e-08 0.999985933 0 0.0181816928 1.31378281 0.0806928724 1
Nominal 456 463.0 arm_R_0 0.805437863 3.09348106e-05 0.592680216 0 0.592660189 0.00818374753 -0.805410981 0 -0.00487524178 0.999966502 0.00657319836 0 0.104241781 0.934782088 0.341880947 1
Nominal 456 463.0 arm_R_1 0.925697446 2.92062759e-05 0.378264993 0 0.37509951 0.129029095 -0.917960584 0 -0.0488339812 0.991640866 0.119430959 0 0.258760095 0.846626103 0.130997688 1
Nominal 456 463.0 arm_R_2 0.989269912 1.36280432e-05 0.146099821 0 0.142000899 0.235120356 -0.961537361 0 -0.0343641192 0.971966386 0.232595548 0 0.355500072 0.879580736 -0.106552012 1
Nominal 456 463.0 hand_R 0.905458987 -7.4505806e-08 -0.424433768 0 -0.149366602 0.936030269 -0.318648905 0 0.397282958 0.35191977 0.847536981 0 0.394462109 1.03365219 -0.370767295 1
Nominal 456 463.0 bat_grip 0.905458987 -1.24756198e-07 -0.424433708 0 -0.149366572 0.936030209 -0.318649024 0 0.397282928 0.35191986 0.847536981 0 0.394462109 1.03365219 -0.370767295 1
Nominal 456 463.0 bat_barrel 0.905459046 -1.4092052e-07 -0.424433589 0 -0.1493662 0.936030388 -0.318648398 0 0.397282928 0.351919174 0.847537279 0 0.266006827 1.83863819 -0.644805431 1
Nominal 456 463.0 bat_tip 0.905458927 -1.56220281e-07 -0.424433798 0 -0.149366572 0.936030209 -0.318649024 0 0.397283018 0.35191986 0.847536922 0 0.215222225 2.15688848 -0.753146052 1
Nominal 456 463.0 arm_L_0 0.495518416 5.29140234e-05 0.868597448 0 0.845550537 0.228800073 -0.482384533 0 -0.198760629 0.97347343 0.113329828 0 -0.0678784624 0.934782207 -0.180495679 1
Nominal 456 463.0 arm_L_1 0.483764023 8.4027648e-05 0.875198483 0 0.77746284 0.459169447 -0.429785013 0 -0.401900351 0.888348818 0.222064197 0 0.13554883 0.89966774 -0.297531456 1
Nominal 456 463.0 arm_L_2 0.455694884 9.10311937e-05 0.890136003 0 0.574596763 0.763716996 -0.294236392 0 -0.679838657 0.645551324 0.347969532 0 0.281199515 0.985669672 -0.379011631 1
Nominal 456 463.0 hand_L 0.905458868 5.96046448e-08 -0.424433857 0 -0.149366558 0.936030328 -0.318648845 0 0.397282958 0.351919591 0.847536922 0 0.369070172 1.19277728 -0.424937725 1
Nominal 456 463.0 foot_R 5.26291059e-11 4.37113563e-08 1 0 0.999999225 -0.00120401359 -3.46944695e-18 0 0.00120401348 0.999999285 -4.37113883e-08 0 0.0800831616 0.0697043389 0.489308834 1
Nominal 456 463.0 foot_L 2.02815968e-07 4.37113883e-08 1 0 0.99999994 -4.43268477e-15 -2.02815983e-07 0 -4.43268266e-15 1 -4.37113883e-08 0 0.0799999833 0.0688500032 -0.339999855 1
Nominal 456 463.5 root 1 0 0 0 0 1 0 0 0 0 1 0 0 0 0 1
Nominal 456 463.5 pelvis 0.994856596 6.16405316e-07 0.101293653 0 -4.40619097e-08 1 -5.65257551e-06 0 -0.101293653 5.6190388e-06 0.994856596 0 0.020762885 0.533321738 0.0856000036 1
Nominal 456 463.5 chest 0.95355171 -5.5191947e-07 -0.301229537 0 -4.98911845e-08 1 -1.99015403e-06 0 0.301229537 1.91274376e-06 0.95355171 0 0.020762885 0.933321774 0.0856000111 1
Nominal 456 463.5 head 0.999978065 -1.40871066e-08 0.00663486123 0 1.44316914e-08 1 -5.18899697e-08 0 -0.00663486123 5.19850119e-08 0.999978065 0 0.0207628831 1.31231964 0.0856000856 1
Nominal 456 463.5 arm_R_0 0.805728316 4.33847308e-05 0.592285395 0 0.592272878 0.00645396952 -0.805711687 0 -0.00385752972 0.999979198 0.0051744841 0 0.102891676 0.933319032 0.348041803 1
Nominal 456 463.5 arm_R_1 0.925329566 3.58708203e-05 0.37916404 0 0.376108915 0.126601547 -0.917885602 0 -0.0480356589 0.991953671 0.11713469 0 0.258227646 0.844717622 0.135825306 1
Nominal 456 463.5 arm_R_2 0.988936126 1.36308372e-05 0.148341805 0 0.144276559 0.232415482 -0.961856186 0 -0.0344900116 0.972616673 0.229842126 0 0.355782121 0.877227008 -0.103059635 1
Nominal 456 463.5 hand_R 0.905459464 4.58583236e-06 -0.424432755 0 -0.149373651 0.93602711 -0.318654835 0 0.397279084 0.351928145 0.847535253 0 0.395556599 1.03085244 -0.368611157 1
Nominal 456 463.5 bat_grip 0.905459464 4.53558232e-06 -0.424432695 0 -0.149373621 0.93602705 -0.318654954 0 0.397279054 0.351928234 0.847535253 0 0.395556599 1.03085244 -0.368611157 1
Nominal 456 463.5 bat_barrel 0.905459523 4.51941924e-06 -0.424432576 0 -0.149373248 0.936027229 -0.318654329 0 0.397279054 0.351927549 0.847535551 0 0.267095268 1.8358357 -0.642654419 1
Nominal 456 463.5 bat_tip 0.905459404 4.50411744e-06 -0.424432784 0 -0.149373621 0.93602705 -0.318654954 0 0.397279143 0.351928234 0.847535193 0 0.216308266 2.15408516 -0.750997066 1
Nominal 456 463.5 arm_L_0 0.500556827 6.33150339e-05 0.865703881 0 0.842846632 0.228237972 -0.487357438 0 -0.197617292 0.973605394 0.114192605 0 -0.0613659918 0.933319032 -0.176842168 1
Nominal 456 463.5 arm_L_1 0.490851998 9.48607922e-05 0.871243179 0 0.773495853 0.460168123 -0.435832202 0 -0.400959551 0.887831926 0.225801006 0 0.140250072 0.897755742 -0.294404358 1
Nominal 456 463.5 arm_L_2 0.467618763 8.20606947e-05 0.883930445 0 0.567261696 0.766886592 -0.300165325 0 -0.677898884 0.641782701 0.3585639 0 0.284088373 0.983311057 -0.376414657 1
Nominal 456 463.5 hand_L 0.905458987 1.1920929e-06 -0.424433708 0 -0.149376526 0.936022341 -0.31866765 0 0.397279114 0.351940691 0.847530127 0 0.370145321 1.18997478 -0.422875255 1
Nominal 456 463.5 foot_R 4.5328772e-11 4.37113634e-08 1 0 0.999999404 -0.00103700149 0 0 0.00103700138 0.999999464 -4.37113883e-08 0 0.0800715983 0.0695859864 0.489405066 1
Nominal 456 463.5 foot_L 3.42285738e-08 4.37113883e-08 1 0 0.99999994 -7.48089758e-16 -3.42285773e-08 0 -7.48088858e-16 1 -4.37113883e-08 0 0.0799999833 0.0688500032 -0.339999974 1
Nominal 456 464 root 1 0 0 0 0 1 0 0 0 0 1 0 0 0 0 1
Nominal 456 464 pelvis 0.989857614 8.25303403e-07 0.142063171 0 -4.70233239e-08 1 -5.48176558e-06 0 -0.142063171 5.41948702e-06 0.989857614 0 0.0233440641 0.531858563 0.0905072391 1
Nominal 456 464 chest 0.957959533 -3.1830109e-07 -0.286903322 0 -4.1817998e-09 1 -1.12339831e-06 0 0.286903322 1.07737014e-06 0.957959533 0 0.0233440679 0.931858659 0.0905072466 1
Nominal 456 464 head 0.999968231 8.68453753e-10 0.00797128677 0 4.36529035e-10 1 -1.63738264e-07 0 -0.00797128677 1.637369e-07 0.999968231 0 0.0233440641 1.31085646 0.0905073136 1
Nominal 456 464 arm_R_0 0.806018412 2.90833414e-05 0.591890335 0 0.591883659 0.00472420827 -0.806009471 0 -0.00281963591 0.999988794 0.00379062258 0 0.101523347 0.931855977 0.354143441 1
Nominal 456 464 arm_R_1 0.92496109 2.26013362e-05 0.380061686 0 0.377117366 0.12417908 -0.917802691 0 -0.0472164527 0.9922598 0.114852332 0 0.257673293 0.842803538 0.140592113 1
Nominal 456 464 arm_R_2 0.988597572 2.32830644e-06 0.150580376 0 0.146552935 0.229718223 -0.962159872 0 -0.034593299 0.973257184 0.227098584 0 0.356044918 0.874861896 -0.0996257514 1
Nominal 456 464 hand_R 0.90545857 -3.7252903e-09 -0.424434036 0 -0.149366692 0.936030209 -0.318648845 0 0.397282958 0.351919711 0.847536743 0 0.396638811 1.02803695 -0.36650905 1
Nominal 456 464 bat_grip 0.90545857 -5.39756826e-08 -0.424433976 0 -0.149366662 0.936030149 -0.318648964 0 0.397282928 0.3519198 0.847536743 0 0.396638811 1.02803695 -0.36650905 1
Nominal 456 464 bat_barrel 0.905458629 -7.01399969e-08 -0.424433857 0 -0.149366289 0.936030328 -0.318648338 0 0.397282928 0.351919115 0.847537041 0 0.26818347 1.83302283 -0.640547156 1
Nominal 456 464 bat_tip 0.90545851 -8.54397655e-08 -0.424434066 0 -0.149366662 0.936030149 -0.318648964 0 0.397283018 0.3519198 0.847536683 0 0.217398822 2.15127325 -0.748887777 1
Nominal 456 464 arm_L_0 0.505578458 6.17206097e-05 0.86278075 0 0.840114355 0.227675766 -0.49231258 0 -0.196464583 0.973736942 0.115056008 0 -0.0548352823 0.931855917 -0.173129439 1
Nominal 456 464 arm_L_1 0.497907817 9.48756933e-05 0.867230177 0 0.769483447 0.461166114 -0.441838473 0 -0.399978876 0.887313843 0.229545057 0 0.144969687 0.895845294 -0.291201144 1
Nominal 456 464 arm_L_2 0.479458213 9.45329666e-05 0.877564907 0 0.559850335 0.770037472 -0.305957615 0 -0.675786614 0.6379987 0.369147658 0 0.286998242 0.980951011 -0.373717368 1
Nominal 456 464 hand_L 0.905459046 -5.96046448e-08 -0.424433529 0 -0.149366543 0.936030149 -0.318649411 0 0.397282809 0.351920009 0.847536922 0 0.371247143 1.18716264 -0.420679271 1
Nominal 456 464 foot_R 3.8028438e-11 4.37113705e-08 1 0 0.999999583 -0.000869989337 0 0 0.000869989279 0.999999642 -4.37113918e-08 0 0.080060035 0.069467634 0.489501297 1
Nominal 456 464 foot_L -1.34358828e-07 4.37113918e-08 1 0 0.99999994 2.9365061e-15 1.34358842e-07 0 2.93650547e-15 1 -4.37113883e-08 0 0.0799999833 0.0688500032 -0.340000063 1
Nominal 456 464.5 root 1 0 0 0 0 1 0 0 0 0 1 0 0 0 0 1
Nominal 456 464.5 pelvis 0.983444452 9.91370825e-07 0.181209981 0 -6.33841779e-08 1 -5.12684755e-06 0 -0.181209981 5.03048386e-06 0.983444452 0 0.0257319771 0.531011939 0.0942583233 1
Nominal 456 464.5 chest 0.963783205 -2.97058591e-07 -0.266686916 0 -2.51492338e-08 1 -1.20477307e-06 0 0.266686916 1.16784759e-06 0.963783205 0 0.0257319734 0.931012034 0.0942583233 1
Nominal 456 464.5 head 0.999954283 1.01414912e-08 0.00956052542 0 -7.07781567e-09 1 -3.204471e-07 0 -0.00956052542 3.20365132e-07 0.999954283 0 0.0257319734 1.31000972 0.0942583978 1
Nominal 456 464.5 arm_R_0 0.804742455 4.83039767e-05 0.593623996 0 0.593622506 0.00219110772 -0.804740608 0 -0.00133954827 0.999997556 0.00173464045 0 0.0983495414 0.931009293 0.359470516 1
Nominal 456 464.5 arm_R_1 0.923561871 3.35909426e-05 0.383449584 0 0.380629301 0.120980285 -0.916779637 0 -0.0464206301 0.9926548 0.11172004 0 0.255952239 0.84129107 0.144918054 1
Nominal 456 464.5 arm_R_2 0.9878757 6.3078478e-06 0.155247152 0 0.151212767 0.226451844 -0.962213159 0 -0.0351620615 0.974022269 0.223705336 0 0.355772614 0.872682333 -0.096303612 1
Nominal 456 464.5 hand_R 0.905459881 1.27516687e-05 -0.42443192 0 -0.149384663 0.936023176 -0.318660915 0 0.397274137 0.351938188 0.847533226 0 0.397813082 1.02518773 -0.364192188 1
Nominal 456 464.5 bat_grip 0.905459881 1.27014191e-05 -0.42443186 0 -0.149384633 0.936023116 -0.318661034 0 0.397274107 0.351938277 0.847533226 0 0.397813082 1.02518773 -0.364192188 1
Nominal 456 464.5 bat_barrel 0.90545994 1.26852574e-05 -0.424431741 0 -0.14938426 0.936023295 -0.318660408 0 0.397274107 0.351937592 0.847533524 0 0.269342244 1.83016765 -0.638240695 1
Nominal 456 464.5 bat_tip 0.905459821 1.26699533e-05 -0.42443195 0 -0.149384633 0.936023116 -0.318661034 0 0.397274196 0.351938277 0.847533166 0 0.218551531 2.14841557 -0.746585369 1
Nominal 456 464.5 arm_L_0 0.509905159 7.61002302e-05 0.860230744 0 0.837806523 0.22679472 -0.496633291 0 -0.195133507 0.973942518 0.115579918 0 -0.0468856692 0.931009352 -0.170954347 1
Nominal 456 464.5 arm_L_1 0.5040133 0.000108838081 0.863696039 0 0.765667558 0.462670028 -0.446866751 0 -0.399654776 0.886530519 0.233108401 0 0.150652081 0.894326687 -0.28902331 1
Nominal 456 464.5 arm_L_2 0.489815891 8.36253166e-05 0.871825933 0 0.551188648 0.774756491 -0.309747398 0 -0.675478816 0.632259488 0.379441857 0 0.290409982 0.978765249 -0.371541053 1
Nominal 456 464.5 hand_L 0.905459106 2.5331974e-06 -0.424433708 0 -0.149381936 0.936018348 -0.318676323 0 0.397277117 0.351950794 0.847526789 0 0.372382045 1.18431556 -0.41850847 1
Nominal 456 464.5 foot_R 3.13117136e-11 4.37113776e-08 1 0 0.999999702 -0.000716328621 0 0 0.000716328563 0.999999762 -4.37113883e-08 0 0.0800494105 0.0693586022 0.489589691 1
Nominal 456 464.5 foot_L -5.00651431e-08 4.37113883e-08 1 0 0.99999994 1.0942086e-15 5.00651467e-08 0 1.09420828e-15 1 -4.37113883e-08 0 0.0799999833 0.0688500032 -0.340000033 1
Nominal 456 465.0 root 1 0 0 0 0 1 0 0 0 0 1 0 0 0 0 1
Nominal 456 465.0 pelvis 0.975483716 1.14187969e-06 0.220071658 0 -9.38084597e-08 1 -4.77285903e-06 0 -0.220071658 4.63520155e-06 0.975483716 0 0.0281198919 0.530165255 0.098009415 1
Nominal 456 465.0 chest 0.969180286 -2.83412191e-07 -0.246352524 0 -3.37681172e-08 1 -1.28328065e-06 0 0.246352524 1.25204906e-06 0.969180286 0 0.0281198882 0.930165231 0.0980094075 1
Nominal 456 465.0 head 0.999937773 5.82619464e-09 0.0111497492 0 -5.42158318e-10 1 -4.73935415e-07 0 -0.0111497492 4.73899831e-07 0.999937773 0 0.0281198919 1.30916274 0.0980094895 1
Nominal 456 465.0 arm_R_0 0.803462803 1.96686015e-05 0.595354974 0 0.595354974 -0.000341922045 -0.803462684 0 0.00018778001 0.999999881 -0.000286392868 0 0.0951440483 0.930162549 0.36468029 1
Nominal 456 465.0 arm_R_1 0.92215097 6.72787428e-06 0.386830568 0 0.384136826 0.117790781 -0.91573137 0 -0.0455712341 0.993038356 0.108618326 0 0.254200101 0.839769661 0.149130806 1
Nominal 456 465.0 arm_R_2 0.987132311 -1.71773136e-05 0.159906149 0 0.155875787 0.223200843 -0.962228656 0 -0.0356746465 0.974772394 0.22033146 0 0.35547775 0.870487452 -0.0930851549 1
Nominal 456 465.0 hand_R 0.905458868 -4.47034836e-08 -0.424433827 0 -0.149366692 0.936030149 -0.318648934 0 0.397283018 0.35191977 0.847536922 0 0.398977458 1.02232182 -0.36196661 1
Nominal 456 465.0 bat_grip 0.905458868 -9.49538688e-08 -0.424433768 0 -0.149366662 0.93603009 -0.318649054 0 0.397282988 0.35191986 0.847536922 0 0.398977458 1.02232182 -0.36196661 1
Nominal 456 465.0 bat_barrel 0.905458927 -1.11118183e-07 -0.424433649 0 -0.149366289 0.936030269 -0.318648428 0 0.397282988 0.351919174 0.84753722 0 0.270522118 1.8273077 -0.636004806 1
Nominal 456 465.0 bat_tip 0.905458808 -1.26417959e-07 -0.424433857 0 -0.149366662 0.93603009 -0.318649054 0 0.397283077 0.35191986 0.847536862 0 0.21973747 2.14555812 -0.744345427 1
Nominal 456 465.0 arm_L_0 0.514219046 6.69211149e-05 0.857658982 0 0.835478425 0.22591345 -0.500938177 0 -0.193790153 0.974147379 0.116112962 0 -0.038904354 0.930162489 -0.168661937 1
Nominal 456 465.0 arm_L_1 0.510093749 0.000100821257 0.860118985 0 0.761821926 0.464172542 -0.451853186 0 -0.399288982 0.88574487 0.236694574 0 0.156369939 0.892811239 -0.286708564 1
Nominal 456 465.0 arm_L_2 0.500104964 9.44286585e-05 0.865964949 0 0.542477965 0.779432774 -0.313372493 0 -0.674990833 0.626485884 0.389746785 0 0.293867677 0.976576269 -0.369199723 1
Nominal 456 465.0 hand_L 0.905458987 -2.98023224e-08 -0.42443347 0 -0.149366528 0.93603003 -0.318649441 0 0.39728269 0.351920098 0.847536922 0 0.37358585 1.18144751 -0.416136891 1
Nominal 456 465.0 foot_R 2.45949892e-11 4.37113812e-08 1 0 0.999999762 -0.000562667847 1.73472348e-18 0 0.000562667788 0.999999821 -4.37113883e-08 0 0.0800387859 0.0692495778 0.489678115 1
Nominal 456 465.0 foot_L 3.42285418e-08 4.37113918e-08 1 0 0.99999994 -7.48088699e-16 -3.42285453e-08 0 -7.48088541e-16 1 -4.37113918e-08 0 0.0799999833 0.0688500032 -0.340000004 1
Nominal 456 465.5 root 1 0 0 0 0 1 0 0 0 0 1 0 0 0 0 1
Nominal 456 465.5 pelvis 0.966976583 1.26038549e-06 0.254865289 0 -6.68963551e-08 1 -4.69149109e-06 0 -0.254865289 4.519512e-06 0.966976583 0 0.0302403308 0.529960513 0.100471288 1
Nominal 456 465.5 chest 0.975051999 0.0001078079 -0.22197701 0 -0.000105420404 1 2.26038501e-05 0 0.22197701 1.36096719e-06 0.975051999 0 0.0302403253 0.929960549 0.100471288 1
Nominal 456 465.5 head 0.999916434 -4.14741834e-07 0.0129343718 0 3.9778098e-07 1 1.31389788e-06 0 -0.0129343718 -1.30865692e-06 0.999916434 0 0.0302003007 1.30895805 0.100479953 1
Nominal 456 465.5 arm_R_0 0.799134433 3.7593767e-05 0.60115242 0 0.601148307 -0.00380015746 -0.799128652 0 0.00225444883 0.999992728 -0.00305939838 0 0.0905699506 0.929957688 0.368736625 1
Nominal 456 465.5 arm_R_1 0.918739974 1.41374767e-05 0.394863367 0 0.392297894 0.1137762 -0.912774622 0 -0.0449389666 0.993506372 0.104525238 0 0.252208978 0.838636577 0.153000563 1
Nominal 456 465.5 arm_R_2 0.985613346 -1.40881166e-05 0.169015959 0 0.164897174 0.2195023 -0.961575687 0 -0.0370858684 0.975611985 0.216346771 0 0.356066912 0.868422627 -0.0894042999 1
Nominal 456 465.5 hand_R 0.898081362 0.000278234482 -0.43982926 0 -0.159101203 0.932486773 -0.324276745 0 0.410044611 0.361204267 0.837493241 0 0.402146906 1.01932037 -0.358475387 1
Nominal 456 465.5 bat_grip 0.898081362 0.000278184656 -0.439829201 0 -0.159101188 0.932486713 -0.324276865 0 0.410044581 0.361204356 0.837493241 0 0.402146906 1.01932037 -0.358475387 1
Nominal 456 465.5 bat_barrel 0.898081422 0.000278169813 -0.439829081 0 -0.159100801 0.932486951 -0.324276239 0 0.410044581 0.361203671 0.837493539 0 0.265319854 1.82125902 -0.637353539 1
Nominal 456 465.5 bat_tip 0.898081303 0.000278152351 -0.43982929 0 -0.159101188 0.932486713 -0.324276865 0 0.41004467 0.361204356 0.837493181 0 0.21122548 2.13830471 -0.747607589 1
Nominal 456 465.5 arm_L_0 0.517372072 0.00010278821 0.855760813 0 0.834116817 0.223422185 -0.504313588 0 -0.191247672 0.97472173 0.115506545 0 -0.0300893877 0.929958105 -0.167794436 1
Nominal 456 465.5 arm_L_1 0.514577985 0.00013948977 0.857443988 0 0.759263337 0.464572608 -0.455732435 0 -0.398408353 0.885535002 0.238952771 0 0.162742928 0.891460836 -0.285322785 1
Nominal 456 465.5 arm_L_2 0.507866919 0.00011844933 0.86143595 0 0.534298241 0.784367621 -0.315107942 0 -0.675719678 0.620296121 0.398290813 0 0.297792733 0.974086702 -0.367301375 1
Nominal 456 465.5 hand_L 0.898058176 0.000138401985 -0.439877123 0 -0.158976823 0.93250823 -0.324276 0 0.410144389 0.361148477 0.837468743 0 0.375056833 1.17783892 -0.413749009 1
Nominal 456 465.5 foot_R 1.86703066e-11 4.37113847e-08 1 0 0.999999821 -0.000427126884 0 0 0.000427126855 0.999999881 -4.37113883e-08 0 0.0800294429 0.0691533759 0.489755809 1
Nominal 456 465.5 foot_L 3.42285418e-08 4.37113918e-08 1 0 0.99999994 -7.48088699e-16 -3.42285453e-08 0 -7.48088541e-16 1 -4.37113918e-08 0 0.0799999833 0.0688500032 -0.340000004 1
Nominal 456 466.0 root 1 0 0 0 0 1 0 0 0 0 1 0 0 0 0 1
Nominal 456 466.0 pelvis 0.957228839 1.37467191e-06 0.289331943 0 -4.29154774e-08 1 -4.60921092e-06 0 -0.289331943 4.39965288e-06 0.957228839 0 0.0323607698 0.529755831 0.102933161 1
Nominal 456 466.0 chest 0.980310559 0.000215890512 -0.197461754 0 -0.000212158586 1 4.00543067e-05 0 0.197461784 2.62755248e-06 0.980310559 0 0.0323607624 0.929755807 0.102933168 1
Nominal 456 466.0 head 0.999891639 2.56164867e-09 0.0147190541 0 4.59604621e-09 1 -4.86973477e-07 0 -0.0147190541 4.86995987e-07 0.999891639 0 0.0322802216 1.30875349 0.10294798 1
Nominal 456 466.0 arm_R_0 0.794763982 -3.84729356e-06 0.606918633 0 0.606902719 -0.00726014003 -0.794743001 0 0.00440938724 0.999973655 -0.00576772168 0 0.0859579816 0.929753125 0.372624874 1
Nominal 456 466.0 arm_R_1 0.915260136 -2.55256891e-05 0.402863473 0 0.400431544 0.109770745 -0.909727871 0 -0.0441993959 0.993956923 0.100479051 0 0.250184596 0.837490559 0.156727925 1
Nominal 456 466.0 arm_R_2 0.984011471 -5.02774492e-05 0.178105146 0 0.173918426 0.215821326 -0.960819066 0 -0.0383905768 0.97643286 0.212379441 0 0.356632829 0.86633873 -0.0858355612 1
Nominal 456 466.0 hand_R 0.890428603 0.000196322799 -0.455122828 0 -0.168723404 0.928886831 -0.329699457 0 0.422692955 0.370363683 0.82714045 0 0.40530315 1.0163033 -0.355064422 1
Nominal 456 466.0 bat_grip 0.890428603 0.00019627341 -0.455122769 0 -0.16872339 0.928886771 -0.329699576 0 0.422692925 0.370363772 0.82714045 0 0.40530315 1.0163033 -0.355064422 1
Nominal 456 466.0 bat_barrel 0.890428662 0.000196259891 -0.45512265 0 -0.168723002 0.92888701 -0.32969895 0 0.422692955 0.370363086 0.827140749 0 0.260201007 1.81514597 -0.638606071 1
Nominal 456 466.0 bat_tip 0.890428543 0.000196240289 -0.455122828 0 -0.16872339 0.928886771 -0.329699576 0 0.422693014 0.370363772 0.827140391 0 0.202835083 2.13096762 -0.750703812 1
Nominal 456 466.0 arm_L_0 0.520517647 6.91413879e-05 0.853850901 0 0.832744479 0.220928058 -0.507668972 0 -0.188674673 0.97529012 0.114939287 0 -0.0212365557 0.929753244 -0.16675885 1
Nominal 456 466.0 arm_L_1 0.519047678 0.000105381012 0.854745448 0 0.756702781 0.464971155 -0.459568322 0 -0.397480249 0.885325909 0.241262361 0 0.169155061 0.890121579 -0.283752441 1
Nominal 456 466.0 arm_L_2 0.51558733 0.000101104379 0.856837213 0 0.526116192 0.789252102 -0.316674799 0 -0.676292419 0.614069343 0.406875134 0 0.30177024 0.971606016 -0.365190595 1
Nominal 456 466.0 hand_L 0.890428901 0.0001963377 -0.45512262 0 -0.1687233 0.928886771 -0.329699904 0 0.422692776 0.370363772 0.827140689 0 0.376620531 1.17421472 -0.411113501 1
Nominal 456 466.0 foot_R 1.27456249e-11 4.37113847e-08 1 0 0.999999881 -0.000291585922 0 0 0.000291585893 0.99999994 -4.37113883e-08 0 0.0800200999 0.069057174 0.489833504 1
Nominal 456 466.0 foot_L 3.42285418e-08 4.37113918e-08 1 0 0.99999994 -7.48088699e-16 -3.42285453e-08 0 -7.48088541e-16 1 -4.37113918e-08 0 0.0799999833 0.0688500032 -0.340000004 1
Nominal 456 466.5 root 1 0 0 0 0 1 0 0 0 0 1 0 0 0 0 1
Nominal 456 466.5 pelvis 0.946942091 1.42073895e-06 0.321404278 0 -3.490889e-08 1 -4.31756052e-06 0 -0.321404278 4.07725975e-06 0.946942091 0 0.0344478339 0.52974242 0.104863182 1
Nominal 456 466.5 chest 0.985244632 0.00067948841 -0.171150804 0 -0.000669833506 0.999999762 0.000114159557 0 0.171150893 2.16738954e-06 0.98524487 0 0.0344478264 0.929742336 0.104863182 1
Nominal 456 466.5 head 0.999861896 -1.35275309e-06 0.0166242272 0 1.23903897e-06 1 6.84540919e-06 0 -0.0166241676 -6.82393647e-06 0.999861896 0 0.0341937505 1.30874002 0.104905486 1
Nominal 456 466.5 arm_R_0 0.784877419 -7.54371285e-08 0.619651198 0 0.619609952 -0.0115322694 -0.784825146 0 0.00714605441 0.999933481 -0.00905132666 0 0.0808282346 0.929739237 0.375902861 1
Nominal 456 466.5 arm_R_1 0.907955587 -3.53939831e-05 0.419066668 0 0.416751117 0.105049931 -0.90293014 0 -0.043990951 0.994466841 0.0953954607 0 0.249666512 0.836304903 0.161239147 1
Nominal 456 466.5 arm_R_2 0.980745494 -5.97564504e-05 0.195290491 0 0.190864325 0.21198611 -0.958453298 0 -0.0413415693 0.97727263 0.207915872 0 0.360731125 0.86397481 -0.0800896659 1
Nominal 456 466.5 hand_R 0.865878344 0.00195141882 -0.500250757 0 -0.205570891 0.913046896 -0.352258623 0 0.456065178 0.407849997 0.790988743 0 0.414025396 1.01275408 -0.348080665 1
Nominal 456 466.5 bat_grip 0.865878344 0.0019513712 -0.500250757 0 -0.205570877 0.913046837 -0.352258712 0 0.456065148 0.407850087 0.790988743 0 0.414025396 1.01275408 -0.348080665 1
Nominal 456 466.5 bat_barrel 0.865878403 0.00195136317 -0.500250638 0 -0.205570459 0.913047075 -0.352258116 0 0.456065208 0.407849401 0.790989041 0 0.237234414 1.79797435 -0.651023149 1
Nominal 456 466.5 bat_tip 0.865878284 0.00195133477 -0.500250816 0 -0.205570877 0.913046837 -0.352258712 0 0.456065238 0.407850087 0.790988684 0 0.167340338 2.10841036 -0.770791054 1
Nominal 456 466.5 arm_L_0 0.522239387 0.00015924871 0.852799058 0 0.832994819 0.214161605 -0.510151625 0 -0.182717964 0.976798177 0.111710802 0 -0.0119326692 0.92974031 -0.166176811 1
Nominal 456 466.5 arm_L_1 0.521526158 0.000200986862 0.853235543 0 0.757119775 0.460984647 -0.462885618 0 -0.393421352 0.887408078 0.240263239 0 0.176163226 0.887962222 -0.282259583 1
Nominal 456 466.5 arm_L_2 0.520011842 0.000199660659 0.854159355 0 0.521390378 0.792008638 -0.317607433 0 -0.676564813 0.610509753 0.411749542 0 0.30647403 0.967303991 -0.362797678 1
Nominal 456 466.5 hand_L 0.865804791 0.00138619542 -0.500380099 0 -0.205128178 0.913090706 -0.352403045 0 0.456404209 0.407753944 0.790842772 0 0.379006684 1.16782558 -0.407876909 1
Nominal 456 466.5 foot_R 8.25391231e-12 4.37113883e-08 1 0 0.99999994 -0.000188827515 0 0 0.0001888275 1 -4.37113883e-08 0 0.0800130069 0.0689841658 0.489892244 1
Nominal 456 466.5 foot_L 3.42285418e-08 4.37113918e-08 1 0 0.99999994 -7.48088699e-16 -3.42285453e-08 0 -7.48088541e-16 1 -4.37113918e-08 0 0.0799999833 0.0688500032 -0.340000004 1
Nominal 456 467.0 root 1 0 0 0 0 1 0 0 0 0 1 0 0 0 0 1
Nominal 456 467.0 pelvis 0.935581088 1.45592242e-06 0.353111953 0 -3.67286397e-08 1 -4.02580508e-06 0 -0.353111953 3.75349782e-06 0.935581088 0 0.0365349017 0.529729009 0.106793202 1
Nominal 456 467.0 chest 0.989472508 0.00114307075 -0.144717008 0 -0.00113174785 0.999999344 0.000160566793 0 0.144717097 4.90678576e-06 0.989473045 0 0.036534898 0.929728925 0.10679321 1
Nominal 456 467.0 head 0.999828339 1.25034489e-08 0.01852943 0 -6.21105301e-09 1 -3.39700364e-07 0 -0.0185294449 3.39593498e-07 0.999828279 0 0.036105711 1.30872655 0.106852517 1
Nominal 456 467.0 arm_R_0 0.774785817 -3.57860699e-05 0.632223785 0 0.632144451 -0.0158094689 -0.774689257 0 0.0100228591 0.999875009 -0.0122262891 0 0.0756646544 0.929726303 0.378987849 1
Nominal 456 467.0 arm_R_1 0.900365531 -7.02030957e-05 0.43513447 0 0.432945251 0.100329123 -0.895819366 0 -0.0435937718 0.994954288 0.0903633088 0 0.249111176 0.835101306 0.165652588 1
Nominal 456 467.0 arm_R_2 0.977180898 -9.53413546e-05 0.212408647 0 0.207775384 0.208155915 -0.955772161 0 -0.0441229939 0.97809571 0.203425825 0 0.364779353 0.861586869 -0.0743491575 1
Nominal 456 467.0 hand_R 0.838978469 0.000689953566 -0.544164181 0 -0.242397279 0.895780861 -0.372586161 0 0.487194717 0.444495738 0.751707971 0 0.422669619 1.00918841 -0.341016352 1
Nominal 456 467.0 bat_grip 0.838978469 0.000689907931 -0.544164181 0 -0.242397279 0.895780802 -0.37258625 0 0.487194687 0.444495827 0.751707971 0 0.422669619 1.00918841 -0.341016352 1
Nominal 456 467.0 bat_barrel 0.838978529 0.000689905311 -0.544164062 0 -0.242396861 0.8957811 -0.372585684 0 0.487194777 0.444495171 0.751708329 0 0.214207932 1.77955985 -0.661440492 1
Nominal 456 467.0 bat_tip 0.83897841 0.000689868175 -0.54416424 0 -0.242397279 0.895780802 -0.37258625 0 0.487194777 0.444495827 0.751707911 0 0.131792873 2.08412552 -0.788119793 1
Nominal 456 467.0 arm_L_0 0.52395767 6.50584698e-05 0.851744413 0 0.833221138 0.207378864 -0.512578785 0 -0.176667064 0.978260696 0.108603433 0 -0.0025949399 0.929726481 -0.165401667 1
Nominal 456 467.0 arm_L_1 0.523998976 0.000102177262 0.851719201 0 0.757558703 0.456983328 -0.466123998 0 -0.389268935 0.889475286 0.239381254 0 0.183189481 0.885832727 -0.280561119 1
Nominal 456 467.0 arm_L_2 0.524420977 0.000103875995 0.851459384 0 0.516744256 0.794745207 -0.318364173 0 -0.676726162 0.60694319 0.416727275 0 0.311197281 0.963054717 -0.36016503 1
Nominal 456 467.0 hand_L 0.838978648 0.000690072775 -0.544164062 0 -0.242397159 0.895780683 -0.372586459 0 0.487194657 0.444495589 0.751708269 0 0.381462246 1.16147113 -0.404356092 1
Nominal 456 467.0 foot_R 3.76219975e-12 4.37113883e-08 1 0 0.99999994 -8.60691071e-05 0 0 8.60690998e-05 1 -4.37113883e-08 0 0.080005914 0.068911165 0.489951015 1
Nominal 456 467.0 foot_L 3.42285418e-08 4.37113918e-08 1 0 0.99999994 -7.48088699e-16 -3.42285453e-08 0 -7.48088541e-16 1 -4.37113918e-08 0 0.0799999833 0.0688500032 -0.340000004 1
Nominal 456 467.5 root 1 0 0 0 0 1 0 0 0 0 1 0 0 0 0 1
Nominal 456 467.5 pelvis 0.92381686 1.54230986e-06 0.382834733 0 1.26702266e-08 1 -4.05923129e-06 0 -0.382834733 3.75483683e-06 0.92381686 0 0.0385967121 0.529723287 0.108483747 1
Nominal 456 467.5 chest 0.992911816 0.00196765549 -0.118837118 0 -0.00195396203 0.999998093 0.000231742393 0 0.118837386 2.1032738e-06 0.992913783 0 0.0385967121 0.929723322 0.108483739 1
Nominal 456 467.5 head 0.999790549 -1.71424585e-06 0.0204670578 0 1.46968694e-06 1 1.19725373e-05 0 -0.0204670206 -1.19401657e-05 0.999790549 0 0.0378559344 1.30872071 0.108569607 1
Nominal 456 467.5 arm_R_0 0.760655403 -4.10159118e-05 0.649155915 0 0.649016678 -0.020664271 -0.760493517 0 0.0134455347 0.999786437 -0.0156917274 0 0.0706343651 0.929720163 0.381620139 1
Nominal 456 467.5 arm_R_1 0.889755368 -8.92691314e-05 0.456437856 0 0.454376429 0.0951048285 -0.885718346 0 -0.0433303863 0.995467126 0.0846606269 0 0.249880284 0.833735645 0.170844018 1
Nominal 456 467.5 arm_R_2 0.972038925 -0.000112039968 0.234819382 0 0.229892418 0.204226986 -0.951546609 0 -0.0478498489 0.97892344 0.198542386 0 0.371361077 0.858853102 -0.0665929392 1
Nominal 456 467.5 hand_R 0.811342776 0.00302793086 -0.584562778 0 -0.295865297 0.864575922 -0.406167567 0 0.504169047 0.502492845 0.702363551 0 0.43507877 1.00507927 -0.330688149 1
Nominal 456 467.5 bat_grip 0.811342776 0.00302788825 -0.584562778 0 -0.295865297 0.864575863 -0.406167656 0 0.504168987 0.502492905 0.702363551 0 0.43507877 1.00507927 -0.330688149 1
Nominal 456 467.5 bat_barrel 0.811342835 0.0030278943 -0.584562719 0 -0.29586482 0.864576161 -0.40616712 0 0.504169106 0.502492249 0.702363908 0 0.180634588 1.74861455 -0.679992318 1
Nominal 456 467.5 bat_tip 0.811342716 0.00302784331 -0.584562838 0 -0.295865297 0.864575863 -0.406167656 0 0.504169047 0.502492905 0.702363491 0 0.0800403953 2.04257059 -0.818089247 1
Nominal 456 467.5 arm_L_0 0.523397446 0.00020416081 0.852088749 0 0.835660517 0.195294693 -0.513353288 0 -0.16651313 0.9807446 0.102046028 0 0.00655899988 0.929721653 -0.164652973 1
Nominal 456 467.5 arm_L_1 0.523181319 0.000235259533 0.85222137 0 0.76224494 0.447096318 -0.468068063 0 -0.381134987 0.894485831 0.233733013 0 0.190417573 0.88256216 -0.278417826 1
Nominal 456 467.5 arm_L_2 0.52290827 0.0002348423 0.852388859 0 0.517623246 0.794414341 -0.317761183 0 -0.677224457 0.607376158 0.415284187 0 0.316493064 0.956512749 -0.356642485 1
Nominal 456 467.5 hand_L 0.811292768 0.00222706795 -0.584635854 0 -0.295358896 0.864558458 -0.406573296 0 0.504546583 0.502527237 0.702067733 0 0.384778082 1.15168858 -0.399433851 1
Nominal 456 467.5 foot_R 1.88109988e-12 4.37113883e-08 1 0 0.99999994 -4.30345535e-05 0 0 4.30345499e-05 1 -4.37113883e-08 0 0.0800029486 0.0688805804 0.489975512 1
Nominal 456 467.5 foot_L 3.42285418e-08 4.37113918e-08 1 0 0.99999994 -7.48088699e-16 -3.42285453e-08 0 -7.48088541e-16 1 -4.37113918e-08 0 0.0799999833 0.0688500032 -0.340000004 1
Nominal 456 468.0 root 1 0 0 0 0 1 0 0 0 0 1 0 0 0 0 1
Nominal 456 468.0 pelvis 0.911108553 1.6286964e-06 0.412166446 0 6.31122816e-08 1 -4.09106224e-06 0 -0.412166446 3.7534146e-06 0.911108553 0 0.0406585187 0.529717565 0.110174298 1
Nominal 456 468.0 chest 0.995673716 0.00279224128 -0.0928759277 0 -0.00278055575 0.999996126 0.000255221501 0 0.0928763151 4.1293124e-06 0.99567759 0 0.0406585261 0.92971772 0.110174283 1
Nominal 456 468.0 head 0.999748886 1.61610103e-08 0.0224049017 0 -9.98795713e-09 1 -2.98961822e-07 0 -0.0224048644 2.98667146e-07 0.999748886 0 0.0396045111 1.30871451 0.110268652 1
Nominal 456 468.0 arm_R_0 0.746152818 -5.9927348e-05 0.665774524 0 0.66555649 -0.02552405 -0.745910764 0 0.0170379709 0.999674201 -0.019004913 0 0.0655814558 0.929715276 0.384067684 1
Nominal 456 468.0 arm_R_1 0.878642321 -0.000105511397 0.477480292 0 0.475556254 0.0898737535 -0.875082016 0 -0.042820625 0.995953083 0.0790171325 0 0.25059244 0.832350612 0.176008567 1
Nominal 456 468.0 arm_R_2 0.966384947 -0.00013435632 0.257098556 0 0.251914799 0.200291172 -0.946795702 0 -0.0513673723 0.979736328 0.19359228 0 0.377825171 0.856096506 -0.0587169975 1
Nominal 456 468.0 hand_R 0.781645954 0.000431463122 -0.623721898 0 -0.34839341 0.829758108 -0.436031491 0 0.517350137 0.558122993 0.648727536 0 0.44727999 1.00095844 -0.320108175 1
Nominal 456 468.0 bat_grip 0.781645954 0.000431424094 -0.623721898 0 -0.34839341 0.829758048 -0.43603158 0 0.517350078 0.558123052 0.648727536 0 0.44727999 1.00095844 -0.320108175 1
Nominal 456 468.0 bat_barrel 0.781646013 0.000431439112 -0.623721838 0 -0.348392934 0.829758406 -0.436031103 0 0.517350256 0.558122456 0.648727953 0 0.147661626 1.71455038 -0.695095301 1
Nominal 456 468.0 bat_tip 0.781645894 0.000431374181 -0.623721957 0 -0.34839341 0.829758048 -0.43603158 0 0.517350137 0.558123052 0.648727477 0 0.0292078555 1.99666834 -0.843346 1
Nominal 456 468.0 arm_L_0 0.52283293 5.2511692e-05 0.852435112 0 0.838007927 0.183170348 -0.513995528 0 -0.15616776 0.983081222 0.0957233906 0 0.0157355573 0.929715514 -0.163719445 1
Nominal 456 468.0 arm_L_1 0.522359192 8.46534967e-05 0.852725506 0 0.766914487 0.437144697 -0.469836891 0 -0.372804075 0.899391294 0.228281572 0 0.197619334 0.879340231 -0.276078254 1
Nominal 456 468.0 arm_L_2 0.521389842 9.15974379e-05 0.853318512 0 0.518624067 0.794076622 -0.316972077 0 -0.677629292 0.607817709 0.413975835 0 0.321726233 0.950080276 -0.352881342 1
Nominal 456 468.0 hand_L 0.781646073 0.00043156743 -0.623721838 0 -0.34839353 0.829758286 -0.436031669 0 0.517350137 0.558122933 0.648727477 0 0.388053358 1.1420176 -0.394233495 1
Nominal 456 468.0 foot_R 0 4.37113883e-08 1 0 0.99999994 0 0 0 0 1 -4.37113883e-08 0 0.0799999833 0.0688500032 0.49000001 1
Nominal 456 468.0 foot_L 3.42285418e-08 4.37113918e-08 1 0 0.99999994 -7.48088699e-16 -3.42285453e-08 0 -7.48088541e-16 1 -4.37113918e-08 0 0.0799999833 0.0688500032 -0.340000004 1
Nominal 456 468.5 root 1 0 0 0 0 1 0 0 0 0 1 0 0 0 0 1
Nominal 456 468.5 pelvis 0.898611963 1.5741989e-06 0.438744307 0 1.35736418e-08 1 -3.61576508e-06 0 -0.438744307 3.25512497e-06 0.898611963 0 0.0425705351 0.529718459 0.111597352 1
Nominal 456 468.5 chest 0.997736335 0.00384966773 -0.0671384037 0 -0.00384116871 0.999992609 0.000255682506 0 0.0671389401 2.78586617e-06 0.997743607 0 0.0425705351 0.929718554 0.111597344 1
Nominal 456 468.5 head 0.999705374 -1.29083514e-06 0.0242759809 0 9.47084004e-07 1 1.41772616e-05 0 -0.0242759436 -1.41505006e-05 0.999705255 0 0.0411146097 1.30871379 0.11169114 1
Nominal 456 468.5 arm_R_0 0.730208695 -6.98450021e-05 0.683224142 0 0.682901084 -0.030676946 -0.729866385 0 0.0210102201 0.999529302 -0.0223528314 0 0.0604434088 0.929715753 0.386043549 1
Nominal 456 468.5 arm_R_1 0.866248727 -0.000128924847 0.499613106 0 0.497840434 0.0843860582 -0.863153279 0 -0.0420491062 0.996433079 0.0731635392 0 0.251281708 0.830885351 0.181411237 1
Nominal 456 468.5 arm_R_2 0.959827304 -0.000152563676 0.280591309 0 0.275163263 0.196256906 -0.941152573 0 -0.0549244061 0.980552495 0.188414752 0 0.384358138 0.853156149 -0.049880445 1
Nominal 456 468.5 hand_R 0.765136242 0.00219276547 -0.643864512 0 -0.397472501 0.788316488 -0.469651639 0 0.506539226 0.615266085 0.6040411 0 0.459673166 0.996535599 -0.307829589 1
Nominal 456 468.5 bat_grip 0.765136242 0.00219273032 -0.643864512 0 -0.397472501 0.788316429 -0.469651729 0 0.506539166 0.615266144 0.6040411 0 0.459673166 0.996535599 -0.307829589 1
Nominal 456 468.5 bat_barrel 0.765136302 0.00219275476 -0.643864453 0 -0.397472024 0.788316846 -0.469651282 0 0.506539345 0.615265548 0.604041517 0 0.117846787 1.67448771 -0.711730063 1
Nominal 456 468.5 bat_tip 0.765136182 0.00219267537 -0.643864572 0 -0.397472501 0.788316429 -0.469651729 0 0.506539226 0.615266144 0.60404104 0 -0.0172938704 1.94251549 -0.871411681 1
Nominal 456 468.5 arm_L_0 0.519495189 0.000208243728 0.854473472 0 0.842431664 0.167167515 -0.512214899 0 -0.14294681 0.985928476 0.0866671801 0 0.0246976316 0.929717004 -0.162849143 1
Nominal 456 468.5 arm_L_1 0.517404497 0.000203534961 0.855741143 0 0.775535822 0.422579437 -0.469010681 0 -0.361713946 0.906325936 0.218486577 0 0.205001175 0.875378013 -0.27322042 1
Nominal 456 468.5 arm_L_2 0.511793017 0.000161364675 0.859108865 0 0.52485472 0.791626453 -0.31281805 0 -0.680143714 0.611005366 0.405063987 0 0.327528715 0.942138374 -0.348051906 1
Nominal 456 468.5 hand_L 0.765143573 0.00165006518 -0.643857479 0 -0.39717567 0.788274586 -0.469973326 0 0.506761193 0.615321398 0.603798509 0 0.392239064 1.13013744 -0.387406826 1
Nominal 456 468.5 foot_R 0 4.37113883e-08 1 0 0.99999994 0 0 0 0 1 -4.37113883e-08 0 0.0799999833 0.0688500032 0.49000001 1
Nominal 456 468.5 foot_L 3.42285418e-08 4.37113918e-08 1 0 0.99999994 -7.48088699e-16 -3.42285453e-08 0 -7.48088541e-16 1 -4.37113918e-08 0 0.0799999833 0.0688500032 -0.340000004 1
Nominal 456 469.0 root 1 0 0 0 0 1 0 0 0 0 1 0 0 0 0 1
Nominal 456 469.0 pelvis 0.885340214 1.50509231e-06 0.464943737 0 -4.99012067e-08 1 -3.14212775e-06 0 -0.464943737 2.75865091e-06 0.885340214 0 0.0444825515 0.529719353 0.113020405 1
Nominal 456 469.0 chest 0.999132395 0.00490707485 -0.0413561463 0 -0.00490309112 0.99998796 0.000197754009 0 0.0413566232 5.19055493e-06 0.999144375 0 0.0444825515 0.929719508 0.11302039 1
Nominal 456 469.0 head 0.999658048 2.98171017e-08 0.0261470601 0 -2.03465049e-08 1 -3.56147666e-07 0 -0.0261470638 3.55554221e-07 0.999658048 0 0.0426242575 1.30871272 0.113091484 1
Nominal 456 469.0 arm_R_0 0.713853598 -8.65999609e-05 0.700294733 0 0.69984293 -0.0358331278 -0.713397324 0 0.025155548 0.9993577 -0.0255189594 0 0.0552933663 0.929717422 0.387837917 1
Nominal 456 469.0 arm_R_1 0.853298724 -0.000141747296 0.521422148 0 0.519806683 0.0788912922 -0.850633204 0 -0.0410151072 0.996883154 0.0673915595 0 0.251894325 0.829403281 0.186798289 1
Nominal 456 469.0 arm_R_2 0.952700675 -0.000170812011 0.30390957 0 0.29827401 0.192213833 -0.934925735 0 -0.0582559556 0.981353045 0.183173254 0 0.390717149 0.850200117 -0.0409078225 1
Nominal 456 469.0 hand_R 0.747948647 0.000267803669 -0.66375643 0 -0.444345534 0.743067384 -0.500407457 0 0.493081719 0.669216514 0.555895269 0 0.471762031 0.992112398 -0.295279741 1
Nominal 456 469.0 bat_grip 0.747948647 0.000267772499 -0.663756371 0 -0.444345534 0.743067324 -0.500407577 0 0.493081659 0.669216573 0.555895209 0 0.471762031 0.992112398 -0.295279741 1
Nominal 456 469.0 bat_barrel 0.747948706 0.000267806143 -0.663756251 0 -0.444345087 0.743067741 -0.500407159 0 0.493081897 0.669216037 0.555895686 0 0.0896248221 1.63115025 -0.725630224 1
Nominal 456 469.0 bat_tip 0.747948587 0.000267712661 -0.66375643 0 -0.444345534 0.743067324 -0.500407577 0 0.493081719 0.669216573 0.55589515 0 -0.0614525974 1.88379335 -0.895768881 1
Nominal 456 469.0 arm_L_0 0.51614219 3.16500664e-05 0.856502891 0 0.846665323 0.151108503 -0.510219634 0 -0.129440919 0.988517165 0.0779665858 0 0.0336717106 0.929717481 -0.161797419 1
Nominal 456 469.0 arm_L_1 0.51242429 5.13643026e-05 0.858732462 0 0.784037709 0.407892406 -0.467876822 0 -0.350294352 0.913030088 0.208973691 0 0.212311566 0.871476829 -0.270171791 1
Nominal 456 469.0 arm_L_2 0.502123594 6.91860914e-05 0.864795923 0 0.531125367 0.789154649 -0.308448762 0 -0.682479024 0.614194572 0.396216333 0 0.333174735 0.934351385 -0.342990607 1
Nominal 456 469.0 hand_L 0.747948647 0.000267803669 -0.66375643 0 -0.444345713 0.743067384 -0.500407815 0 0.493081778 0.669216514 0.555895269 0 0.396223664 1.11843407 -0.3803491 1
Nominal 456 469.0 foot_R 0 4.37113883e-08 1 0 0.99999994 0 0 0 0 1 -4.37113883e-08 0 0.0799999833 0.0688500032 0.49000001 1
Nominal 456 469.0 foot_L 3.42285418e-08 4.37113918e-08 1 0 0.99999994 -7.48088699e-16 -3.42285453e-08 0 -7.48088541e-16 1 -4.37113918e-08 0 0.0799999833 0.0688500032 -0.340000004 1
Nominal 456 469.5 root 1 0 0 0 0 1 0 0 0 0 1 0 0 0 0 1
Nominal 456 469.5 pelvis 0.873044312 1.46727336e-06 0.487640977 0 -4.19799271e-08 1 -2.93376365e-06 0 -0.487640977 2.54083443e-06 0.873044312 0 0.0461364016 0.52972579 0.114160247 1
Nominal 456 469.5 chest 0.999862373 0.00604644977 -0.0154550672 0 -0.00604587421 0.999981701 8.40057619e-05 0 0.0154553056 9.44504427e-06 0.999880612 0 0.0461363904 0.929725826 0.11416024 1
Nominal 456 469.5 head 0.999612272 -5.16828777e-07 0.027847195 0 1.46982899e-07 0.99999994 1.32911937e-05 0 -0.027847182 -1.32821451e-05 0.999612272 0 0.0438453406 1.30871665 0.114185989 1
Nominal 456 469.5 arm_R_0 0.698243558 -0.00010061916 0.715860307 0 0.715257585 -0.0409314856 -0.69766134 0 0.0293714404 0.999161839 -0.0285081398 0 0.0498553216 0.929723859 0.389140368 1
Nominal 456 469.5 arm_R_1 0.840762496 -0.000167682767 0.541404247 0 0.539950609 0.0734915361 -0.838482141 0 -0.0396480411 0.997295737 0.0618795305 0 0.251488537 0.827949882 0.191885099 1
Nominal 456 469.5 arm_R_2 0.945586383 -0.000186720863 0.325371236 0 0.319587857 0.188240543 -0.928670585 0 -0.0610746741 0.982122898 0.178057432 0 0.395357907 0.847277522 -0.0320306867 1
Nominal 456 469.5 hand_R 0.743435204 0.00109969079 -0.668807149 0 -0.476562381 0.702486575 -0.528583944 0 0.469246835 0.711696148 0.5227772 0 0.481462657 0.987714052 -0.282606006 1
Nominal 456 469.5 bat_grip 0.743435204 0.00109966309 -0.668807089 0 -0.476562351 0.702486515 -0.528584063 0 0.469246775 0.711696208 0.52277714 0 0.481462657 0.987714052 -0.282606006 1
Nominal 456 469.5 bat_barrel 0.743435264 0.0010997043 -0.66880697 0 -0.476561904 0.702486992 -0.528583646 0 0.469247043 0.711695671 0.522777617 0 0.071619004 1.59185243 -0.73718828 1
Nominal 456 469.5 bat_tip 0.743435144 0.00109959941 -0.668807149 0 -0.476562351 0.702486515 -0.528584063 0 0.469246835 0.711696208 0.522777081 0 -0.0904121995 1.83069801 -0.916906893 1
Nominal 456 469.5 arm_L_0 0.511029243 0.000164940953 0.85956347 0 0.851744473 0.134477615 -0.506406486 0 -0.115675487 0.99091655 0.0685813725 0 0.0424173921 0.929723918 -0.160820186 1
Nominal 456 469.5 arm_L_1 0.504650831 0.000117659569 0.863323867 0 0.794167161 0.392101675 -0.464279145 0 -0.338565201 0.919921875 0.197780833 0 0.219616413 0.867607117 -0.266841143 1
Nominal 456 469.5 arm_L_2 0.485986859 4.48971987e-05 0.873966455 0 0.539530098 0.786684871 -0.300057143 0 -0.687549591 0.617354751 0.382293999 0 0.339044422 0.926586688 -0.337319165 1
Nominal 456 469.5 hand_L 0.743435323 0.000944703817 -0.668807089 0 -0.476480693 0.702487946 -0.528656125 0 0.469329596 0.711695015 0.522704482 0 0.400609285 1.10685098 -0.372326314 1
Nominal 456 469.5 foot_R 0 4.37113883e-08 1 0 0.99999994 0 0 0 0 1 -4.37113883e-08 0 0.0799999833 0.0688500032 0.49000001 1
Nominal 456 469.5 foot_L 3.42285418e-08 4.37113918e-08 1 0 0.99999994 -7.48088699e-16 -3.42285453e-08 0 -7.48088541e-16 1 -4.37113918e-08 0 0.0799999833 0.0688500032 -0.340000004 1
Nominal 456 470.0 root 1 0 0 0 0 1 0 0 0 0 1 0 0 0 0 1
Nominal 456 470.0 pelvis 0.860166609 1.42384431e-06 0.510013163 0 -3.94394988e-08 1 -2.7252629e-06 0 -0.510013163 2.32406546e-06 0.860166609 0 0.0477902554 0.529732287 0.115300089 1
Nominal 456 470.0 chest 0.999919534 0.00718580978 0.0104560256 0 -0.0071852752 0.999974191 -8.87226779e-05 0 -0.0104563832 1.35860382e-05 0.999945402 0 0.0477902442 0.929732084 0.115300097 1
Nominal 456 470.0 head 0.999563336 1.81958626e-08 0.0295471922 0 -3.30116734e-09 1 -5.33835191e-07 0 -0.029547181 5.33446837e-07 0.999563396 0 0.0450678356 1.30871999 0.115258165 1
Nominal 456 470.0 arm_R_0 0.68229109 -0.000131266192 0.731080711 0 0.730301559 -0.046031639 -0.68157208 0 0.0337423198 0.998939931 -0.0313110687 0 0.044416111 0.929730177 0.390259832 1
Nominal 456 470.0 arm_R_1 0.827759445 -0.000194445252 0.561083317 0 0.559792042 0.068088755 -0.825830817 0 -0.0380428806 0.997679174 0.0564699881 0 0.251003742 0.826484025 0.196918428 1
Nominal 456 470.0 arm_R_2 0.937991023 -0.000212782994 0.34665972 0 0.34076035 0.184264809 -0.92191577 0 -0.0636810064 0.982876599 0.172911286 0 0.399813175 0.844348609 -0.0230895393 1
Nominal 456 470.0 hand_R 0.73874557 0.000138401985 -0.673984289 0 -0.506663918 0.659568965 -0.555212319 0 0.444462389 0.751644075 0.48732394 0 0.490844727 0.983328223 -0.26976347 1
Nominal 456 470.0 bat_grip 0.73874563 0.000138377844 -0.67398423 0 -0.506663918 0.659568906 -0.555212438 0 0.444462329 0.751644135 0.48732391 0 0.490844727 0.983328223 -0.26976347 1
Nominal 456 470.0 bat_barrel 0.738745749 0.000138426491 -0.67398411 0 -0.506663442 0.659569383 -0.55521208 0 0.444462627 0.751643658 0.487324417 0 0.0551137328 1.55055749 -0.747246146 1
Nominal 456 470.0 bat_tip 0.73874557 0.000138310643 -0.673984289 0 -0.506663918 0.659568906 -0.555212438 0 0.444462389 0.751644135 0.48732385 0 -0.117151976 1.77481115 -0.936018407 1
Nominal 456 470.0 arm_L_0 0.505889297 -1.75088644e-05 0.862598419 0 0.856593728 0.117798075 -0.50236553 0 -0.101603538 0.993037462 0.0596076548 0 0.0511642732 0.929730237 -0.159659997 1
Nominal 456 470.0 arm_L_1 0.496824861 -2.71499157e-05 0.8678509 0 0.8041085 0.376182556 -0.460322231 0 -0.326457739 0.926545501 0.186918631 0 0.226830065 0.863801301 -0.263327718 1
Nominal 456 470.0 arm_L_2 0.469669998 1.23679638e-05 0.882842064 0 0.547813535 0.784193218 -0.291446775 0 -0.692322493 0.620516479 0.368305266 0 0.344718963 0.918987155 -0.331439853 1
Nominal 456 470.0 hand_L 0.738745511 0.000138431787 -0.673984587 0 -0.506663799 0.659569085 -0.555212319 0 0.444462419 0.751643717 0.487323701 0 0.404712319 1.09545493 -0.364149421 1
Nominal 456 470.0 foot_R 0 4.37113883e-08 1 0 0.99999994 0 0 0 0 1 -4.37113883e-08 0 0.0799999833 0.0688500032 0.49000001 1
Nominal 456 470.0 foot_L 3.42285418e-08 4.37113918e-08 1 0 0.99999994 -7.48088699e-16 -3.42285453e-08 0 -7.48088541e-16 1 -4.37113918e-08 0 0.0799999833 0.0688500032 -0.340000004 1
Nominal 456 470.5 root 1 0 0 0 0 1 0 0 0 0 1 0 0 0 0 1
Nominal 456 470.5 pelvis 0.849161088 1.35564881e-06 0.528133929 0 -2.2324862e-08 1 -2.53097073e-06 0 -0.528133929 2.13741146e-06 0.849161088 0 0.0491057001 0.529743195 0.116154253 1
Nominal 456 470.5 chest 0.999401152 0.00824106671 0.0336073637 0 -0.00823569298 0.999966025 -0.000298322178 0 -0.033608675 2.13626754e-05 0.999435186 0 0.0491056889 0.929743111 0.116154253 1
Nominal 456 470.5 head 0.999520361 1.25185863e-07 0.0309689045 0 -4.26664315e-07 0.99999994 9.75030707e-06 0 -0.030968897 -9.75976218e-06 0.999520421 0 0.0459861234 1.3087281 0.116030402 1
Nominal 456 470.5 arm_R_0 0.66899693 -0.000140027143 0.743265212 0 0.742306471 -0.0506476089 -0.66814363 0 0.0377381667 0.998716533 -0.0337791108 0 0.0394017808 0.929741621 0.390927404 1
Nominal 456 470.5 arm_R_1 0.816878557 -0.000208247453 0.576809824 0 0.575664639 0.063272804 -0.815234125 0 -0.0363266021 0.997996211 0.0518061221 0 0.249664798 0.825185895 0.201167196 1
Nominal 456 470.5 arm_R_2 0.931556165 -0.00021517463 0.363597423 0 0.357646018 0.180731505 -0.91620177 0 -0.0655163527 0.983532429 0.168438584 0 0.402159065 0.841733754 -0.0152557213 1
Nominal 456 470.5 hand_R 0.741952956 0.000190600753 -0.670451939 0 -0.521882176 0.627928197 -0.57736057 0 0.420885593 0.778271198 0.465992808 0 0.496882975 0.979391932 -0.258341432 1
Nominal 456 470.5 bat_grip 0.741953015 0.000190579158 -0.67045188 0 -0.521882176 0.627928138 -0.57736069 0 0.420885533 0.778271258 0.465992779 0 0.496882975 0.979391932 -0.258341432 1
Nominal 456 470.5 bat_barrel 0.741953135 0.000190632956 -0.67045176 0 -0.521881759 0.627928674 -0.577360332 0 0.420885831 0.778270781 0.465993285 0 0.0480642617 1.51941013 -0.754871607 1
Nominal 456 470.5 bat_tip 0.741952956 0.000190509571 -0.670451939 0 -0.521882176 0.627928138 -0.57736069 0 0.420885593 0.778271258 0.465992719 0 -0.129375637 1.73290586 -0.951174319 1
Nominal 456 470.5 arm_L_0 0.500823855 7.2196126e-05 0.865549386 0 0.860890567 0.103572726 -0.498136967 0 -0.0896831676 0.994621813 0.0518094003 0 0.0588095486 0.929741085 -0.15861918 1
Nominal 456 470.5 arm_L_1 0.488898605 -2.86102295e-06 0.872340798 0 0.813011885 0.36248827 -0.455647022 0 -0.31621182 0.931988239 0.177222222 0 0.233117282 0.86065644 -0.260075748 1
Nominal 456 470.5 arm_L_2 0.45175603 -1.59144402e-05 0.8921417 0 0.554895461 0.783036947 -0.280970007 0 -0.698575258 0.621975005 0.353750467 0 0.349653751 0.912672698 -0.325984389 1
Nominal 456 470.5 hand_L 0.741927266 0.000228196383 -0.670480371 0 -0.521906018 0.627957284 -0.577307522 0 0.420901418 0.778247595 0.466017842 0 0.408266395 1.08599472 -0.356444001 1
Nominal 456 470.5 foot_R 0 4.37113883e-08 1 0 0.99999994 0 0 0 0 1 -4.37113883e-08 0 0.0799999833 0.0688500032 0.49000001 1
Nominal 456 470.5 foot_L 3.42285418e-08 4.37113918e-08 1 0 0.99999994 -7.48088699e-16 -3.42285453e-08 0 -7.48088541e-16 1 -4.37113918e-08 0 0.0799999833 0.0688500032 -0.340000004 1
Nominal 456 471.0 root 1 0 0 0 0 1 0 0 0 0 1 0 0 0 0 1
Nominal 456 471.0 pelvis 0.83777386 1.28351132e-06 0.546017349 0 -9.33290956e-09 1 -2.33635888e-06 0 -0.546017349 1.95224447e-06 0.83777386 0 0.0504211448 0.529754102 0.117008418 1
Nominal 456 471.0 chest 0.998345733 0.00929631945 0.0567404628 0 -0.00927980524 0.999956787 -0.000554530416 0 -0.056743145 2.70731944e-05 0.998388767 0 0.0504211336 0.929754019 0.117008418 1
Nominal 456 471.0 head 0.99947536 3.0206138e-08 0.0323907733 0 -4.32112301e-09 1 -8.19360139e-07 0 -0.0323907472 8.19374691e-07 0.999475241 0 0.0469069183 1.30873561 0.116785027 1
Nominal 456 471.0 arm_R_0 0.65548259 -0.000170085463 0.75521028 0 0.754050076 -0.0552646816 -0.654487789 0 0.0418477915 0.998471618 -0.0360967442 0 0.0343942121 0.929752409 0.391449213 1
Nominal 456 471.0 arm_R_1 0.805699766 -0.000233154744 0.592324197 0 0.591322303 0.0584568009 -0.804313719 0 -0.0344378501 0.998289824 0.0472365282 0 0.248264998 0.823881567 0.205343202 1
Nominal 456 471.0 arm_R_2 0.924817741 -0.000236345455 0.380410582 0 0.374429256 0.177201018 -0.910166144 0 -0.0671940446 0.98417455 0.163967133 0 0.404357582 0.839121759 -0.00742926029 1
Nominal 456 471.0 hand_R 0.74505794 -0.000336423516 -0.666999638 0 -0.535804093 0.595266223 -0.598808885 0 0.397244006 0.803528309 0.443327546 0 0.502672493 0.975476384 -0.246867806 1
Nominal 456 471.0 bat_grip 0.745058 -0.000336442521 -0.666999578 0 -0.535804093 0.595266163 -0.598809004 0 0.397243947 0.803528368 0.443327516 0 0.502672493 0.975476384 -0.246867806 1
Nominal 456 471.0 bat_barrel 0.745058119 -0.000336383702 -0.666999459 0 -0.535803676 0.5952667 -0.598808646 0 0.397244245 0.803527951 0.443328053 0 0.0418809354 1.4874053 -0.761843562 1
Nominal 456 471.0 bat_tip 0.74505794 -0.000336514349 -0.666999638 0 -0.535804093 0.595266163 -0.598809004 0 0.397244006 0.803528368 0.443327457 0 -0.140292466 1.68979597 -0.965438604 1
Nominal 456 471.0 arm_L_0 0.495733559 -7.20620155e-05 0.868474722 0 0.865006864 0.089318037 -0.493746608 0 -0.0775347799 0.996003151 0.0443401635 0 0.0664480627 0.929752409 -0.157432631 1
Nominal 456 471.0 arm_L_1 0.48092109 -0.000117987394 0.876763999 0 0.821751535 0.348704994 -0.450698793 0 -0.305678666 0.937232673 0.167796448 0 0.23932828 0.857562721 -0.256685942 1
Nominal 456 471.0 arm_L_2 0.433646739 6.85453415e-07 0.901082933 0 0.561770737 0.781871438 -0.270353079 0 -0.704531133 0.623439848 0.339055479 0 0.354431391 0.906487048 -0.320383757 1
Nominal 456 471.0 hand_L 0.745057821 -0.00033646822 -0.666999638 0 -0.535804093 0.595266342 -0.598808825 0 0.397244096 0.803528428 0.443327546 0 0.411585957 1.07667172 -0.348665029 1
Nominal 456 471.0 foot_R 0 4.37113883e-08 1 0 0.99999994 0 0 0 0 1 -4.37113883e-08 0 0.0799999833 0.0688500032 0.49000001 1
Nominal 456 471.0 foot_L 3.42285418e-08 4.37113918e-08 1 0 0.99999994 -7.48088699e-16 -3.42285453e-08 0 -7.48088541e-16 1 -4.37113918e-08 0 0.0799999833 0.0688500032 -0.340000004 1
Nominal 456 471.5 root 1 0 0 0 0 1 0 0 0 0 1 0 0 0 0 1
Nominal 456 471.5 pelvis 0.82926017 1.18742832e-06 0.558862686 0 -2.18382752e-08 1 -2.09231848e-06 0 -0.558862686 1.72287184e-06 0.82926017 0 0.0513580441 0.529768467 0.117588632 1
Nominal 456 471.5 chest 0.997206211 0.0100935837 0.0740125477 0 -0.0100648226 0.999949038 -0.000761566684 0 -0.0740164816 1.45152608e-05 0.997256994 0 0.051358033 0.929768443 0.117588632 1
Nominal 456 471.5 head 0.999441147 1.55177361e-07 0.0334281363 0 -3.31566298e-07 0.99999994 5.31718433e-06 0 -0.0334281474 -5.32578179e-06 0.999441087 0 0.0475451313 1.30874765 0.117291793 1
Nominal 456 471.5 arm_R_0 0.645600617 -0.000116855721 0.763675153 0 0.762352288 -0.0587373674 -0.644491136 0 0.0449315943 0.998273432 -0.0378317535 0 0.0306121372 0.929767072 0.39179045 1
Nominal 456 471.5 arm_R_1 0.797477961 -0.000175826252 0.603348136 0 0.60244751 0.0548495129 -0.796271324 0 -0.032953348 0.998494565 0.0438472405 0 0.24700281 0.8229177 0.208417162 1
Nominal 456 471.5 arm_R_2 0.919806004 -0.000189213082 0.392373621 0 0.386380136 0.174552664 -0.905671716 0 -0.0683184788 0.98464781 0.160627708 0 0.405620128 0.837175369 -0.0016206759 1
Nominal 456 471.5 hand_R 0.749226987 -6.91115856e-05 -0.662313104 0 -0.542965412 0.572583973 -0.614277005 0 0.37927255 0.819846094 0.42895776 0 0.506463468 0.972544849 -0.238323152 1
Nominal 456 471.5 bat_grip 0.749227047 -6.91288078e-05 -0.662313044 0 -0.542965412 0.572583914 -0.614277124 0 0.379272491 0.819846153 0.428957731 0 0.506463468 0.972544849 -0.238323152 1
Nominal 456 471.5 bat_barrel 0.749227166 -6.90666275e-05 -0.662312925 0 -0.542964995 0.57258445 -0.614276826 0 0.379272819 0.819845736 0.428958267 0 0.0395131707 1.46496701 -0.766601503 1
Nominal 456 471.5 bat_tip 0.749226987 -6.92021058e-05 -0.662313104 0 -0.542965412 0.572583914 -0.614277124 0 0.37927255 0.819846153 0.428957671 0 -0.14509505 1.6596458 -0.975455761 1
Nominal 456 471.5 arm_L_0 0.491849184 3.45632434e-05 0.870680392 0 0.86796701 0.0788681358 -0.490319669 0 -0.0686857849 0.996885061 0.0387611091 0 0.0721039772 0.929766715 -0.156613424 1
Nominal 456 471.5 arm_L_1 0.474769056 -1.23381615e-05 0.880110443 0 0.828138173 0.338557512 -0.446728408 0 -0.297962338 0.940945745 0.160746783 0 0.243943647 0.855311513 -0.254189581 1
Nominal 456 471.5 arm_L_2 0.41926378 -7.7188015e-06 0.907864451 0 0.566642106 0.781308174 -0.261676311 0 -0.70931983 0.624145508 0.327578485 0 0.358009547 0.901962817 -0.316214055 1
Nominal 456 471.5 hand_L 0.749209285 -2.75373459e-05 -0.662333369 0 -0.542989969 0.572604656 -0.614236057 0 0.379272133 0.819831729 0.428985417 0 0.414212286 1.06981826 -0.342731535 1
Nominal 456 471.5 foot_R 0 4.37113883e-08 1 0 0.99999994 0 0 0 0 1 -4.37113883e-08 0 0.0799999833 0.0688500032 0.49000001 1
Nominal 456 471.5 foot_L 3.42285418e-08 4.37113918e-08 1 0 0.99999994 -7.48088699e-16 -3.42285453e-08 0 -7.48088541e-16 1 -4.37113918e-08 0 0.0799999833 0.0688500032 -0.340000004 1
Nominal 456 472.0 root 1 0 0 0 0 1 0 0 0 0 1 0 0 0 0 1
Nominal 456 472.0 pelvis 0.820549548 1.08782206e-06 0.571575403 0 -3.81027974e-08 1 -1.84849944e-06 0 -0.571575403 1.49500681e-06 0.820549548 0 0.0522949398 0.529782832 0.118168846 1
Nominal 456 472.0 chest 0.995767355 0.010890808 0.09126243 0 -0.0108453138 0.999940693 -0.000994419679 0 -0.0912678838 4.41613849e-07 0.995826423 0 0.0522949286 0.929782748 0.118168853 1
Nominal 456 472.0 head 0.999405861 3.7468304e-09 0.0344657451 0 -4.42624781e-09 1 1.54109614e-08 0 -0.0344657898 -1.47509809e-08 0.999405921 0 0.0481848791 1.30875909 0.11778874 1
Nominal 456 472.0 arm_R_0 0.635607898 -7.71981431e-05 0.772012055 0 0.770513773 -0.0622108579 -0.634380341 0 0.0480765253 0.998062909 -0.0394821875 0 0.0268334504 0.929781258 0.392050505 1
Nominal 456 472.0 arm_R_1 0.789105833 -0.000126887113 0.614257336 0 0.613455474 0.0512424968 -0.788065076 0 -0.0313760974 0.998686075 0.0405136347 0 0.245705858 0.821950734 0.211445659 1
Nominal 456 472.0 arm_R_2 0.914640665 -0.00015485473 0.404267699 0 0.398273826 0.171906561 -0.90101397 0 -0.0693567693 0.985113084 0.157294467 0 0.406800091 0.835231304 0.0041743191 1
Nominal 456 472.0 hand_R 0.753317058 -2.23517418e-07 -0.657657623 0 -0.549478114 0.549477994 -0.629402637 0 0.361368537 0.835507989 0.413931042 0 0.510116875 0.969625831 -0.229763195 1
Nominal 456 472.0 bat_grip 0.753317118 -2.38958449e-07 -0.657657564 0 -0.549478114 0.549477935 -0.629402757 0 0.361368477 0.835508049 0.413931012 0 0.510116875 0.969625831 -0.229763195 1
Nominal 456 472.0 bat_barrel 0.753317237 -1.73474234e-07 -0.657657444 0 -0.549477696 0.549478471 -0.629402459 0 0.361368805 0.835507631 0.413931549 0 0.0375656486 1.44217682 -0.771049619 1
Nominal 456 472.0 bat_tip 0.753317058 -3.13658688e-07 -0.657657623 0 -0.549478114 0.549477935 -0.629402757 0 0.361368537 0.835508049 0.413930953 0 -0.149256885 1.62899959 -0.985046566 1
Nominal 456 472.0 arm_L_0 0.487951338 1.38431787e-05 0.872870922 0 0.870825887 0.0684041828 -0.486809403 0 -0.0597146749 0.997657657 0.0333657563 0 0.0777564868 0.929781258 -0.155713037 1
Nominal 456 472.0 arm_L_1 0.468588561 2.01016665e-05 0.883416593 0 0.834429145 0.328363866 -0.442611963 0 -0.290090829 0.944551349 0.153850719 0 0.248517454 0.853088081 -0.251618028 1
Nominal 456 472.0 arm_L_2 0.404768378 1.52885914e-05 0.914419413 0 0.571374118 0.780741155 -0.25293231 0 -0.71392858 0.624854505 0.316010505 0 0.361501157 0.897508323 -0.311967313 1
Nominal 456 472.0 hand_L 0.753316879 5.96046448e-08 -0.657657623 0 -0.549478173 0.549478173 -0.629402757 0 0.361368567 0.835507989 0.413931251 0 0.416705757 1.06303716 -0.336761594 1
Nominal 456 472.0 foot_R 0 4.37113883e-08 1 0 0.99999994 0 0 0 0 1 -4.37113883e-08 0 0.0799999833 0.0688500032 0.49000001 1
Nominal 456 472.0 foot_L 3.42285418e-08 4.37113918e-08 1 0 0.99999994 -7.48088699e-16 -3.42285453e-08 0 -7.48088541e-16 1 -4.37113918e-08 0 0.0799999833 0.0688500032 -0.340000004 1
Nominal 456 472.5 root 1 0 0 0 0 1 0 0 0 0 1 0 0 0 0 1
Nominal 456 472.5 pelvis 0.813531399 1.019313e-06 0.581521094 0 -1.04460618e-07 1 -1.6067022e-06 0 -0.581521094 1.24635665e-06 0.813531399 0 0.0529849157 0.529799521 0.118562564 1
Nominal 456 472.5 chest 0.994308591 0.011590831 0.105906785 0 -0.0115238298 0.999932826 -0.00124457665 0 -0.105914116 1.70418571e-05 0.994375348 0 0.0529849119 0.929799438 0.118562572 1
Nominal 456 472.5 head 0.999377012 3.94275048e-07 0.0352951139 0 -5.13245368e-07 1 3.41233499e-06 0 -0.0352951363 -3.42754902e-06 0.999376953 0 0.0486199819 1.30877256 0.118082061 1
Nominal 456 472.5 arm_R_0 0.622448266 -0.000202663185 0.782660842 0 0.780893385 -0.0670103803 -0.621059835 0 0.0525722764 0.997752249 -0.0415521935 0 0.0235400572 0.929798424 0.391950428 1
Nominal 456 472.5 arm_R_1 0.778634489 -0.000239670277 0.627477765 0 0.626800418 0.0467536002 -0.777775884 0 -0.0291504636 0.998906374 0.0365542322 0 0.244180962 0.820729017 0.216014817 1
Nominal 456 472.5 arm_R_2 0.908669651 -0.00019945018 0.417515814 0 0.411521196 0.169276953 -0.895542026 0 -0.0704972297 0.985568464 0.153898939 0 0.407052517 0.832765758 0.0134165455 1
Nominal 456 472.5 hand_R 0.760284245 -0.000366151333 -0.649590492 0 -0.551567137 0.527868748 -0.645854771 0 0.34313488 0.849325895 0.401128322 0 0.512146711 0.965917706 -0.215848714 1
Nominal 456 472.5 bat_grip 0.760284305 -0.000366165128 -0.649590433 0 -0.551567137 0.527868688 -0.64585489 0 0.34313482 0.849325955 0.401128262 0 0.512146711 0.965917706 -0.215848714 1
Nominal 456 472.5 bat_barrel 0.760284424 -0.000366096647 -0.649590313 0 -0.55156678 0.527869284 -0.645854592 0 0.343135148 0.849325538 0.401128829 0 0.0377989411 1.4198848 -0.771283984 1
Nominal 456 472.5 bat_tip 0.760284245 -0.00036624106 -0.649590492 0 -0.551567137 0.527868688 -0.64585489 0 0.34313488 0.849325955 0.401128203 0 -0.149733901 1.59936035 -0.990874648 1
Nominal 456 472.5 arm_L_0 0.476074874 -0.00025048852 0.879404902 0 0.878046274 0.055701226 -0.475323588 0 -0.0488648117 0.998447418 0.0267378092 0 0.0824298114 0.929797888 -0.154825479 1
Nominal 456 472.5 arm_L_1 0.449122995 -0.000538706779 0.893470049 0 0.847820759 0.315810472 -0.425986081 0 -0.281937569 0.9488222 0.142294407 0 0.252249122 0.850584388 -0.247274742 1
Nominal 456 472.5 arm_L_2 0.354678273 -0.000385522842 0.934988499 0 0.584916294 0.780246198 -0.221560404 0 -0.729435682 0.625472426 0.276961744 0 0.364315748 0.892473817 -0.30415386 1
Nominal 456 472.5 hand_L 0.760263562 0.00022059679 -0.649614751 0 -0.551720202 0.528123856 -0.64551574 0 0.342934668 0.849167347 0.401634723 0 0.418519646 1.05559075 -0.32547909 1
Nominal 456 472.5 foot_R 0 4.37113883e-08 1 0 0.99999994 0 0 0 0 1 -4.37113883e-08 0 0.0799999833 0.0688500032 0.49000001 1
Nominal 456 472.5 foot_L -5.00651467e-08 4.37113883e-08 1 0 0.99999994 1.0942086e-15 5.00651502e-08 0 1.09420849e-15 1 -4.37113883e-08 0 0.0799999833 0.0688500032 -0.340000033 1
Nominal 456 473.0 root 1 0 0 0 0 1 0 0 0 0 1 0 0 0 0 1
Nominal 456 473.0 pelvis 0.806392729 9.47781928e-07 0.591380358 0 -1.73756689e-07 1 -1.36572976e-06 0 -0.591380358 9.98558335e-07 0.806392729 0 0.0536748953 0.52981621 0.118956275 1
Nominal 456 473.0 chest 0.992633879 0.012290881 0.120527774 0 -0.0121974265 0.999924481 -0.00151313422 0 -0.120537251 3.18593338e-05 0.992708802 0 0.053674899 0.929816127 0.118956275 1
Nominal 456 473.0 head 0.999347329 3.63449999e-08 0.0361243561 0 2.61525201e-09 1 -1.06803054e-06 0 -0.0361243337 1.06712469e-06 0.999347329 0 0.0490571149 1.3087858 0.118368469 1
Nominal 456 473.0 arm_R_0 0.60910815 -0.000319817191 0.793087065 0 0.791025877 -0.0718061924 -0.607554018 0 0.057142891 0.997418463 -0.0434847213 0 0.0202557296 0.929814994 0.391792357 1
Nominal 456 473.0 arm_R_1 0.767943025 -0.000344455242 0.640518069 0 0.639957011 0.0422641039 -0.767247438 0 -0.0268066414 0.999106288 0.0326768979 0 0.242566884 0.819520056 0.22053805 1
Nominal 456 473.0 arm_R_2 0.902508855 -0.000252543017 0.430670768 0 0.424686611 0.166647404 -0.889870763 0 -0.0715454519 0.986016393 0.150508076 0 0.407099962 0.830336273 0.0226171799 1
Nominal 456 473.0 hand_R 0.767128229 -0.00083860755 -0.641493261 0 -0.553010702 0.505928576 -0.661978245 0 0.325104922 0.862574816 0.387648374 0 0.513855398 0.962265849 -0.201969996 1
Nominal 456 473.0 bat_grip 0.767128289 -0.000838619715 -0.641493201 0 -0.553010702 0.505928516 -0.661978364 0 0.325104862 0.862574875 0.387648314 0 0.513855398 0.962265849 -0.201969996 1
Nominal 456 473.0 bat_barrel 0.767128408 -0.000838548294 -0.641493082 0 -0.553010345 0.505929112 -0.661978066 0 0.32510519 0.862574518 0.38764888 0 0.0382661521 1.39736438 -0.771271408 1
Nominal 456 473.0 bat_tip 0.767128289 -0.00083869684 -0.641493261 0 -0.553010702 0.505928516 -0.661978364 0 0.325104922 0.862574875 0.387648255 0 -0.149757504 1.56938028 -0.99634409 1
Nominal 456 473.0 arm_L_0 0.464103341 -0.000530362129 0.88578099 0 0.884972751 0.0429902375 -0.46365422 0 -0.0378339291 0.999075294 0.0204211622 0 0.0870940685 0.929814935 -0.15388 1
Nominal 456 473.0 arm_L_1 0.429425031 -0.000895872712 0.903102219 0 0.860707521 0.303199291 -0.408965707 0 -0.273453355 0.952926755 0.130972356 0 0.255880833 0.848132491 -0.242902875 1
Nominal 456 473.0 arm_L_2 0.303534865 -0.000133782625 0.95282042 0 0.596549213 0.779779315 -0.189929992 0 -0.742964029 0.626054466 0.236769885 0 0.366890222 0.887562811 -0.296370208 1
Nominal 456 473.0 hand_L 0.76712811 -0.000838458538 -0.64149344 0 -0.553010941 0.505928695 -0.661978304 0 0.32510519 0.862574935 0.387648284 0 0.419843554 1.04827368 -0.314506322 1
Nominal 456 473.0 foot_R 0 4.37113883e-08 1 0 0.99999994 0 0 0 0 1 -4.37113883e-08 0 0.0799999833 0.0688500032 0.49000001 1
Nominal 456 473.0 foot_L -1.34358828e-07 4.37113918e-08 1 0 0.99999994 2.9365061e-15 1.34358842e-07 0 2.93650547e-15 1 -4.37113883e-08 0 0.0799999833 0.0688500032 -0.340000063 1
Nominal 456 473.5 root 1 0 0 0 0 1 0 0 0 0 1 0 0 0 0 1
Nominal 456 473.5 pelvis 0.799329162 8.15396731e-07 0.600893438 0 -1.44057736e-07 1 -1.16534341e-06 0 -0.600893438 8.44929616e-07 0.799329162 0 0.0543455556 0.529834151 0.119334087 1
Nominal 456 473.5 chest 0.990795851 0.0129730459 0.134742022 0 -0.0128508918 0.999915838 -0.00177633017 0 -0.134753704 2.84252928e-05 0.990879118 0 0.0543455407 0.929834068 0.119334087 1
Nominal 456 473.5 head 0.999317825 3.81720838e-07 0.0369321108 0 -4.89070771e-07 1 2.87167131e-06 0 -0.036932081 -2.88774572e-06 0.999317765 0 0.0494795218 1.3088007 0.118648425 1
Nominal 456 473.5 arm_R_0 0.595942736 -0.000284153852 0.803026795 0 0.8006621 -0.076478079 -0.594214797 0 0.0615828186 0.997071147 -0.0453490019 0 0.0170476697 0.929833293 0.391688079 1
Nominal 456 473.5 arm_R_1 0.757313967 -0.000307381153 0.65305084 0 0.652590752 0.0378910974 -0.756762385 0 -0.0245122015 0.999281704 0.0288960971 0 0.241079867 0.818332791 0.224982932 1
Nominal 456 473.5 arm_R_2 0.896321535 -0.000220872462 0.443404436 0 0.437427014 0.164086729 -0.884156644 0 -0.0725615174 0.986445725 0.147171155 0 0.407342374 0.827938378 0.0316149108 1
Nominal 456 473.5 hand_R 0.773756683 -0.000671774149 -0.633482337 0 -0.554012775 0.484216034 -0.677203476 0 0.307197332 0.874948025 0.374293268 0 0.515827417 0.958658457 -0.188419789 1
Nominal 456 473.5 bat_grip 0.773756742 -0.000671784626 -0.633482277 0 -0.554012716 0.484215945 -0.677203596 0 0.307197273 0.874948084 0.374293208 0 0.515827417 0.958658457 -0.188419789 1
Nominal 456 473.5 bat_barrel 0.773756862 -0.000671710353 -0.633482158 0 -0.554012358 0.484216571 -0.677203298 0 0.307197601 0.874947727 0.374293774 0 0.0393764377 1.37508416 -0.770814896 1
Nominal 456 473.5 bat_tip 0.773756742 -0.000671862857 -0.633482337 0 -0.554012716 0.484215945 -0.677203596 0 0.307197332 0.874948084 0.374293149 0 -0.148987889 1.53971779 -1.00106418 1
Nominal 456 473.5 arm_L_0 0.452355802 -0.000452302396 0.891837537 0 0.891426325 0.0305987 -0.452131778 0 -0.02708444 0.999531627 0.0142445564 0 0.091643393 0.929832876 -0.153020009 1
Nominal 456 473.5 arm_L_1 0.410036862 -0.000872522593 0.912068725 0 0.87274158 0.290855348 -0.392078519 0 -0.264937758 0.956766605 0.120022759 0 0.259512693 0.845697284 -0.238676175 1
Nominal 456 473.5 arm_L_2 0.252850413 -0.000428855419 0.967505395 0 0.606403291 0.779274583 -0.158133715 0 -0.753884435 0.626682401 0.197299778 0 0.369628012 0.88266468 -0.288764447 1
Nominal 456 473.5 hand_L 0.773737848 -0.000120788813 -0.633505762 0 -0.554148555 0.484475821 -0.676906824 0 0.30700022 0.874804616 0.374790192 0 0.421786815 1.04091573 -0.30340448 1
Nominal 456 473.5 foot_R 0 4.37113883e-08 1 0 0.99999994 0 0 0 0 1 -4.37113883e-08 0 0.0799999833 0.0688500032 0.49000001 1
Nominal 456 473.5 foot_L -5.00651431e-08 4.37113883e-08 1 0 0.99999994 1.0942086e-15 5.00651467e-08 0 1.09420828e-15 1 -4.37113883e-08 0 0.0799999833 0.0688500032 -0.340000033 1
Nominal 456 474.0 root 1 0 0 0 0 1 0 0 0 0 1 0 0 0 0 1
Nominal 456 474.0 pelvis 0.792153358 6.8120039e-07 0.610322118 0 -1.16735045e-07 1 -9.64618948e-07 0 -0.610322118 6.92880178e-07 0.792153358 0 0.0550162196 0.529852033 0.119711898 1
Nominal 456 474.0 chest 0.988753676 0.0136551932 0.148928285 0 -0.0134994108 0.999906778 -0.0020568734 0 -0.148942471 2.32970724e-05 0.988845825 0 0.0550161824 0.92985183 0.119711898 1
Nominal 456 474.0 head 0.999287546 3.94747985e-08 0.037739858 0 -1.47272203e-08 1 -6.59492798e-07 0 -0.0377398506 6.58570571e-07 0.999287546 0 0.0499037504 1.30881524 0.118921779 1
Nominal 456 474.0 arm_R_0 0.582613409 -0.000240636873 0.812749267 0 0.81005764 -0.0811460167 -0.580707967 0 0.0660911277 0.996702135 -0.0470817834 0 0.0138465595 0.929850936 0.391528636 1
Nominal 456 474.0 arm_R_1 0.746481955 -0.000262729824 0.665405452 0 0.665038049 0.0335179418 -0.746056736 0 -0.0221069977 0.999437988 0.0251953155 0 0.239507452 0.817156017 0.229386687 1
Nominal 456 474.0 arm_R_2 0.889956713 -0.000197311863 0.456044555 0 0.450084269 0.16152598 -0.878255904 0 -0.073489733 0.986868441 0.14384 0 0.407390356 0.825572014 0.0405781604 1
Nominal 456 474.0 hand_R 0.780259609 -0.000606149435 -0.62545532 0 -0.554414749 0.462215692 -0.692084432 0 0.289514691 0.886767387 0.360312253 0 0.517495394 0.955101073 -0.174896643 1
Nominal 456 474.0 bat_grip 0.780259669 -0.000606158283 -0.62545526 0 -0.55441469 0.462215602 -0.692084551 0 0.289514631 0.886767447 0.360312194 0 0.517495394 0.955101073 -0.174896643 1
Nominal 456 474.0 bat_barrel 0.780259788 -0.000606081274 -0.625455141 0 -0.554414332 0.462216228 -0.692084253 0 0.289514959 0.886767089 0.36031279 0 0.0406987369 1.35260653 -0.770089388 1
Nominal 456 474.0 bat_tip 0.780259669 -0.000606237561 -0.62545532 0 -0.55441469 0.462215602 -0.692084551 0 0.289514691 0.886767447 0.360312134 0 -0.147802293 1.5097599 -1.00539815 1
Nominal 456 474.0 arm_L_0 0.44052577 -0.000388883054 0.897739887 0 0.897594333 0.0182029307 -0.440446496 0 -0.0161701143 0.99983418 0.00836779177 0 0.0961857662 0.929851055 -0.152104899 1
Nominal 456 474.0 arm_L_1 0.390452296 -0.000657707453 0.920623004 0 0.884279668 0.278468579 -0.374839544 0 -0.25611788 0.960445106 0.109310165 0 0.263050258 0.843308568 -0.234420732 1
Nominal 456 474.0 arm_L_2 0.201448947 -0.000112652779 0.979499042 0 0.614383996 0.778837979 -0.126267955 0 -0.762856722 0.627225041 0.156965047 0 0.372137189 0.877878428 -0.281181037 1
Nominal 456 474.0 hand_L 0.780259669 -0.000606000423 -0.625455141 0 -0.55441469 0.462215841 -0.692084551 0 0.28951484 0.886767149 0.360312283 0 0.423244953 1.0336777 -0.292550981 1
Nominal 456 474.0 foot_R 0 4.37113883e-08 1 0 0.99999994 0 0 0 0 1 -4.37113883e-08 0 0.0799999833 0.0688500032 0.49000001 1
Nominal 456 474.0 foot_L 3.42285418e-08 4.37113918e-08 1 0 0.99999994 -7.48088699e-16 -3.42285453e-08 0 -7.48088541e-16 1 -4.37113918e-08 0 0.0799999833 0.0688500032 -0.340000004 1
Nominal 456 474.5 root 1 0 0 0 0 1 0 0 0 0 1 0 0 0 0 1
Nominal 456 474.5 pelvis 0.784968495 6.06662297e-07 0.619535744 0 -7.02334759e-08 1 -8.90233309e-07 0 -0.619535744 6.55293036e-07 0.784968495 0 0.0556548685 0.529870152 0.120065302 1
Nominal 456 474.5 chest 0.986486197 0.0143518876 0.163214862 0 -0.01415563 0.999897003 -0.0023654527 0 -0.163232058 2.30763653e-05 0.986587763 0 0.0556548387 0.929870069 0.120065302 1
Nominal 456 474.5 head 0.999257147 4.99710268e-07 0.0385395363 0 -6.18732429e-07 1 3.06459879e-06 0 -0.0385396034 -3.08680501e-06 0.999257147 0 0.0502939969 1.30883002 0.119159058 1
Nominal 456 474.5 arm_R_0 0.566177964 -0.000321796513 0.824282885 0 0.821166098 -0.0866627693 -0.56407088 0 0.0716161728 0.996237576 -0.0488022715 0 0.01058874 0.929869533 0.391266614 1
Nominal 456 474.5 arm_R_1 0.732848465 -0.000346105546 0.680391788 0 0.680127621 0.0282441936 -0.732549489 0 -0.0189635921 0.999600947 0.0209341496 0 0.237942517 0.815800726 0.234687582 1
Nominal 456 474.5 arm_R_2 0.881829858 -0.000224176794 0.471567452 0 0.465635866 0.158526346 -0.870662212 0 -0.0745607093 0.987354696 0.139897704 0 0.407531828 0.822836161 0.0514487103 1
Nominal 456 474.5 hand_R 0.786396921 -0.000450104475 -0.617721498 0 -0.554997742 0.438541472 -0.706865489 0 0.271214694 0.898710787 0.344617754 0 0.519345045 0.950987518 -0.158456936 1
Nominal 456 474.5 bat_grip 0.78639698 -0.000450111635 -0.617721438 0 -0.554997683 0.438541383 -0.706865609 0 0.271214634 0.898710847 0.344617695 0 0.519345045 0.950987518 -0.158456936 1
Nominal 456 474.5 bat_barrel 0.786397099 -0.000450031745 -0.617721319 0 -0.554997385 0.438542008 -0.70686537 0 0.271214962 0.898710549 0.344618291 0 0.042046994 1.32813311 -0.766361356 1
Nominal 456 474.5 bat_tip 0.78639698 -0.00045019199 -0.617721498 0 -0.554997683 0.438541383 -0.706865609 0 0.271214694 0.898710847 0.344617635 0 -0.146652222 1.47723734 -1.00669575 1
Nominal 456 474.5 arm_L_0 0.423042029 -0.000736683607 0.90610975 0 0.906106353 0.00325018167 -0.423037946 0 -0.0026332885 0.999994397 0.00204235315 0 0.10072089 0.929869175 -0.1511361 1
Nominal 456 474.5 arm_L_1 0.360462248 -0.00163799524 0.932772458 0 0.900329888 0.262058139 -0.347465098 0 -0.243871331 0.965050757 0.0959367454 0 0.266669273 0.840583384 -0.229110777 1
Nominal 456 474.5 arm_L_2 0.12373285 -0.00413879752 0.992307067 0 0.632123709 0.771170318 -0.075604558 0 -0.764924765 0.636615396 0.0980353653 0 0.374884009 0.87239331 -0.271502048 1
Nominal 456 474.5 hand_L 0.786405325 0.000456899405 -0.617710769 0 -0.555161059 0.439005554 -0.706449211 0 0.270855755 0.89848423 0.34548977 0 0.425250471 1.02543938 -0.278336287 1
Nominal 456 474.5 foot_R 0 4.37113883e-08 1 0 0.99999994 0 0 0 0 1 -4.37113883e-08 0 0.0799999833 0.0688500032 0.49000001 1
Nominal 456 474.5 foot_L -0.000330547249 -2.49811308e-07 0.99999994 0 0.999999881 -0.00014828908 0.00033054722 0 0.000148288964 1 2.98827842e-07 0 0.0800102204 0.0689069405 -0.340126932 1
Nominal 456 475.0 root 1 0 0 0 0 1 0 0 0 0 1 0 0 0 0 1
Nominal 456 475.0 pelvis 0.777676642 5.31689977e-07 0.628664434 0 -2.46042013e-08 1 -8.15309079e-07 0 -0.628664434 6.18579065e-07 0.777676642 0 0.0562935174 0.529888272 0.120418705 1
Nominal 456 475.0 chest 0.984011769 0.0150485719 0.177466631 0 -0.0148059344 0.999886751 -0.00269150967 0 -0.177487046 2.09170648e-05 0.984123111 0 0.056293495 0.929888248 0.120418712 1
Nominal 456 475.0 head 0.999225914 2.9166813e-08 0.0393389612 0 -1.88265403e-10 0.99999994 -6.94331902e-07 0 -0.0393389612 6.9327325e-07 0.999225914 0 0.0506864637 1.30884445 0.119389728 1
Nominal 456 475.0 arm_R_0 0.549511969 -0.000376109965 0.835485578 0 0.831910014 -0.0921731815 -0.547201633 0 0.0772151947 0.995742798 -0.0503373481 0 0.0073402226 0.929887652 0.390948683 1
Nominal 456 475.0 arm_R_1 0.718916655 -0.000400584191 0.695096076 0 0.694919348 0.0229671504 -0.718720555 0 -0.0156764816 0.999736071 0.0167898759 0 0.236251786 0.814462662 0.239941269 1
Nominal 456 475.0 arm_R_2 0.873436153 -0.000246001408 0.486938417 0 0.481047183 0.155519471 -0.862790287 0 -0.0755161643 0.987832665 0.135954693 0 0.407385349 0.820148647 0.062267296 1
Nominal 456 475.0 hand_R 0.792406023 -0.000510424376 -0.609993637 0 -0.554936588 0.414571822 -0.721231878 0 0.253254354 0.910016358 0.328226 0 0.520741045 0.946947217 -0.142073169 1
Nominal 456 475.0 bat_grip 0.792406082 -0.000510429789 -0.609993577 0 -0.554936528 0.414571732 -0.721231997 0 0.253254294 0.910016418 0.32822594 0 0.520741045 0.946947217 -0.142073169 1
Nominal 456 475.0 bat_barrel 0.792406201 -0.000510347018 -0.609993458 0 -0.55493623 0.414572388 -0.721231759 0 0.253254622 0.910016119 0.328226537 0 0.0434955955 1.30347896 -0.762332678 1
Nominal 456 475.0 bat_tip 0.792406082 -0.000510511163 -0.609993577 0 -0.554936528 0.414571732 -0.721231997 0 0.253254354 0.910016418 0.328225881 0 -0.145182848 1.44443345 -1.00755167 1
Nominal 456 475.0 arm_L_0 0.405390322 -0.00101526082 0.914143145 0 0.914076269 -0.0117017925 -0.405373722 0 0.0111088306 0.999930978 -0.00381590426 0 0.105246715 0.929887652 -0.150111377 1
Nominal 456 475.0 arm_L_1 0.330056518 -0.00213417411 0.943958819 0 0.915226996 0.245577157 -0.319455266 0 -0.231132776 0.969374716 0.0830074549 0 0.27014032 0.837920487 -0.223789722 1
Nominal 456 475.0 arm_L_2 0.0450920612 -0.00635948777 0.998962641 0 0.645381272 0.763474822 -0.0242715776 0 -0.762528479 0.645806134 0.0385307372 0 0.377256364 0.867065251 -0.261912525 1
Nominal 456 475.0 hand_L 0.792405963 -0.000510334969 -0.609993756 0 -0.554936767 0.414571941 -0.721232057 0 0.253254533 0.910016298 0.32822594 0 0.426401973 1.01742446 -0.264682651 1
Nominal 456 475.0 foot_R 0 4.37113883e-08 1 0 0.99999994 0 0 0 0 1 -4.37113883e-08 0 0.0799999833 0.0688500032 0.49000001 1
Nominal 456 475.0 foot_L -0.000661128724 -4.9431236e-07 0.999999762 0 0.999999702 -0.000296578248 0.000661128608 0 0.000296577811 0.99999994 6.90388674e-07 0 0.0800204575 0.0689638853 -0.34025383 1
Nominal 456 475.5 root 1 0 0 0 0 1 0 0 0 0 1 0 0 0 0 1
Nominal 456 475.5 pelvis 0.770317197 4.53154314e-07 0.637660861 0 -2.26892141e-08 1 -6.83241524e-07 0 -0.637660861 5.11844632e-07 0.770317197 0 0.0568981245 0.529905558 0.120748073 1
Nominal 456 475.5 chest 0.981255293 0.0157760922 0.192065448 0 -0.0154762883 0.999875546 -0.00306113344 0 -0.192089826 3.12916236e-05 0.981377363 0 0.0568981171 0.929905593 0.120748073 1
Nominal 456 475.5 head 0.999194086 6.91646164e-07 0.0401383489 0 -8.14635314e-07 1 3.02871194e-06 0 -0.040138334 -3.0601841e-06 0.999194145 0 0.0510388725 1.30885732 0.119576015 1
Nominal 456 475.5 arm_R_0 0.528165758 -0.000551223522 0.849141121 0 0.844945014 -0.0989521965 -0.525619924 0 0.0843141079 0.995092094 -0.0517973565 0 0.00396701274 0.929905355 0.390469611 1
Nominal 456 475.5 arm_R_1 0.700699449 -0.000573702157 0.713456452 0 0.713367581 0.0163562447 -0.700599015 0 -0.0112675466 0.999866188 0.0118701123 0 0.234564543 0.812852263 0.246511728 1
Nominal 456 475.5 arm_R_2 0.862288475 -0.000321172178 0.506417155 0 0.500585496 0.151864126 -0.852262497 0 -0.0766328871 0.988401473 0.131111488 0 0.407407016 0.816900134 0.0759001151 1
Nominal 456 475.5 hand_R 0.798054993 -0.000539124012 -0.602584124 0 -0.555213928 0.387986273 -0.735665679 0 0.234191 0.921665132 0.309335053 0 0.522476375 0.94206661 -0.1213779 1
Nominal 456 475.5 bat_grip 0.798055053 -0.000539127504 -0.602584064 0 -0.555213869 0.387986183 -0.735665739 0 0.234190926 0.921665192 0.309334993 0 0.522476375 0.94206661 -0.1213779 1
Nominal 456 475.5 bat_barrel 0.798055112 -0.000539041706 -0.602583945 0 -0.555213571 0.387986839 -0.7356655 0 0.234191239 0.921664894 0.309335619 0 0.0449924171 1.27573466 -0.754050434 1
Nominal 456 475.5 bat_tip 0.798055053 -0.000539209927 -0.602584064 0 -0.555213869 0.387986183 -0.735665739 0 0.234191 0.921665192 0.309334934 0 -0.143780351 1.40765023 -1.00417686 1
Nominal 456 475.5 arm_L_0 0.37940827 -0.00159647316 0.925228059 0 0.924781799 -0.0304461718 -0.379277915 0 0.0287752748 0.999535084 -0.0100752115 0 0.109829217 0.929904819 -0.148973539 1
Nominal 456 475.5 arm_L_1 0.28423664 -0.00363922119 0.958747327 0 0.934824705 0.223074943 -0.276297718 0 -0.212866783 0.974794507 0.0668080747 0 0.273806423 0.834751964 -0.216897294 1
Nominal 456 475.5 arm_L_2 -0.0710253119 -0.0114936531 0.997408271 0 0.665460825 0.744331777 0.0559646487 0 -0.743045747 0.66771102 -0.0452179909 0 0.380086094 0.860683143 -0.249213815 1
Nominal 456 475.5 hand_L 0.798095942 0.000877141953 -0.602529526 0 -0.555405617 0.388761997 -0.735111296 0 0.233595967 0.921337724 0.310756475 0 0.428536266 1.00784135 -0.245914832 1
Nominal 456 475.5 foot_R 0 4.37113883e-08 1 0 0.99999994 0 0 0 0 1 -4.37113883e-08 0 0.0799999833 0.0688500032 0.49000001 1
Nominal 456 475.5 foot_L -0.00145570317 -8.81255858e-07 0.999998927 0 0.999998689 -0.000652848103 0.00145570235 0 0.000652846065 0.999999762 1.83160773e-06 0 0.0800455064 0.069100678 -0.340558857 1
Nominal 456 476.0 root 1 0 0 0 0 1 0 0 0 0 1 0 0 0 0 1
Nominal 456 476.0 pelvis 0.762853503 3.73383472e-07 0.646571338 0 -2.23094077e-08 1 -5.5116061e-07 0 -0.646571338 4.06030182e-07 0.762853503 0 0.057502728 0.529922783 0.121077441 1
Nominal 456 476.0 chest 0.978281677 0.0165036283 0.206621826 0 -0.0161392726 0.999863803 -0.00344894454 0 -0.206650645 3.931217e-05 0.978414774 0 0.057502728 0.929922819 0.121077441 1
Nominal 456 476.0 head 0.99916172 4.94555934e-08 0.040938139 0 -1.32422429e-08 1 -9.56082658e-07 0 -0.0409381539 9.53641575e-07 0.999161661 0 0.0513941534 1.30886996 0.119755469 1
Nominal 456 476.0 arm_R_0 0.506476164 -0.000662185019 0.862253606 0 0.857386172 -0.10572125 -0.50369823 0 0.0914920717 0.994395614 -0.0529775135 0 0.000606878428 0.929922342 0.389932036 1
Nominal 456 476.0 arm_R_1 0.682017148 -0.00067614764 0.731335819 0 0.731305838 0.0097349612 -0.681980073 0 -0.00665841624 0.999952376 0.00713390857 0 0.232678086 0.81126982 0.253023028 1
Nominal 456 476.0 arm_R_2 0.850712836 -0.000365082175 0.525630295 0 0.519873261 0.14818576 -0.841292202 0 -0.0775838047 0.988959491 0.126253366 0 0.406971395 0.813728034 0.0894474834 1
Nominal 456 476.0 hand_R 0.803571582 -0.000975698233 -0.595207214 0 -0.55476743 0.361084402 -0.749567211 0 0.215651438 0.932532728 0.28961584 0 0.523486912 0.937298596 -0.100794598 1
Nominal 456 476.0 bat_grip 0.803571641 -0.000975699804 -0.595207155 0 -0.55476737 0.361084312 -0.74956727 0 0.215651363 0.932532787 0.28961578 0 0.523486912 0.937298596 -0.100794598 1
Nominal 456 476.0 bat_barrel 0.803571701 -0.000975611038 -0.595207036 0 -0.554767072 0.361084968 -0.749567032 0 0.215651676 0.932532489 0.289616406 0 0.0463869274 1.24783111 -0.745422482 1
Nominal 456 476.0 bat_tip 0.803571641 -0.000975783158 -0.595207155 0 -0.55476737 0.361084312 -0.74956727 0 0.215651438 0.932532787 0.289615721 0 -0.142234087 1.37059999 -1.00027537 1
Nominal 456 476.0 arm_L_0 0.353108078 -0.00193651021 0.935580552 0 0.934416652 -0.0491792262 -0.352770716 0 0.0466944277 0.998788059 -0.0155562013 0 0.114398606 0.929922462 -0.147777155 1
Nominal 456 476.0 arm_L_1 0.237679839 -0.00407133996 0.971335053 0 0.951815069 0.200487167 -0.232063174 0 -0.193795189 0.97968787 0.0515267998 0 0.277224541 0.831668377 -0.210016549 1
Nominal 456 476.0 arm_L_2 -0.18658115 -0.0121777356 0.982364058 0 0.674876153 0.725070477 0.137167796 0 -0.713953495 0.688566864 -0.127066195 0 0.382272899 0.854526043 -0.236700386 1
Nominal 456 476.0 hand_L 0.803571701 -0.000975638628 -0.595207334 0 -0.554767489 0.36108458 -0.74956727 0 0.215651751 0.932532549 0.28961584 0 0.429176569 0.998683035 -0.228220925 1
Nominal 456 476.0 foot_R 0 4.37113883e-08 1 0 0.99999994 0 0 0 0 1 -4.37113883e-08 0 0.0799999833 0.0688500032 0.49000001 1
Nominal 456 476.0 foot_L -0.00225027604 -9.85116003e-07 0.999997497 0 0.999996901 -0.00100911781 0.00225027418 0 0.00100911292 0.999999464 3.2559069e-06 0 0.0800705552 0.0692374706 -0.340863883 1
Nominal 456 476.5 root 1 0 0 0 0 1 0 0 0 0 1 0 0 0 0 1
Nominal 456 476.5 pelvis 0.75536567 2.72502319e-07 0.655303538 0 -3.89839627e-09 1 -4.11347742e-07 0 -0.655303538 3.08163322e-07 0.75536567 0 0.0581038892 0.529938102 0.121410251 1
Nominal 456 476.5 chest 0.975121737 0.0172249433 0.220999897 0 -0.0167926755 0.999851644 -0.00383477379 0 -0.221033126 2.819164e-05 0.975266337 0 0.058103893 0.929938138 0.121410251 1
Nominal 456 476.5 head 0.999128938 6.67767381e-07 0.0417309701 0 -7.97768735e-07 1 3.11851909e-06 0 -0.0417309254 -3.1489526e-06 0.999128938 0 0.0517452806 1.30888093 0.119946413 1
Nominal 456 476.5 arm_R_0 0.484644294 -0.000494755805 0.874711215 0 0.869138539 -0.112429231 -0.481620222 0 0.0985813811 0.993659675 -0.0540581234 0 -0.00273656356 0.929938138 0.389463574 1
Nominal 456 476.5 arm_R_1 0.663033962 -0.000510558486 0.748589277 0 0.748586655 0.00318495184 -0.663029373 0 -0.00204573944 0.999994814 0.00249397382 0 0.231004789 0.809672832 0.259538651 1
Nominal 456 476.5 arm_R_2 0.838805139 -0.000277042389 0.544431746 0 0.538746417 0.144564852 -0.829971969 0 -0.0784758031 0.989495397 0.121411026 0 0.406990677 0.810508251 0.102959476 1
Nominal 456 476.5 hand_R 0.809039772 -0.000474780798 -0.587753892 0 -0.553851247 0.334102988 -0.76264286 0 0.196732372 0.942536592 0.270039499 0 0.525203586 0.932460845 -0.0802849308 1
Nominal 456 476.5 bat_grip 0.809039831 -0.000474780478 -0.587753832 0 -0.553851187 0.334102899 -0.76264292 0 0.196732298 0.942536652 0.270039439 0 0.525203586 0.932460845 -0.0802849308 1
Nominal 456 476.5 bat_barrel 0.809039891 -0.000474688859 -0.587753713 0 -0.553850949 0.334103584 -0.762642741 0 0.19673261 0.942536414 0.270040065 0 0.0488915145 1.21978939 -0.736157894 1
Nominal 456 476.5 bat_tip 0.809039831 -0.000474864733 -0.587753832 0 -0.553851187 0.334102899 -0.76264292 0 0.196732372 0.942536652 0.27003938 0 -0.139418006 1.33338451 -0.995456517 1
Nominal 456 476.5 arm_L_0 0.326746345 -0.00146157295 0.945111036 0 0.942909002 -0.0677363276 -0.326089829 0 0.0644951463 0.997702122 -0.0207545757 0 0.118944332 0.929937601 -0.146643072 1
Nominal 456 476.5 arm_L_1 0.191010356 -0.00334624946 0.981582463 0 0.966040075 0.177920803 -0.18737936 0 -0.174016684 0.984039068 0.0372172296 0 0.280861557 0.828529656 -0.203183338 1
Nominal 456 476.5 arm_L_2 -0.298391104 -0.0104742646 0.954386294 0 0.674990594 0.704646826 0.218770772 0 -0.674796581 0.709480762 -0.203190565 0 0.385081172 0.848208785 -0.224127993 1
Nominal 456 476.5 hand_L 0.80907923 0.00090238452 -0.587698996 0 -0.554004729 0.334906787 -0.762178838 0 0.196136951 0.942250729 0.271465927 0 0.431531847 0.989112735 -0.209533304 1
Nominal 456 476.5 foot_R 0 4.37113883e-08 1 0 0.99999994 0 0 0 0 1 -4.37113883e-08 0 0.0799999833 0.0688500032 0.49000001 1
Nominal 456 476.5 foot_L -0.00303901685 -8.07970878e-07 0.99999541 0 0.999994397 -0.00136238476 0.00303901313 0 0.00136237592 0.999999046 4.94827691e-06 0 0.0800959915 0.0693730861 -0.341166615 1
Nominal 456 477.0 root 1 0 0 0 0 1 0 0 0 0 1 0 0 0 0 1
Nominal 456 477.0 pelvis 0.747777879 1.70502091e-07 0.663949013 0 1.29031719e-08 1 -2.71332283e-07 0 -0.663949013 2.1146333e-07 0.747777879 0 0.0587050505 0.529953361 0.121743053 1
Nominal 456 477.0 chest 0.971749961 0.017946206 0.235329479 0 -0.0174385607 0.999838948 -0.00423828885 0 -0.235367656 1.47497958e-05 0.971906424 0 0.0587050542 0.929953277 0.121743053 1
Nominal 456 477.0 head 0.9990955 2.63469246e-08 0.0425236225 0 -7.96262611e-09 0.99999994 -3.72577233e-07 0 -0.0425236374 3.72649993e-07 0.99909544 0 0.0520991273 1.30889177 0.120130576 1
Nominal 456 477.0 arm_R_0 0.462504476 -0.000264535658 0.886616945 0 0.880289137 -0.119123563 -0.459239125 0 0.105738468 0.992879391 -0.0548622757 0 -0.00606873957 0.929953098 0.388937175 1
Nominal 456 477.0 arm_R_1 0.643620253 -0.000275075436 0.765345097 0 0.76534003 -0.00337098958 -0.643617332 0 0.00275702775 0.999994278 -0.00195907801 0 0.229135916 0.808099151 0.266004682 1
Nominal 456 477.0 arm_R_2 0.826489031 -0.000157315284 0.562952757 0 0.557353139 0.140922889 -0.818228841 0 -0.0792041868 0.990020573 0.116558947 0 0.406562626 0.80735606 0.116405517 1
Nominal 456 477.0 hand_R 0.814369023 -0.00037509203 -0.580347359 0 -0.552256584 0.306848288 -0.775149524 0 0.178369313 0.951758385 0.249680579 0 0.526211619 0.927725017 -0.0598602593 1
Nominal 456 477.0 bat_grip 0.814369082 -0.000375089818 -0.5803473 0 -0.552256525 0.306848198 -0.775149584 0 0.178369239 0.951758385 0.249680519 0 0.526211619 0.927725017 -0.0598602556 1
Nominal 456 477.0 bat_barrel 0.814369142 -0.000374995434 -0.58034724 0 -0.552256286 0.306848884 -0.775149405 0 0.178369552 0.951758146 0.24968116 0 0.0512709618 1.19161451 -0.726488888 1
Nominal 456 477.0 bat_tip 0.814369082 -0.000375174917 -0.5803473 0 -0.552256525 0.306848198 -0.775149584 0 0.178369313 0.951758385 0.249680474 0 -0.136496365 1.29594302 -0.990039885 1
Nominal 456 477.0 arm_L_0 0.300131351 -0.000749632716 0.953897655 0 0.950323403 -0.0862561166 -0.29907462 0 0.0825038552 0.996272683 -0.0251758844 0 0.123478778 0.929953158 -0.145451069 1
Nominal 456 477.0 arm_L_1 0.143876567 -0.00157403946 0.98959446 0 0.977609932 0.155393749 -0.141887039 0 -0.153553262 0.987851381 0.0238962471 0 0.284253299 0.825464368 -0.196350425 1
Nominal 456 477.0 arm_L_2 -0.4064354 -0.00467178226 0.913667619 0 0.664465487 0.68486172 0.29908222 0 -0.627133131 0.72865808 -0.275247902 0 0.387250185 0.84208709 -0.211694092 1
Nominal 456 477.0 hand_L 0.814369202 -0.00037497282 -0.58034718 0 -0.552256644 0.306848198 -0.775149703 0 0.178369343 0.951758385 0.249680534 0 0.432327896 0.979888976 -0.191635206 1
Nominal 456 477.0 foot_R 0 4.37113883e-08 1 0 0.99999994 0 0 0 0 1 -4.37113883e-08 0 0.0799999833 0.0688500032 0.49000001 1
Nominal 456 477.0 foot_L -0.00382775511 -3.52188977e-07 0.999992669 0 0.999991119 -0.00171565113 0.00382774905 0 0.00171563704 0.99999851 6.9192788e-06 0 0.0801214278 0.069508709 -0.341469377 1
Nominal 456 477.5 root 1 0 0 0 0 1 0 0 0 0 1 0 0 0 0 1
Nominal 456 477.5 pelvis 0.73959285 1.79271225e-07 0.673054516 0 -1.72692882e-08 1 -2.47378154e-07 0 -0.673054516 1.71335955e-07 0.73959285 0 0.059267804 0.529965639 0.122059673 1
Nominal 456 477.5 chest 0.968027711 0.0187079683 0.25014475 0 -0.0181065835 0.999825001 -0.00470535923 0 -0.250188977 2.56507738e-05 0.968196988 0 0.059267804 0.929965615 0.122059666 1
Nominal 456 477.5 head 0.999060988 9.91875368e-07 0.0433253646 0 -1.15021794e-06 1 3.60180456e-06 0 -0.0433253497 -3.64832886e-06 0.999060929 0 0.0524114519 1.30889881 0.120267391 1
Nominal 456 477.5 arm_R_0 0.439283401 -0.000414887443 0.898348391 0 0.891206801 -0.12564224 -0.43584913 0 0.113051347 0.992075562 -0.0548227541 0 -0.0095478138 0.929965734 0.388183057 1
Nominal 456 477.5 arm_R_1 0.621969402 -0.000489063561 0.783041477 0 0.782996237 -0.0103778904 -0.621939719 0 0.00843049586 0.999946058 -0.00607176125 0 0.22717686 0.806555748 0.272165984 1
Nominal 456 477.5 arm_R_2 0.811657369 -0.000305023044 0.584133804 0 0.578698099 0.136525199 -0.804033041 0 -0.0795037076 0.990636587 0.110988215 0 0.406149924 0.804245293 0.129498959 1
Nominal 456 477.5 hand_R 0.817673326 -6.08861446e-05 -0.575682402 0 -0.551862895 0.284592927 -0.783871293 0 0.163882911 0.958648562 0.232670426 0 0.527361512 0.923048377 -0.0398277268 1
Nominal 456 477.5 bat_grip 0.817673385 -6.08823866e-05 -0.575682342 0 -0.551862836 0.284592837 -0.783871353 0 0.163882837 0.958648562 0.232670367 0 0.527361512 0.923048377 -0.0398277231 1
Nominal 456 477.5 bat_barrel 0.817673445 -6.07857764e-05 -0.575682282 0 -0.551862597 0.284593523 -0.783871174 0 0.16388315 0.958648324 0.232671022 0 0.0527594388 1.16779828 -0.713957071 1
Nominal 456 477.5 bat_tip 0.817673385 -6.09680974e-05 -0.575682342 0 -0.551862836 0.284592837 -0.783871353 0 0.163882911 0.958648562 0.232670322 0 -0.134874046 1.26455998 -0.980473459 1
Nominal 456 477.5 arm_L_0 0.269726455 -0.00140944123 0.962936044 0 0.957601964 -0.10472694 -0.268385708 0 0.101223767 0.994500041 -0.0268980712 0 0.128083408 0.929965258 -0.144063711 1
Nominal 456 477.5 arm_L_1 0.0895337388 -0.00357450545 0.995977521 0 0.987481296 0.130704463 -0.0883009359 0 -0.129862875 0.991415024 0.015232116 0 0.287739098 0.822635472 -0.18921794 1
Nominal 456 477.5 arm_L_2 -0.49207285 -0.0112279952 0.87048167 0 0.658005774 0.649896622 0.380345583 0 -0.569993377 0.75993973 -0.312408566 0 0.389696777 0.836396873 -0.198772833 1
Nominal 456 477.5 hand_L 0.817512512 0.000225037336 -0.575910926 0 -0.552044034 0.285202831 -0.783522189 0 0.164075255 0.958467245 0.233281061 0 0.433898777 0.971291602 -0.172732785 1
Nominal 456 477.5 foot_R 0 4.37113883e-08 1 0 0.99999994 0 0 0 0 1 -4.37113883e-08 0 0.0799999833 0.0688500032 0.49000001 1
Nominal 456 477.5 foot_L -0.00565896463 -4.20483093e-06 0.999983966 0 0.999980688 -0.00253698858 0.00565893622 0 0.00253692386 0.999996781 1.8561479e-05 0 0.080182761 0.0698239654 -0.342171669 1
Nominal 456 478.0 root 1 0 0 0 0 1 0 0 0 0 1 0 0 0 0 1
Nominal 456 478.0 pelvis 0.731296957 1.87548409e-07 0.682059228 0 -4.7732744e-08 1 -2.23795226e-07 0 -0.682059228 1.31104215e-07 0.731296957 0 0.0598305613 0.529977858 0.1223763 1
Nominal 456 478.0 chest 0.964079022 0.0194697473 0.264901131 0 -0.0187648609 0.999810457 -0.00519155711 0 -0.264951974 3.42386084e-05 0.964261651 0 0.0598305576 0.929977775 0.122376285 1
Nominal 456 478.0 head 0.999025941 3.4677214e-08 0.0441271961 0 3.93629307e-09 1 -8.33082595e-07 0 -0.0441271514 8.329298e-07 0.999025941 0 0.0527275614 1.30890548 0.120397061 1
Nominal 456 478.0 arm_R_0 0.415761381 -0.000502612209 0.909473538 0 0.901469827 -0.13214986 -0.412175447 0 0.120393977 0.991229653 -0.0544896722 0 -0.0130093172 0.929977655 0.387367815 1
Nominal 456 478.0 arm_R_1 0.59983629 -0.000614657998 0.800122499 0 0.799995244 -0.0173954759 -0.599754095 0 0.0142871439 0.999848485 -0.00994268432 0 0.225031853 0.80503118 0.278272569 1
Nominal 456 478.0 arm_R_2 0.796291649 -0.000394254923 0.604912639 0 0.599653542 0.13209486 -0.789282262 0 -0.0795947015 0.991236985 0.105422467 0 0.405295074 0.801195681 0.142510742 1
Nominal 456 478.0 hand_R 0.820885003 -0.000253498554 -0.571093559 0 -0.551058173 0.262201846 -0.792202592 0 0.149942696 0.965013027 0.215097785 0 0.527780592 0.918471813 -0.0199178457 1
Nominal 456 478.0 bat_grip 0.820885062 -0.000253493257 -0.5710935 0 -0.551058114 0.262201756 -0.792202652 0 0.149942622 0.965013027 0.215097725 0 0.527780592 0.918471813 -0.0199178457 1
Nominal 456 478.0 bat_barrel 0.820885122 -0.000253394479 -0.57109344 0 -0.551057875 0.262202442 -0.792202473 0 0.149942935 0.965012848 0.215098381 0 0.0538705885 1.14396536 -0.701212108 1
Nominal 456 478.0 bat_tip 0.820885062 -0.00025357955 -0.5710935 0 -0.551058114 0.262201756 -0.792202652 0 0.149942696 0.965013027 0.215097681 0 -0.133489311 1.23311412 -0.970561147 1
Nominal 456 478.0 arm_L_0 0.239034221 -0.00177673995 0.971009612 0 0.963565946 -0.123162448 -0.237427294 0 0.120013878 0.992384911 -0.0277281404 0 0.132670477 0.929977655 -0.142615229 1
Nominal 456 478.0 arm_L_1 0.0347864032 -0.00429080427 0.999385655 0 0.993777812 0.106021218 -0.0341360904 0 -0.10580942 0.994354665 0.00795212388 0 0.290968955 0.819871724 -0.182105482 1
Nominal 456 478.0 arm_L_2 -0.57401222 -0.0139658153 0.818727672 0 0.641059279 0.614417195 0.45992893 0 -0.509463429 0.788857698 -0.343730152 0 0.391489863 0.830877006 -0.186040103 1
Nominal 456 478.0 hand_L 0.820885122 -0.000253260136 -0.5710935 0 -0.551057994 0.262202024 -0.792202771 0 0.149942905 0.965012908 0.215098009 0 0.434100956 0.963046014 -0.154592171 1
Nominal 456 478.0 foot_R 0 4.37113883e-08 1 0 0.99999994 0 0 0 0 1 -4.37113883e-08 0 0.0799999833 0.0688500032 0.49000001 1
Nominal 456 478.0 foot_L -0.00749015762 -6.553405e-06 0.999971926 0 0.999966264 -0.00335832988 0.00749009382 0 0.00335818622 0.999994338 3.17076046e-05 0 0.0802440941 0.0701392218 -0.342873991 1
Nominal 456 478.5 root 1 0 0 0 0 1 0 0 0 0 1 0 0 0 0 1
Nominal 456 478.5 pelvis 0.722648203 1.17431988e-07 0.691216111 0 -3.90329582e-08 1 -1.29083958e-07 0 -0.691216111 6.63020856e-08 0.722648203 0 0.060382925 0.529985964 0.122697785 1
Nominal 456 478.5 chest 0.95982039 0.0202527326 0.279883534 0 -0.0194319617 0.9997949 -0.00570733193 0 -0.279941738 3.93267001e-05 0.960017085 0 0.060382925 0.929985881 0.122697771 1
Nominal 456 478.5 head 0.99898994 1.14607701e-06 0.0449369103 0 -1.30008357e-06 1 3.42133717e-06 0 -0.0449369848 -3.47604873e-06 0.99898994 0 0.0530280508 1.30890775 0.120522149 1
Nominal 456 478.5 arm_R_0 0.391492635 -0.000582808862 0.920181036 0 0.911265016 -0.13862659 -0.387787044 0 0.12778756 0.990344584 -0.0537401438 0 -0.0165613294 0.92998606 0.386502326 1
Nominal 456 478.5 arm_R_1 0.576321542 -0.000721201301 0.817222655 0 0.816964507 -0.0246383026 -0.576161206 0 0.0205505006 0.999696136 -0.0136103369 0 0.222945511 0.803499579 0.28432408 1
Nominal 456 478.5 arm_R_2 0.779364109 -0.000463031232 0.626571 0 0.621515751 0.127345234 -0.772982001 0 -0.0794329047 0.991858304 0.0995361283 0 0.404702127 0.798112094 0.155497298 1
Nominal 456 478.5 hand_R 0.823328674 -1.37388706e-05 -0.567564726 0 -0.550729096 0.241736889 -0.798912168 0 0.137212336 0.970341802 0.19902128 0 0.528701842 0.913835883 1.40108168e-05 1
Nominal 456 478.5 bat_grip 0.823328733 -1.37321913e-05 -0.567564666 0 -0.550729036 0.241736799 -0.798912227 0 0.137212262 0.970341802 0.19902122 0 0.528701842 0.913835883 1.40113179e-05 1
Nominal 456 478.5 bat_barrel 0.823328793 -1.36315266e-05 -0.567564607 0 -0.550728798 0.241737515 -0.798912108 0 0.137212574 0.970341623 0.199021876 0 0.0550748408 1.12172949 -0.687050521 1
Nominal 456 478.5 bat_tip 0.823328733 -1.38189462e-05 -0.567564666 0 -0.550729036 0.241736799 -0.798912227 0 0.137212336 0.970341802 0.199021176 0 -0.132173181 1.20392025 -0.958680809 1
Nominal 456 478.5 arm_L_0 0.206410617 -0.00212652981 0.978463352 0 0.968531668 -0.141689599 -0.20462358 0 0.139073387 0.989908814 -0.0271867514 0 0.137327224 0.929985523 -0.141106769 1
Nominal 456 478.5 arm_L_1 -0.0232272521 -0.00545085967 0.999715745 0 0.996516883 0.0799880251 0.0235889815 0 -0.0800936073 0.996780992 0.0035738945 0 0.29441455 0.817156553 -0.174809843 1
Nominal 456 478.5 arm_L_2 -0.644603968 -0.0171659589 0.764324248 0 0.622111082 0.569317818 0.537452638 0 -0.444369018 0.821938276 -0.356305569 0 0.393805474 0.825423419 -0.172922775 1
Nominal 456 478.5 hand_L 0.823080957 -0.000245988369 -0.567924082 0 -0.550949097 0.242316797 -0.798584819 0 0.137814224 0.970197201 0.199310586 0 0.435414135 0.954815567 -0.13552916 1
Nominal 456 478.5 foot_R 0 4.37113883e-08 1 0 0.99999994 0 0 0 0 1 -4.37113883e-08 0 0.0799999833 0.0688500032 0.49000001 1
Nominal 456 478.5 foot_L -0.00976848695 -8.43463204e-06 0.999952316 0 0.99994266 -0.00437817629 0.00976835657 0 0.00437788479 0.999990404 5.12023034e-05 0 0.0803245604 0.0705305338 -0.343747437 1
Nominal 456 479.0 root 1 0 0 0 0 1 0 0 0 0 1 0 0 0 0 1
Nominal 456 479.0 pelvis 0.71388489 4.65049119e-08 0.700263083 0 -3.15267741e-08 1 -3.42705846e-08 0 -0.700263083 2.38821696e-09 0.71388489 0 0.0609352887 0.529994071 0.123019278 1
Nominal 456 479.0 chest 0.955328286 0.0210357103 0.294797212 0 -0.0200880468 0.999778748 -0.00624285778 0 -0.294863313 4.20785036e-05 0.955539465 0 0.0609352998 0.929993987 0.123019263 1
Nominal 456 479.0 head 0.998953104 2.8496288e-08 0.0457465649 0 2.44826879e-08 1 -1.17120726e-06 0 -0.0457466096 1.17105446e-06 0.998953104 0 0.0533327535 1.30890954 0.120639794 1
Nominal 456 479.0 arm_R_0 0.366945237 -0.000599875813 0.93024236 0 0.920367062 -0.145090967 -0.363143325 0 0.135187596 0.989418089 -0.0526882932 0 -0.0200939626 0.929993927 0.385573208 1
Nominal 456 479.0 arm_R_1 0.55232513 -0.000730022788 0.833628595 0 0.833191872 -0.0318905413 -0.552063644 0 0.0269878618 0.999491036 -0.0170056634 0 0.220675737 0.801982939 0.290323645 1
Nominal 456 479.0 arm_R_2 0.761858463 -0.000459540635 0.647743464 0 0.642903268 0.122558989 -0.756078541 0 -0.0790393576 0.992461085 0.0936680734 0 0.403667569 0.795082748 0.168407589 1
Nominal 456 479.0 hand_R 0.82569325 -0.000308573246 -0.564119458 0 -0.550089955 0.22119166 -0.805279613 0 0.125026971 0.975230336 0.182466805 0 0.52888155 0.90929389 0.019824665 1
Nominal 456 479.0 bat_grip 0.825693309 -0.000308565184 -0.564119399 0 -0.550089896 0.22119157 -0.805279672 0 0.125026897 0.975230336 0.182466745 0 0.52888155 0.90929389 0.019824665 1
Nominal 456 479.0 bat_barrel 0.825693369 -0.000308462651 -0.564119339 0 -0.550089657 0.221192285 -0.805279553 0 0.12502721 0.975230157 0.182467416 0 0.055804193 1.09951866 -0.672715843 1
Nominal 456 479.0 bat_tip 0.825693309 -0.000308652379 -0.564119399 0 -0.550089896 0.22119157 -0.805279672 0 0.125026971 0.975230336 0.182466701 0 -0.13122648 1.17472386 -0.94651103 1
Nominal 456 479.0 arm_L_0 0.173546016 -0.00215628743 0.984823465 0 0.972052276 -0.160163105 -0.171646237 0 0.158102542 0.987088263 -0.0256997347 0 0.141964614 0.929993987 -0.139534697 1
Nominal 456 479.0 arm_L_1 -0.0812950879 -0.00521118939 0.996676624 0 0.995209336 0.0540670305 0.0814580321 0 -0.0543117002 0.998523772 0.000790759921 0 0.297596395 0.814496875 -0.167532489 1
Nominal 456 479.0 arm_L_2 -0.710875511 -0.0169937313 0.703112662 0 0.592707276 0.523703992 0.611908674 0 -0.378621459 0.851730764 -0.362216145 0 0.395450443 0.820110857 -0.15997459 1
Nominal 456 479.0 hand_L 0.82569319 -0.000308334827 -0.564119339 0 -0.550089955 0.221191525 -0.805279553 0 0.125026882 0.975230217 0.182466611 0 0.435366333 0.946896255 -0.117072716 1
Nominal 456 479.0 foot_R 0 4.37113883e-08 1 0 0.99999994 0 0 0 0 1 -4.37113883e-08 0 0.0799999833 0.0688500032 0.49000001 1
Nominal 456 479.0 foot_L -0.0120467637 -7.99220197e-06 0.999927461 0 0.999912798 -0.00539801922 0.0120465457 0 0.00539753074 0.999985456 7.30201646e-05 0 0.0804050267 0.0709218532 -0.344620854 1
Nominal 456 479.5 root 1 0 0 0 0 1 0 0 0 0 1 0 0 0 0 1
Nominal 456 479.5 pelvis 0.704936683 4.22445723e-08 0.709270239 0 3.32992411e-09 1 -6.28701997e-08 0 -0.709270239 4.66813255e-08 0.704936683 0 0.0614982955 0.529996991 0.123362184 1
Nominal 456 479.5 chest 0.950557351 0.0218267068 0.309781045 0 -0.0207455829 0.99976176 -0.00678427704 0 -0.309855342 2.22554099e-05 0.950783789 0 0.0614982843 0.929996908 0.123362169 1
Nominal 456 479.5 head 0.998915255 1.12459384e-06 0.046564579 0 -1.30550325e-06 1 3.87144246e-06 0 -0.0465646088 -3.92682341e-06 0.998915374 0 0.0536412299 1.30890644 0.120784305 1
Nominal 456 479.5 arm_R_0 0.341867805 -0.000331968768 0.939747989 0 0.928867221 -0.151613429 -0.337963134 0 0.142590612 0.988439798 -0.0515233725 0 -0.0236811116 0.929997265 0.384718418 1
Nominal 456 479.5 arm_R_1 0.527589381 -0.000415123999 0.849499524 0 0.84883821 -0.0391928256 -0.527197897 0 0.0335131325 0.999231577 -0.0203253254 0 0.218570188 0.800430655 0.296449512 1
Nominal 456 479.5 arm_R_2 0.743571162 -0.00026756525 0.668656647 0 0.664027214 0.117766559 -0.738375902 0 -0.0785478279 0.993041277 0.0877455175 0 0.403071642 0.791962743 0.18153137 1
Nominal 456 479.5 hand_R 0.828132153 0.000118523836 -0.560532928 0 -0.549192786 0.200302541 -0.811335921 0 0.112180054 0.979734123 0.165942073 0 0.529816628 0.904604733 0.0399575345 1
Nominal 456 479.5 bat_grip 0.828132212 0.000118533302 -0.560532868 0 -0.549192727 0.200302452 -0.811335981 0 0.112179987 0.979734123 0.165942013 0 0.529816628 0.904604733 0.0399575308 1
Nominal 456 479.5 bat_barrel 0.828132272 0.000118637661 -0.560532808 0 -0.549192548 0.200303167 -0.811335862 0 0.1121803 0.979733944 0.165942684 0 0.0575108528 1.07686484 -0.657791436 1
Nominal 456 479.5 bat_tip 0.828132212 0.000118445707 -0.560532868 0 -0.549192727 0.200302452 -0.811335981 0 0.112180062 0.979734123 0.165941969 0 -0.129214823 1.14496779 -0.933645785 1
Nominal 456 479.5 arm_L_0 0.140129894 -0.00124122202 0.990132511 0 0.974154532 -0.178755343 -0.138092816 0 0.17716299 0.983892858 -0.0238399357 0 0.146677703 0.92999655 -0.137994096 1
Nominal 456 479.5 arm_L_1 -0.139579862 -0.00330509245 0.990205526 0 0.989817619 0.0277148336 0.139617592 0 -0.0279046185 0.999610543 -0.000597059727 0 0.301087081 0.811752081 -0.160154179 1
Nominal 456 479.5 arm_L_2 -0.771287382 -0.0100486279 0.636407971 0 0.556342006 0.475074291 0.681753755 0 -0.309191436 0.879888475 -0.360828519 0 0.397805154 0.814608634 -0.14673914 1
Nominal 456 479.5 hand_L 0.827882409 -0.000123739243 -0.560901701 0 -0.549445212 0.200898781 -0.811017752 0 0.112784922 0.979612112 0.166252375 0 0.436829478 0.938598692 -0.0977729931 1
Nominal 456 479.5 foot_R 0 4.37113883e-08 1 0 0.99999994 0 0 0 0 1 -4.37113883e-08 0 0.0799999833 0.0688500032 0.49000001 1
Nominal 456 479.5 foot_L -0.014355381 -5.16451109e-06 0.999896944 0 0.999876261 -0.00642868597 0.0143550523 0 0.00642794883 0.999979317 9.74501017e-05 0 0.0804912299 0.0713171586 -0.345505536 1
Nominal 456 480.0 root 1 0 0 0 0 1 0 0 0 0 1 0 0 0 0 1
Nominal 456 480.0 pelvis 0.69587487 3.85469257e-08 0.718163073 0 3.85469221e-08 1 -9.10249582e-08 0 -0.718163073 9.10249582e-08 0.69587487 0 0.0620613024 0.529999971 0.123705097 1
Nominal 456 480.0 chest 0.945550799 0.0226176176 0.32468769 0 -0.0213915687 0.999744177 -0.00734557398 0 -0.324770808 3.31346541e-08 0.945792794 0 0.0620612763 0.929999828 0.123705082 1
Nominal 456 480.0 head 0.99887681 -2.41653364e-08 0.0473827124 0 2.93791267e-08 0.99999994 -9.8318921e-08 0 -0.0473828018 9.84027793e-08 0.99887687 0 0.0539538786 1.3089031 0.12092112 1
Nominal 456 480.0 arm_R_0 0.316543251 5.16884029e-08 0.948578 0 0.936644971 -0.158119306 -0.312561184 0 0.149988487 0.987419963 -0.0500516184 0 -0.0272506475 0.929999828 0.383797944 1
Nominal 456 480.0 arm_R_1 0.50240618 4.47034836e-08 0.864631712 0 0.863696456 -0.0464980826 -0.501862764 0 0.0402036756 0.998918295 -0.0233609267 0 0.216277301 0.798889041 0.302531868 1
Nominal 456 480.0 arm_R_2 0.724722266 -7.4505806e-09 0.689040899 0 0.684632361 0.112941079 -0.720085382 0 -0.0778210461 0.99360162 0.0818509609 0 0.402027279 0.78888905 0.194599241 1
Nominal 456 480.0 hand_R 0.830488861 -3.27825546e-07 -0.557035267 0 -0.548003256 0.179346353 -0.817023277 0 0.0999025106 0.983785868 0.148944885 0 0.529999614 0.900000393 0.0599997193 1
Nominal 456 480.0 bat_grip 0.83048892 -3.16971494e-07 -0.557035208 0 -0.548003197 0.179346263 -0.817023337 0 0.0999024436 0.983785868 0.148944825 0 0.529999614 0.900000393 0.0599997155 1
Nominal 456 480.0 bat_barrel 0.83048898 -2.10830393e-07 -0.557035148 0 -0.548003018 0.179346979 -0.817023218 0 0.0999027565 0.983785748 0.148945495 0 0.0587168336 1.0542382 -0.642640352 1
Nominal 456 480.0 bat_tip 0.83048892 -4.04928812e-07 -0.557035208 0 -0.548003197 0.179346263 -0.817023337 0 0.0999025181 0.983785868 0.14894478 0 -0.127604365 1.11521602 -0.920428395 1
Nominal 456 480.0 arm_L_0 0.10656631 -1.04308128e-07 0.99430567 0 0.974769175 -0.197257847 -0.10447263 0 0.196134716 0.980351686 -0.021021083 0 0.151373208 0.929999769 -0.136387825 1
Nominal 456 480.0 arm_L_1 -0.197439238 1.1920929e-07 0.980315268 0 0.980313838 0.00167879835 0.197438776 0 -0.00164551288 0.999998689 -0.000331684947 0 0.304306358 0.809051812 -0.1527787 1
Nominal 456 480.0 arm_L_2 -0.825747073 -1.49011612e-07 0.564040661 0 0.51008904 0.426795185 0.746762931 0 -0.24072963 0.904348373 -0.352425039 0 0.399461746 0.809214711 -0.133613855 1
Nominal 456 480.0 hand_L 0.83048892 -1.1920929e-07 -0.557035267 0 -0.548003137 0.179346442 -0.817023396 0 0.0999026597 0.983785987 0.148944885 0 0.436839044 0.930489182 -0.0788939297 1
Nominal 456 480.0 foot_R 0 4.37113883e-08 1 0 0.99999994 0 0 0 0 1 -4.37113883e-08 0 0.0799999833 0.0688500032 0.49000001 1
Nominal 456 480.0 foot_L -0.0166639164 4.28329194e-08 0.999861121 0 0.999833286 -0.00745933456 0.0166634545 0 0.00745829893 0.999972165 0.000124258906 0 0.0805774331 0.0717124715 -0.346390218 1
Nominal 456 480.5 root 1 0 0 0 0 1 0 0 0 0 1 0 0 0 0 1
Nominal 456 480.5 pelvis 0.68577981 3.18253193e-08 0.727809131 0 3.18253193e-08 1 -7.37150501e-08 0 -0.727809131 7.37150501e-08 0.68577981 0 0.0625541508 0.529999971 0.124019042 1
Nominal 456 480.5 chest 0.940098643 0.0234578345 0.340094775 0 -0.0220504515 0.999724805 -0.00800301973 0 -0.34018895 2.43825871e-05 0.940357149 0 0.0625541434 0.929999948 0.124019027 1
Nominal 456 480.5 head 0.998837352 1.76846243e-06 0.0482091904 0 -1.98860562e-06 0.99999994 4.5044435e-06 0 -0.0482091904 -4.59667353e-06 0.998837292 0 0.0542040989 1.30889535 0.12097913 1
Nominal 456 480.5 arm_R_0 0.293887377 -0.00025116629 0.955839992 0 0.942915022 -0.163819432 -0.289956272 0 0.156658038 0.98649025 -0.0479075946 0 -0.0309545398 0.930000186 0.38250035 1
Nominal 456 480.5 arm_R_1 0.478339314 -0.000376522541 0.87817502 0 0.876902401 -0.0536146276 -0.477668911 0 0.0472628996 0.998561561 -0.0253157951 0 0.21340248 0.797514141 0.307294905 1
Nominal 456 480.5 arm_R_2 0.704849541 -0.000322345644 0.709356666 0 0.70529151 0.107226297 -0.700761318 0 -0.0758358091 0.994234502 0.0758057609 0 0.400004268 0.786128581 0.20543924 1
Nominal 456 480.5 hand_R 0.851946712 -0.000711411238 -0.523627937 0 -0.515919983 0.169814289 -0.839636564 0 0.0895169228 0.985475779 0.144305587 0 0.528855085 0.895848811 0.0769336298 1
Nominal 456 480.5 bat_grip 0.851946771 -0.000711399771 -0.523627877 0 -0.515919924 0.169814199 -0.839636624 0 0.0895168558 0.985475779 0.144305527 0 0.528855085 0.895848811 0.0769336298 1
Nominal 456 480.5 bat_barrel 0.851946831 -0.000711292843 -0.523627818 0 -0.515919745 0.169814914 -0.839636505 0 0.0895171389 0.985475659 0.144306213 0 0.0851639211 1.04188907 -0.64515388 1
Nominal 456 480.5 bat_tip 0.851946771 -0.000711487897 -0.523627877 0 -0.515919924 0.169814199 -0.839636624 0 0.0895169303 0.985475779 0.144305483 0 -0.0902489424 1.09962606 -0.930630445 1
Nominal 456 480.5 arm_L_0 0.0815158337 -0.000572577119 0.996672034 0 0.974598706 -0.209247604 -0.0798308253 0 0.208597139 0.977862418 -0.0164991319 0 0.156062841 0.92999965 -0.134462312 1
Nominal 456 480.5 arm_L_1 -0.233819827 -0.00141203403 0.972279131 0 0.972145438 -0.0169814341 0.233762905 0 0.0161808804 0.999854743 0.00534316897 0 0.308942437 0.807137847 -0.146995455 1
Nominal 456 480.5 arm_L_2 -0.840568483 -0.00156834722 0.541703463 0 0.497502506 0.393416524 0.773120224 0 -0.21432735 0.919358969 -0.329913497 0 0.404080749 0.805395365 -0.123983294 1
Nominal 456 480.5 hand_L 0.851790309 -0.000603467226 -0.523883164 0 -0.516183197 0.169854447 -0.839466989 0 0.0894907713 0.985468924 0.144368649 0 0.441231519 0.924768448 -0.0658113658 1
Nominal 456 480.5 foot_R 0 4.37113883e-08 1 0 0.99999994 0 0 0 0 1 -4.37113883e-08 0 0.0799999833 0.0688500032 0.49000001 1
Nominal 456 480.5 foot_L -0.0203094557 -1.31449242e-05 0.999793768 0 0.999752343 -0.0090934094 0.0203084983 0 0.0090912655 0.999958634 0.000197823858 0 0.0807240009 0.0723389611 -0.347784579 1
Nominal 456 481.0 root 1 0 0 0 0 1 0 0 0 0 1 0 0 0 0 1
Nominal 456 481.0 pelvis 0.675550997 2.48626826e-08 0.737313211 0 2.48626826e-08 1 -5.65006673e-08 0 -0.737313211 5.65006673e-08 0.675550997 0 0.0630470067 0.529999971 0.124332979 1
Nominal 456 481.0 chest 0.934394538 0.0242980905 0.355410159 0 -0.0226940904 0.999704778 -0.0086820256 0 -0.355516136 4.67288628e-05 0.934670091 0 0.0630470067 0.930000067 0.124332964 1
Nominal 456 481.0 head 0.99879694 1.03755156e-08 0.049035579 0 4.64424375e-08 1 -1.16820956e-06 0 -0.0490355492 1.17123273e-06 0.998796999 0 0.0544603094 1.3088876 0.121029191 1
Nominal 456 481.0 arm_R_0 0.271060914 -0.000465851976 0.962561965 0 0.948610902 -0.169510752 -0.267214149 0 0.1632891 0.985528171 -0.0455057621 0 -0.0346295983 0.930000007 0.381135076 1
Nominal 456 481.0 arm_R_1 0.453909904 -0.000667922199 0.891047299 0 0.889383972 -0.0607389212 -0.453107953 0 0.0544238798 0.998153329 -0.0269759111 0 0.210401356 0.796147466 0.31199047 1
Nominal 456 481.0 arm_R_2 0.684418321 -0.000555869192 0.7290892 0 0.725364745 0.101472199 -0.680844426 0 -0.0736038685 0.994838119 0.0698526725 0 0.397654414 0.783405721 0.216179341 1
Nominal 456 481.0 hand_R 0.872029483 -0.0013153255 -0.489451408 0 -0.482954621 0.160102412 -0.860884309 0 0.0794947892 0.987099409 0.13897872 0 0.527129829 0.89177537 0.0937013328 1
Nominal 456 481.0 bat_grip 0.872029543 -0.00131531327 -0.489451349 0 -0.482954562 0.160102323 -0.860884368 0 0.0794947222 0.987099409 0.138978645 0 0.527129829 0.89177537 0.0937013328 1
Nominal 456 481.0 bat_barrel 0.872029603 -0.00131520547 -0.489451259 0 -0.482954413 0.160103038 -0.860884249 0 0.0794949755 0.98709929 0.138979346 0 0.111788869 1.02946341 -0.646659255 1
Nominal 456 481.0 bat_tip 0.872029543 -0.00131540152 -0.489451349 0 -0.482954562 0.160102323 -0.860884368 0 0.0794947967 0.987099409 0.138978601 0 -0.0524157882 1.08389831 -0.939360023 1
Nominal 456 481.0 arm_L_0 0.0564031936 -0.00104542077 0.998407543 0 0.973661423 -0.221206501 -0.0552368611 0 0.220912084 0.975226402 -0.0114589781 0 0.160723627 0.930000007 -0.132469147 1
Nominal 456 481.0 arm_L_1 -0.269973695 -0.00236010551 0.962864816 0 0.962280512 -0.0355791077 0.26972267 0 0.0336215049 0.999364078 0.0118764043 0 0.313429236 0.805216193 -0.141144454 1
Nominal 456 481.0 arm_L_2 -0.855095446 -0.00335797668 0.518459678 0 0.482717872 0.359748095 0.798476517 0 -0.189195946 0.933043361 -0.305998147 0 0.408357143 0.801543415 -0.114264093 1
Nominal 456 481.0 hand_L 0.872029483 -0.00131526589 -0.489451528 0 -0.482954502 0.160102263 -0.860884488 0 0.0794948637 0.987099409 0.138978571 0 0.445027471 0.918992758 -0.0526490696 1
Nominal 456 481.0 foot_R 0 4.37113883e-08 1 0 0.99999994 0 0 0 0 1 -4.37113883e-08 0 0.0799999833 0.0688500032 0.49000001 1
Nominal 456 481.0 foot_L -0.0239547417 -2.03742729e-05 0.999713063 0 0.999655485 -0.010727495 0.0239531454 0 0.010723928 0.999942482 0.000277341635 0 0.0808705688 0.0729654506 -0.34917891 1
Nominal 456 481.5 root 1 0 0 0 0 1 0 0 0 0 1 0 0 0 0 1
Nominal 456 481.5 pelvis 0.665409863 2.69887899e-08 0.746478319 0 2.69887899e-08 1 -6.02126136e-08 0 -0.746478319 6.02126136e-08 0.665409863 0 0.063529484 0.529999971 0.124640308 1
Nominal 456 481.5 chest 0.928568184 0.0251209363 0.370310992 0 -0.0233176239 0.999684393 -0.00934621878 0 -0.370428979 4.38268762e-05 0.928860962 0 0.063529484 0.930000007 0.124640301 1
Nominal 456 481.5 head 0.998757124 1.70851763e-06 0.0498445928 0 -1.90143874e-06 1 3.87827095e-06 0 -0.0498446822 -3.96781979e-06 0.998757184 0 0.054705359 1.30887997 0.121085957 1
Nominal 456 481.5 arm_R_0 0.248568296 -0.000444997568 0.96861428 0 0.953633249 -0.175085306 -0.244804278 0 0.169699088 0.984553099 -0.0430962667 0 -0.0382542238 0.930000246 0.379864514 1
Nominal 456 481.5 arm_R_1 0.429654032 -0.000654131174 0.9029935 0 0.900902271 -0.0677098557 -0.428708076 0 0.0614219606 0.997704685 -0.0285024941 0 0.207586393 0.794802845 0.316649705 1
Nominal 456 481.5 arm_R_2 0.663869739 -0.000553708524 0.747848153 0 0.744439423 0.0958618075 -0.66077286 0 -0.0713242516 0.995394349 0.0640519857 0 0.395670712 0.780706704 0.226782709 1
Nominal 456 481.5 hand_R 0.890395641 -0.00126487017 -0.455186188 0 -0.44981724 0.150713563 -0.880312562 0 0.0697163194 0.988576651 0.133625716 0 0.526002765 0.887715936 0.110264763 1
Nominal 456 481.5 bat_grip 0.890395641 -0.00126485736 -0.455186129 0 -0.449817181 0.150713474 -0.880312562 0 0.0697162598 0.988576651 0.133625641 0 0.526002765 0.887715936 0.110264763 1
Nominal 456 481.5 bat_barrel 0.890395641 -0.00126474886 -0.455186039 0 -0.449817032 0.150714189 -0.880312383 0 0.0697164908 0.988576531 0.133626357 0 0.139159948 1.01732957 -0.646804035 1
Nominal 456 481.5 bat_tip 0.890395641 -0.00126494572 -0.455186129 0 -0.449817181 0.150713474 -0.880312562 0 0.0697163418 0.988576651 0.133625597 0 -0.0137779713 1.06857228 -0.946110487 1
Nominal 456 481.5 arm_L_0 0.0317855887 -0.00100722909 0.999494433 0 0.97200346 -0.232893839 -0.0311462134 0 0.232807502 0.972501636 -0.00642377138 0 0.165313169 0.92999965 -0.130583882 1
Nominal 456 481.5 arm_L_1 -0.304937303 -0.00238609314 0.952369809 0 0.951028168 -0.0538801923 0.304372609 0 0.050587751 0.998544514 0.0186992288 0 0.317965209 0.803344309 -0.135485202 1
Nominal 456 481.5 arm_L_2 -0.868451715 -0.00297039747 0.495765388 0 0.467830747 0.326066673 0.821471334 0 -0.164092451 0.945341945 -0.28178367 0 0.412874579 0.797809839 -0.104844287 1
Nominal 456 481.5 hand_L 0.890265465 -0.00116464496 -0.455441773 0 -0.450080037 0.150760204 -0.880170584 0 0.0696879625 0.988569498 0.133692265 0 0.449615449 0.91341424 -0.0393993296 1
Nominal 456 481.5 foot_R 0 4.37113883e-08 1 0 0.99999994 0 0 0 0 1 -4.37113883e-08 0 0.0799999833 0.0688500032 0.49000001 1
Nominal 456 481.5 foot_L -0.0275386944 -2.15836517e-05 0.999620736 0 0.99954474 -0.012327251 0.0275363363 0 0.0123219797 0.999924004 0.000361050217 0 0.0810260773 0.0735783949 -0.350548804 1
Nominal 456 482.0 root 1 0 0 0 0 1 0 0 0 0 1 0 0 0 0 1
Nominal 456 482.0 pelvis 0.655144513 2.91654239e-08 0.755503654 0 2.91654239e-08 1 -6.38951221e-08 0 -0.755503654 6.38951221e-08 0.655144513 0 0.0640119612 0.529999971 0.124947637 1
Nominal 456 482.0 chest 0.922503471 0.0259437449 0.385115981 0 -0.0239262227 0.999663413 -0.0100307185 0 -0.385246575 3.90024288e-05 0.922813773 0 0.0640119687 0.929999948 0.124947645 1
Nominal 456 482.0 head 0.998716354 2.11493898e-08 0.050653547 0 2.64590199e-08 1 -9.1624679e-07 0 -0.0506535172 9.17072612e-07 0.998716414 0 0.0549560413 1.30887234 0.121134989 1
Nominal 456 482.0 arm_R_0 0.225938693 -0.000389324501 0.974141538 0 0.95809871 -0.180649385 -0.222289994 0 0.17606461 0.98354739 -0.0404426306 0 -0.0418532416 0.929999948 0.378528237 1
Nominal 456 482.0 arm_R_1 0.40508917 -0.000558234751 0.914277196 0 0.911707103 -0.0746829733 -0.40399605 0 0.068506442 0.997207105 -0.0297442712 0 0.204649061 0.79346329 0.321250021 1
Nominal 456 482.0 arm_R_2 0.642819643 -0.000464558601 0.766017437 0 0.762920618 0.0902189463 -0.640166342 0 -0.0688119158 0.99592185 0.0583490022 0 0.393373519 0.778037429 0.23730512 1
Nominal 456 482.0 hand_R 0.907386839 -0.00109922886 -0.420295358 0 -0.415945917 0.14116244 -0.898366451 0 0.0603174567 0.989985883 0.127631634 0 0.524320185 0.883722961 0.126693338 1
Nominal 456 482.0 bat_grip 0.907386839 -0.00109921547 -0.420295298 0 -0.415945858 0.141162351 -0.898366451 0 0.0603173971 0.989985883 0.12763156 0 0.524320185 0.883722961 0.126693338 1
Nominal 456 482.0 bat_barrel 0.907386839 -0.00109910616 -0.420295209 0 -0.415945709 0.141163066 -0.898366272 0 0.0603175983 0.989985764 0.127632275 0 0.166606724 1.00512254 -0.645901799 1
Nominal 456 482.0 bat_tip 0.907386839 -0.00109930395 -0.420295298 0 -0.415945858 0.141162351 -0.898366451 0 0.0603174791 0.989985883 0.127631515 0 0.0251850486 1.05311799 -0.951346517 1
Nominal 456 482.0 arm_L_0 0.00714606792 -0.000873669982 0.999974251 0 0.969612122 -0.244543314 -0.00714287162 0 0.244543344 0.96963799 -0.000900506973 0 0.169877112 0.929999828 -0.128632858 1
Nominal 456 482.0 arm_L_1 -0.339563072 -0.0019723177 0.940581501 0 0.938185036 -0.0720763654 0.338546783 0 0.06712614 0.997397244 0.0263248086 0 0.322359979 0.801460981 -0.129755095 1
Nominal 456 482.0 arm_L_2 -0.881445229 -0.00280612707 0.472277999 0 0.450946778 0.292188704 0.843369961 0 -0.140360653 0.956356645 -0.256283045 0 0.417065084 0.79403317 -0.0953215882 1
Nominal 456 482.0 hand_L 0.90738678 -0.00109910965 -0.420295358 0 -0.415945798 0.141162574 -0.89836657 0 0.0603175461 0.989985883 0.127631783 0 0.453609347 0.907720447 -0.0260288455 1
Nominal 456 482.0 foot_R 0 4.37113883e-08 1 0 0.99999994 0 0 0 0 1 -4.37113883e-08 0 0.0799999833 0.0688500032 0.49000001 1
Nominal 456 482.0 foot_L -0.0311222915 -1.70573076e-05 0.999515593 0 0.999418616 -0.0139269708 0.0311190374 0 0.0139196916 0.999903023 0.00045048655 0 0.0811815858 0.0741913393 -0.351918668 1
Nominal 456 482.5 root 1 0 0 0 0 1 0 0 0 0 1 0 0 0 0 1
Nominal 456 482.5 pelvis 0.644932747 -9.51763557e-09 0.76423943 0 -9.51763557e-09 1 2.04855635e-08 0 -0.76423943 -2.04855635e-08 0.644932747 0 0.064463459 0.529999971 0.125238895 1
Nominal 456 482.5 chest 0.915924191 0.0267587956 0.400458574 0 -0.0245050956 0.999641895 -0.0107486974 0 -0.400602758 3.17168342e-05 0.916251898 0 0.064463459 0.929999948 0.12523891 1
Nominal 456 482.5 head 0.998675823 1.79054496e-06 0.0514466763 0 -1.99981787e-06 0.99999994 4.04497405e-06 0 -0.0514466166 -4.14238821e-06 0.998675823 0 0.0551864803 1.30886412 0.121157289 1
Nominal 456 482.5 arm_R_0 0.203472883 -0.000286375638 0.979080558 0 0.961988866 -0.185977235 -0.199975178 0 0.182143956 0.982553959 -0.0375657752 0 -0.0456320867 0.930000246 0.377049446 1
Nominal 456 482.5 arm_R_1 0.380191624 -0.000447131693 0.924907744 0 0.921816766 -0.0815048665 -0.378960341 0 0.075553894 0.99667275 -0.0305752642 0 0.201571658 0.792163968 0.325605333 1
Nominal 456 482.5 arm_R_2 0.620613396 -0.000421829522 0.784116626 0 0.78133893 0.0844340026 -0.618369341 0 -0.0659453124 0.996428967 0.0527304932 0 0.391018569 0.775429726 0.247508094 1
Nominal 456 482.5 hand_R 0.928349435 -0.00128862262 -0.371706784 0 -0.368296534 0.131998897 -0.920290172 0 0.0502508432 0.991249025 0.122066498 0 0.522714913 0.879799664 0.142761871 1
Nominal 456 482.5 bat_grip 0.928349435 -0.00128860865 -0.371706724 0 -0.368296474 0.131998807 -0.920290172 0 0.0502507873 0.991249025 0.122066423 0 0.522714913 0.879799664 0.142761871 1
Nominal 456 482.5 bat_barrel 0.928349435 -0.00128849864 -0.371706665 0 -0.368296355 0.131999537 -0.920289993 0 0.0502509512 0.991248906 0.122067153 0 0.205979913 0.993318617 -0.648687661 1
Nominal 456 482.5 bat_tip 0.928349435 -0.00128869724 -0.371706724 0 -0.368296474 0.131998807 -0.920290172 0 0.0502508692 0.991249025 0.122066393 0 0.0807590485 1.03819835 -0.961586416 1
Nominal 456 482.5 arm_L_0 -0.0162724294 -0.000545457006 0.999867499 0 0.966970086 -0.254412651 0.0155982077 0 0.25437063 0.967095613 0.0046672523 0 0.174558982 0.92999953 -0.126571521 1
Nominal 456 482.5 arm_L_1 -0.369081557 -0.0012575537 0.929396331 0 0.925815821 -0.0882025808 0.36754021 0 0.0815131888 0.996101737 0.033718124 0 0.327647656 0.799647093 -0.124024309 1
Nominal 456 482.5 arm_L_2 -0.889675558 -0.00107902288 0.456592292 0 0.440536946 0.260831237 0.859007657 0 -0.120020181 0.965383768 -0.231580004 0 0.42298916 0.790421307 -0.0859386697 1
Nominal 456 482.5 hand_L 0.928269625 -0.000978022814 -0.371907115 0 -0.368534893 0.131965756 -0.920199513 0 0.0499793589 0.991253734 0.122139111 0 0.460177153 0.902324319 -0.0136466399 1
Nominal 456 482.5 foot_R 0 4.37113883e-08 1 0 0.99999994 0 0 0 0 1 -4.37113883e-08 0 0.0799999833 0.0688500032 0.49000001 1
Nominal 456 482.5 foot_L -0.0349340998 -1.80609495e-05 0.999389589 0 0.999267578 -0.0156237008 0.0349295549 0 0.0156135326 0.99987793 0.000563847716 0 0.0813595057 0.0748410225 -0.353373766 1
Nominal 456 483.0 root 1 0 0 0 0 1 0 0 0 0 1 0 0 0 0 1
Nominal 456 483.0 pelvis 0.634604573 -4.93311205e-08 0.772836983 0 -4.93311205e-08 1 1.04338788e-07 0 -0.772836983 -1.04338788e-07 0.634604573 0 0.0649149567 0.529999971 0.125530168 1
Nominal 456 483.0 chest 0.909089029 0.0275737979 0.415688366 0 -0.0250675138 0.999619782 -0.011486277 0 -0.415847093 2.17720499e-05 0.909434557 0 0.0649149567 0.929999888 0.125530168 1
Nominal 456 483.0 head 0.998634577 2.08774509e-08 0.0522395372 0 2.63935362e-09 1 -4.85209966e-07 0 -0.0522396564 4.82592441e-07 0.998634577 0 0.0554230623 1.30885577 0.121172078 1
Nominal 456 483.0 arm_R_0 0.180897534 -0.000155684073 0.983501911 0 0.965333998 -0.191294491 -0.177586138 0 0.188166171 0.981532693 -0.034454383 0 -0.0493812971 0.929999828 0.375500083 1
Nominal 456 483.0 arm_R_1 0.355020434 -0.000258244574 0.934858561 0 0.93119669 -0.0883259028 -0.353654176 0 0.0826635659 0.996091604 -0.031116996 0 0.198381186 0.790867448 0.329897583 1
Nominal 456 483.0 arm_R_2 0.597910225 -0.000285588205 0.801563025 0 0.799095392 0.0786194205 -0.59604162 0 -0.062848188 0.996904671 0.0472355895 0 0.388365895 0.772845924 0.25762853 1
Nominal 456 483.0 hand_R 0.946691155 -0.00120767951 -0.322140187 0 -0.319570273 0.122592628 -0.939598858 0 0.040626809 0.992456317 0.115671426 0 0.520572782 0.875935853 0.158692539 1
Nominal 456 483.0 bat_grip 0.946691155 -0.00120766484 -0.322140127 0 -0.319570214 0.122592539 -0.939598858 0 0.0406267568 0.992456317 0.115671344 0 0.520572782 0.875935853 0.158692539 1
Nominal 456 483.0 bat_barrel 0.946691155 -0.00120755413 -0.322140068 0 -0.319570094 0.122593269 -0.939598739 0 0.0406268835 0.992456198 0.115672082 0 0.245742351 0.981365442 -0.649362504 1
Nominal 456 483.0 bat_tip 0.946691155 -0.00120775355 -0.322140127 0 -0.319570214 0.122592539 -0.939598858 0 0.0406268425 0.992456317 0.115671314 0 0.137088448 1.02304709 -0.968826234 1
Nominal 456 483.0 arm_L_0 -0.0396816432 -0.000156283379 0.999212384 0 0.963696241 -0.264250219 0.0382296965 0 0.264036298 0.964454174 0.0106363893 0 0.179211229 0.929999888 -0.124439597 1
Nominal 456 483.0 arm_L_1 -0.398273557 -0.000279024243 0.917266846 0 0.912281215 -0.104240216 0.396077007 0 0.0955057889 0.994552135 0.041770637 0 0.332796156 0.797808588 -0.118186913 1
Nominal 456 483.0 arm_L_2 -0.897782505 0.000198185444 0.440439194 0 0.428750694 0.229241997 0.873854101 0 -0.100793749 0.973369479 -0.205894515 0 0.428603053 0.786728382 -0.0763785988 1
Nominal 456 483.0 hand_L 0.946691334 -0.0012075901 -0.322140396 0 -0.319570452 0.122592539 -0.939598858 0 0.0406269431 0.992456377 0.115671314 0 0.466245711 0.896776795 -0.0010390766 1
Nominal 456 483.0 foot_R 0 4.37113883e-08 1 0 0.99999994 0 0 0 0 1 -4.37113883e-08 0 0.0799999833 0.0688500032 0.49000001 1
Nominal 456 483.0 foot_L -0.038745407 -1.2592719e-05 0.999249101 0 0.999099195 -0.0173203815 0.0387393795 0 0.0173068866 0.999849975 0.000683666614 0 0.0815374255 0.0754907057 -0.354828864 1
Nominal 456 483.5 root 1 0 0 0 0 1 0 0 0 0 1 0 0 0 0 1
Nominal 456 483.5 pelvis 0.624248505 -3.25863887e-08 0.78122592 0 -3.25863887e-08 1 6.77504488e-08 0 -0.78122592 -6.77504488e-08 0.624248505 0 0.0652969629 0.529999971 0.125787705 1
Nominal 456 483.5 chest 0.90086019 0.0284013618 0.433179289 0 -0.0255760346 0.999596596 -0.0123493299 0 -0.433355361 4.60104202e-05 0.901223183 0 0.0652969554 0.929999948 0.125787705 1
Nominal 456 483.5 head 0.998593509 2.14348984e-06 0.0530199409 0 -2.34664367e-06 1 3.78924233e-06 0 -0.0530200005 -3.90792411e-06 0.99859345 0 0.0556210838 1.30884659 0.121097654 1
Nominal 456 483.5 arm_R_0 0.158121407 -0.000318360049 0.987419546 0 0.968221903 -0.196181878 -0.155110493 0 0.193763211 0.980567455 -0.0307122972 0 -0.0537521243 0.930000603 0.373374194 1
Nominal 456 483.5 arm_R_1 0.328456938 -0.00055424124 0.944518805 0 0.940225601 -0.0950479358 -0.327019751 0 0.0899558067 0.995472491 -0.0306980237 0 0.194437504 0.789641738 0.333575875 1
Nominal 456 483.5 arm_R_2 0.571842134 -0.000632297248 0.820363343 0 0.818255603 0.0720853359 -0.570317328 0 -0.0587755814 0.997398198 0.0417388529 0 0.384870321 0.770385623 0.26712507 1
Nominal 456 483.5 hand_R 0.97293663 -0.00279739499 -0.231056094 0 -0.229253799 0.113530308 -0.966723084 0 0.0289361924 0.993530512 0.109816462 0 0.517558694 0.872231185 0.174033463 1
Nominal 456 483.5 bat_grip 0.97293663 -0.00279737986 -0.231056035 0 -0.229253739 0.113530219 -0.966723084 0 0.0289361496 0.993530512 0.10981638 0 0.517558694 0.872231185 0.174033463 1
Nominal 456 483.5 bat_barrel 0.97293663 -0.00279726833 -0.23105596 0 -0.22925365 0.113530949 -0.966722965 0 0.0289362036 0.993530452 0.109817125 0 0.320400447 0.96986717 -0.657348394 1
Nominal 456 483.5 bat_tip 0.97293663 -0.0027974688 -0.231056049 0 -0.229253739 0.113530219 -0.966723084 0 0.0289362371 0.993530512 0.109816357 0 0.242454141 1.00846756 -0.986034453 1
Nominal 456 483.5 arm_L_0 -0.0605724007 -0.00031490624 0.998163819 0 0.961216688 -0.269574165 0.0582450777 0 0.269060969 0.962979555 0.0166313648 0 0.184346035 0.929999292 -0.121798649 1
Nominal 456 483.5 arm_L_1 -0.415543109 -0.000544533134 0.909573495 0 0.903556406 -0.115082279 0.412725121 0 0.104451254 0.99335587 0.0483136326 0 0.340426147 0.796070099 -0.112015426 1
Nominal 456 483.5 arm_L_2 -0.895167232 0.000827521086 0.44573006 0 0.436439514 0.20474185 0.876128674 0 -0.0905343294 0.978815675 -0.183639467 0 0.438742399 0.783276737 -0.0666733682 1
Nominal 456 483.5 hand_L 0.972918451 -0.00206762552 -0.231140792 0 -0.229421899 0.113406353 -0.96669805 0 0.0282119811 0.993546486 0.109860614 0 0.478679955 0.891601384 0.0101742819 1
Nominal 456 483.5 foot_R 0 4.37113883e-08 1 0 0.99999994 0 0 0 0 1 -4.37113883e-08 0 0.0799999833 0.0688500032 0.49000001 1
Nominal 456 483.5 foot_L -0.043319352 -2.99553649e-05 0.999061286 0 0.998874009 -0.0193597227 0.0433106571 0 0.0193402506 0.999812603 0.000868572213 0 0.0817686766 0.0762710869 -0.356570929 1
Nominal 456 484.0 root 1 0 0 0 0 1 0 0 0 0 1 0 0 0 0 1
Nominal 456 484.0 pelvis 0.613781631 -1.53555177e-08 0.789475858 0 -1.53555177e-08 1 3.13884883e-08 0 -0.789475858 -3.13884883e-08 0.613781631 0 0.0656789765 0.529999971 0.126045227 1
Nominal 456 484.0 chest 0.892294288 0.0292290468 0.450507015 0 -0.0260626283 0.999572754 -0.0132318111 0 -0.450701296 6.52722738e-05 0.892674863 0 0.0656789616 0.930000067 0.126045227 1
Nominal 456 484.0 head 0.998551726 1.86410034e-08 0.0538000166 0 4.41050361e-08 1 -1.18862226e-06 0 -0.0538000166 1.19063407e-06 0.998551786 0 0.0558276065 1.30883718 0.121016182 1
Nominal 456 484.0 arm_R_0 0.135258064 -0.00046876166 0.990810335 0 0.970564246 -0.20106028 -0.132589355 0 0.199274734 0.979578733 -0.0267400239 0 -0.0580734424 0.930000067 0.371158004 1
Nominal 456 484.0 arm_R_1 0.301632762 -0.000777505338 0.953423917 0 0.948450089 -0.101770267 -0.300142169 0 0.0972635448 0.994807541 -0.0299597979 0 0.190402612 0.788417995 0.337162018 1
Nominal 456 484.0 arm_R_2 0.545194566 -0.000859960914 0.83830905 0 0.836539149 0.0655149221 -0.543976307 0 -0.0544539914 0.997851193 0.036437802 0 0.381100684 0.767946661 0.276499391 1
Nominal 456 484.0 hand_R 0.990431964 -0.00364953279 -0.137953967 0 -0.136833012 0.103872836 -0.985133052 0 0.0179249644 0.994583845 0.10237962 0 0.514021158 0.868586838 0.189169914 1
Nominal 456 484.0 bat_grip 0.990431964 -0.0036495172 -0.137953907 0 -0.136832952 0.103872746 -0.985133052 0 0.017924929 0.994583845 0.102379531 0 0.514021158 0.868586838 0.189169914 1
Nominal 456 484.0 bat_barrel 0.990431964 -0.0036494052 -0.137953833 0 -0.136832863 0.103873476 -0.985132933 0 0.0179249123 0.994583786 0.102380283 0 0.396344781 0.957917392 -0.658044577 1
Nominal 456 484.0 bat_tip 0.990431964 -0.00364960614 -0.137953922 0 -0.136832952 0.103872746 -0.985133052 0 0.0179250184 0.994583845 0.102379516 0 0.349821568 0.993234277 -0.992989838 1
Nominal 456 484.0 arm_L_0 -0.0814389437 -0.000470608473 0.996678352 0 0.9582932 -0.274887621 0.0781725943 0 0.273937911 0.961476207 0.0228374228 0 0.189431354 0.930000126 -0.119067453 1
Nominal 456 484.0 arm_L_1 -0.432687551 -0.000840350986 0.901543796 0 0.894414842 -0.12591055 0.429148734 0 0.113153487 0.992041171 0.0552314818 0 0.347910702 0.794299781 -0.105647668 1
Nominal 456 484.0 arm_L_2 -0.892603636 0.000596404076 0.450842172 0 0.443580031 0.179927811 0.877987981 0 -0.0805951059 0.983679533 -0.160868928 0 0.448612183 0.779710412 -0.0566722825 1
Nominal 456 484.0 hand_L 0.990432024 -0.00364953279 -0.137954175 0 -0.136833102 0.103872761 -0.98513329 0 0.0179253221 0.994583726 0.102379397 0 0.490759522 0.88624531 0.0216973424 1
Nominal 456 484.0 foot_R 0 4.37113883e-08 1 0 0.99999994 0 0 0 0 1 -4.37113883e-08 0 0.0799999833 0.0688500032 0.49000001 1
Nominal 456 484.0 foot_L -0.0478924066 -3.79804624e-05 0.998852491 0 0.998623729 -0.0213990379 0.0478806309 0 0.0213726629 0.999770999 0.0010627798 0 0.0819999278 0.0770514682 -0.358312994 1
Nominal 456 484.5 root 1 0 0 0 0 1 0 0 0 0 1 0 0 0 0 1
Nominal 456 484.5 pelvis 0.603444636 -4.84985101e-08 0.797405005 0 -4.84985065e-08 1 9.75221965e-08 0 -0.797405005 -9.75221965e-08 0.603444636 0 0.0660523996 0.529999971 0.126296967 1
Nominal 456 484.5 chest 0.88359791 0.0300383102 0.467282176 0 -0.0265266858 0.999548733 -0.0140939206 0 -0.467494696 5.79111547e-05 0.88399595 0 0.0660523772 0.930000007 0.126296967 1
Nominal 456 484.5 head 0.99851048 2.03116178e-06 0.0545626879 0 -2.21416121e-06 0.99999994 3.34385913e-06 0 -0.0545626581 -3.46029628e-06 0.998510361 0 0.0560213439 1.30882812 0.120943464 1
Nominal 456 484.5 arm_R_0 0.112840541 -0.000404980034 0.993613064 0 0.972328246 -0.205830395 -0.110507153 0 0.204560518 0.978587627 -0.0228321943 0 -0.0623437911 0.930000663 0.369079739 1
Nominal 456 484.5 arm_R_1 0.275174737 -0.000696927309 0.961394072 0 0.955714822 -0.108338483 -0.273627669 0 0.104346655 0.994113803 -0.0291459151 0 0.186548039 0.787220895 0.340754479 1
Nominal 456 484.5 arm_R_2 0.518589079 -0.000790089369 0.855023265 0 0.853552699 0.0591129884 -0.517642498 0 -0.0501340255 0.998250961 0.0313297734 0 0.377681911 0.765544534 0.285774529 1
Nominal 456 484.5 hand_R 0.998950481 -0.00350451469 -0.045671761 0 -0.0451338589 0.0948581994 -0.994467139 0 0.00781747699 0.995484591 0.0946004987 0 0.511069834 0.864970207 0.204151243 1
Nominal 456 484.5 bat_grip 0.998950481 -0.00350449816 -0.045671694 0 -0.0451337956 0.09485811 -0.994467139 0 0.00781745091 0.995484591 0.0946004093 0 0.511069834 0.864970207 0.204151243 1
Nominal 456 484.5 bat_barrel 0.998950481 -0.00350438524 -0.0456716195 0 -0.0451337211 0.0948588476 -0.99446702 0 0.00781736523 0.995484531 0.0946011543 0 0.472254753 0.946548164 -0.651090503 1
Nominal 456 484.5 bat_tip 0.998950481 -0.0035045871 -0.0456717014 0 -0.0451337956 0.09485811 -0.994467139 0 0.00781754032 0.995484591 0.0946004018 0 0.456909239 0.978800058 -0.989209414 1
Nominal 456 484.5 arm_L_0 -0.101800948 -0.000402137637 0.9948048 0 0.955001712 -0.280077577 0.0976144969 0 0.278583407 0.959977269 0.0288960859 0 0.194448531 0.929999471 -0.116485752 1
Nominal 456 484.5 arm_L_1 -0.449277908 -0.000701129436 0.893391967 0 0.885075092 -0.136483476 0.44498831 0 0.1216214 0.99064213 0.0619394779 0 0.355364889 0.792600632 -0.0996150896 1
Nominal 456 484.5 arm_L_2 -0.889985383 0.000920057297 0.455988228 0 0.450552344 0.15573436 0.879061699 0 -0.0702040493 0.987798572 -0.139015988 0 0.458516717 0.77633667 -0.0471856669 1
Nominal 456 484.5 hand_L 0.998948693 -0.00279721618 -0.0457550734 0 -0.0452837124 0.0948710591 -0.994459093 0 0.00712275505 0.995485604 0.0946444869 0 0.503328741 0.881242871 0.0355840698 1
Nominal 456 484.5 foot_R 0 4.37113883e-08 1 0 0.99999994 0 0 0 0 1 -4.37113883e-08 0 0.0799999833 0.0688500032 0.49000001 1
Nominal 456 484.5 foot_L -0.0523615628 -3.68026158e-05 0.998628199 0 0.998354912 -0.0233924557 0.0523463748 0 0.0233584363 0.999726355 0.00126160763 0 0.082244426 0.0778137073 -0.360013545 1
Nominal 456 485.0 root 1 0 0 0 0 1 0 0 0 0 1 0 0 0 0 1
Nominal 456 485.0 pelvis 0.5930053 -8.25002218e-08 0.80519855 0 -8.25002218e-08 1 1.63218488e-07 0 -0.80519855 -1.63218473e-07 0.5930053 0 0.0664258227 0.529999971 0.126548693 1
Nominal 456 485.0 chest 0.874585509 0.030847501 0.483889103 0 -0.0269694403 0.999524117 -0.0149739627 0 -0.484120756 4.57919959e-05 0.875001192 0 0.0664258003 0.929999948 0.126548693 1
Nominal 456 485.0 head 0.998468459 -8.3255145e-09 0.0553249121 0 6.10452844e-08 1 -9.54696588e-07 0 -0.0553249121 9.58127202e-07 0.998468399 0 0.0562230833 1.30881882 0.120863795 1
Nominal 456 485.0 arm_R_0 0.0903637409 -0.000329677016 0.995908678 0 0.973568559 -0.210591137 -0.088406384 0 0.209758669 0.977574229 -0.0187087953 0 -0.0665701777 0.929999948 0.366913497 1
Nominal 456 485.0 arm_R_1 0.248510614 -0.000546723604 0.968628943 0 0.962198019 -0.114902452 -0.246925473 0 0.111432806 0.993376672 -0.0280283839 0 0.182603315 0.78602314 0.344263017 1
Nominal 456 485.0 arm_R_2 0.491485059 -0.00060466677 0.87088567 0 0.869692087 0.0526842028 -0.490774751 0 -0.0455851816 0.998611212 0.0264194086 0 0.373998761 0.76315701 0.294945955 1
Nominal 456 485.0 hand_R 0.998894751 -0.00256201625 0.0469313264 0 0.0469785631 0.0854159892 -0.995237112 0 -0.00145879388 0.996342301 0.0854418576 0 0.507616639 0.86140269 0.218962014 1
Nominal 456 485.0 bat_grip 0.998894751 -0.00256199925 0.0469313934 0 0.0469786264 0.0854158998 -0.995237112 0 -0.00145881181 0.996342301 0.0854417607 0 0.507616639 0.86140269 0.218961999 1
Nominal 456 485.0 bat_barrel 0.998894751 -0.00256188586 0.046931468 0 0.046978686 0.0854166374 -0.995236993 0 -0.00145896594 0.996342242 0.0854424983 0 0.548018217 0.934860349 -0.63694191 1
Nominal 456 485.0 bat_tip 0.998894751 -0.00256208843 0.046931386 0 0.0469786264 0.0854158998 -0.995237112 0 -0.00145872252 0.996342301 0.0854417682 0 0.563990951 0.963901877 -0.975322664 1
Nominal 456 485.0 arm_L_0 -0.122121379 -0.00033095479 0.992515087 0 0.951288819 -0.285257012 0.116953552 0 0.283083379 0.958451033 0.0351507068 0 0.199421749 0.930000126 -0.113816097 1
Nominal 456 485.0 arm_L_1 -0.465733051 -0.000590950251 0.884925246 0 0.875346839 -0.147041708 0.4605937 0 0.129848957 0.989130199 0.0689993873 0 0.362685621 0.790869534 -0.0933902636 1
Nominal 456 485.0 arm_L_2 -0.887422144 0.000419259071 0.460957617 0 0.457016915 0.131278396 0.879716694 0 -0.0601446629 0.991345525 -0.116691098 0 0.468171477 0.772849739 -0.0374088697 1
Nominal 456 485.0 hand_L 0.99889487 -0.00256189704 0.0469310656 0 0.0469785556 0.0854160488 -0.99523747 0 -0.00145867467 0.996342063 0.085441798 0 0.515603006 0.875923395 0.0497719571 1
Nominal 456 485.0 foot_R 0 4.37113883e-08 1 0 0.99999994 0 0 0 0 1 -4.37113883e-08 0 0.0799999833 0.0688500032 0.49000001 1
Nominal 456 485.0 foot_L -0.0568296574 -2.67023697e-05 0.99838388 0 0.998062134 -0.0253857579 0.0568106696 0 0.0253432114 0.999677718 0.00146931468 0 0.0824889243 0.0785759464 -0.361714125 1
Nominal 456 485.5 root 1 0 0 0 0 1 0 0 0 0 1 0 0 0 0 1
Nominal 456 485.5 pelvis 0.582899511 -4.20603889e-08 0.812544286 0 -4.20603889e-08 1 8.19369106e-08 0 -0.812544286 -8.19369106e-08 0.582899511 0 0.066761449 0.529999971 0.126782805 1
Nominal 456 485.5 chest 0.864825964 0.0316474885 0.50107336 0 -0.0273621157 0.999499083 -0.015902197 0 -0.501325607 4.22077173e-05 0.865258813 0 0.066761449 0.929999948 0.126782805 1
Nominal 456 485.5 head 0.998426855 2.05664583e-06 0.0560706258 0 -2.24653013e-06 0.99999994 3.32291893e-06 0 -0.0560706258 -3.43756983e-06 0.998426974 0 0.0564088151 1.30880964 0.120749079 1
Nominal 456 485.5 arm_R_0 0.0682885647 -0.000229424331 0.997665584 0 0.974389732 -0.214732051 -0.0667447895 0 0.214246064 0.976673007 -0.0144401649 0 -0.0709670335 0.930000782 0.364496648 1
Nominal 456 485.5 arm_R_1 0.221732348 -0.000427953899 0.975107491 0 0.967954695 -0.120803729 -0.22015889 0 0.11789082 0.992676318 -0.0263718292 0 0.178600937 0.784935653 0.347402722 1
Nominal 456 485.5 arm_R_2 0.462738335 -0.000558540225 0.886494637 0 0.885547221 0.0465164445 -0.462214589 0 -0.0409784131 0.998917341 0.0220195912 0 0.370410115 0.76097548 0.303652316 1
Nominal 456 485.5 hand_R 0.991497397 -0.00216849148 0.130108207 0 0.129889831 0.0767570138 -0.988553047 0 -0.00784301758 0.997047424 0.0763860345 0 0.504474342 0.858117759 0.23326008 1
Nominal 456 485.5 bat_grip 0.991497397 -0.00216847379 0.130108267 0 0.129889891 0.0767569244 -0.988553047 0 -0.00784302782 0.997047424 0.0763859376 0 0.504474342 0.858117759 0.233260065 1
Nominal 456 485.5 bat_barrel 0.991497397 -0.0021683597 0.130108342 0 0.129889935 0.076757662 -0.988552928 0 -0.00784324296 0.997047365 0.0763866603 0 0.616179645 0.924128711 -0.616895556 1
Nominal 456 485.5 bat_tip 0.991497397 -0.00216856296 0.130108267 0 0.129889891 0.0767569244 -0.988553047 0 -0.00784293935 0.997047424 0.0763859525 0 0.660342216 0.950226188 -0.953003705 1
Nominal 456 485.5 arm_L_0 -0.143808275 -0.000276848674 0.989605665 0 0.947042823 -0.290158749 0.137541801 0 0.287104785 0.956978321 0.0419893041 0 0.204489857 0.929999292 -0.110931017 1
Nominal 456 485.5 arm_L_1 -0.484208763 -0.000440269709 0.874952674 0 0.864275753 -0.155985802 0.478221536 0 0.136269793 0.987759054 0.0759101361 0 0.36954838 0.789288223 -0.0867073908 1
Nominal 456 485.5 arm_L_2 -0.887603879 0.000348925591 0.460607767 0 0.45780471 0.110819794 0.88211894 0 -0.0507364571 0.993840277 -0.0985239893 0 0.47684443 0.76970613 -0.0269308183 1
Nominal 456 485.5 hand_L 0.99150449 -0.00169205666 0.130061045 0 0.129805923 0.0768324435 -0.988558352 0 -0.00832000375 0.997042418 0.0763992667 0 0.526421964 0.87130177 0.0655651316 1
Nominal 456 485.5 foot_R 0 4.37113883e-08 1 0 0.99999994 0 0 0 0 1 -4.37113883e-08 0 0.0799999833 0.0688500032 0.49000001 1
Nominal 456 485.5 foot_L -0.0615145415 -2.9462617e-05 0.998106182 0 0.997729421 -0.0274741948 0.0614905134 0 0.0274203494 0.999622524 0.00171945803 0 0.082764715 0.0793739259 -0.363493264 1
Nominal 456 486.0 root 1 0 0 0 0 1 0 0 0 0 1 0 0 0 0 1
Nominal 456 486.0 pelvis 0.572702706 -6.08235795e-10 0.819763184 0 -6.08235795e-10 1 1.16689092e-09 0 -0.819763184 -1.16689092e-09 0.572702706 0 0.0670970753 0.529999971 0.127016917 1
Nominal 456 486.0 chest 0.854728222 0.0324474163 0.518060565 0 -0.0277313255 0.999473453 -0.0168466456 0 -0.518334448 3.27969028e-05 0.855177999 0 0.0670970902 0.929999948 0.127016932 1
Nominal 456 486.0 head 0.998384655 -4.73319233e-08 0.0568163693 0 7.880044e-08 1 -5.87448085e-07 0 -0.0568164289 5.90349373e-07 0.998384595 0 0.0566033274 1.30880022 0.120628171 1
Nominal 456 486.0 arm_R_0 0.0461785011 -0.000125544146 0.998933136 0 0.974713027 -0.218864664 -0.0450863577 0 0.218636841 0.975755095 -0.00998443179 0 -0.0753110573 0.930000007 0.361986607 1
Nominal 456 486.0 arm_R_1 0.194788605 -0.000250056386 0.980845213 0 0.972934604 -0.12669906 -0.193249941 0 0.124320462 0.991941035 -0.0244362317 0 0.174523473 0.783845544 0.350456864 1
Nominal 456 486.0 arm_R_2 0.433507144 -0.000393092632 0.901149929 0 0.900423825 0.0403269902 -0.433140337 0 -0.0361704379 0.999186337 0.0178360045 0 0.366580009 0.758801758 0.312260628 1
Nominal 456 486.0 hand_R 0.977200389 -0.00108842552 0.212315559 0 0.211899802 0.0677670836 -0.974938989 0 -0.0133268237 0.997700572 0.0664525926 0 0.500859082 0.854869723 0.247397482 1
Nominal 456 486.0 bat_grip 0.977200389 -0.00108840736 0.212315619 0 0.211899862 0.0677669942 -0.974938989 0 -0.0133268256 0.997700572 0.0664524958 0 0.500859082 0.854869723 0.247397467 1
Nominal 456 486.0 bat_barrel 0.977200389 -0.00108829257 0.212315693 0 0.211899891 0.0677677318 -0.974938869 0 -0.0133271003 0.997700512 0.0664531961 0 0.683092952 0.913149357 -0.591050088 1
Nominal 456 486.0 bat_tip 0.977200389 -0.00108849653 0.212315619 0 0.211899862 0.0677669942 -0.974938989 0 -0.013326738 0.997700572 0.0664525181 0 0.755138934 0.936190248 -0.922529519 1
Nominal 456 486.0 arm_L_0 -0.165427431 -0.000218942761 0.986222029 0 0.942327857 -0.295050085 0.157999068 0 0.290950477 0.955481768 0.0490155965 0 0.209505111 0.930000067 -0.107952684 1
Nominal 456 486.0 arm_L_1 -0.502484977 -0.000299304724 0.864586115 0 0.852772713 -0.164914742 0.495562077 0 0.142434865 0.986307859 0.0831223503 0 0.376257658 0.787681937 -0.079844065 1
Nominal 456 486.0 arm_L_2 -0.887846947 -0.00030836463 0.460139006 0 0.458237976 0.0902133882 0.884239435 0 -0.041783005 0.995922446 -0.079954505 0 0.485232294 0.766474724 -0.0161797758 1
Nominal 456 486.0 hand_L 0.977200627 -0.0010882616 0.212315455 0 0.211899757 0.0677670836 -0.974939167 0 -0.0133265853 0.997700572 0.0664524734 0 0.536881864 0.86638999 0.0816577598 1
Nominal 456 486.0 foot_R 0 4.37113883e-08 1 0 0.99999994 0 0 0 0 1 -4.37113883e-08 0 0.0799999833 0.0688500032 0.49000001 1
Nominal 456 486.0 foot_L -0.0661980435 -2.24181422e-05 0.997806489 0 0.997370362 -0.0295624901 0.0661684498 0 0.0294961613 0.999562919 0.00197933847 0 0.0830405056 0.0801719129 -0.365272403 1
Nominal 456 486.5 root 1 0 0 0 0 1 0 0 0 0 1 0 0 0 0 1
Nominal 456 486.5 pelvis 0.563045561 3.39134267e-08 0.82642591 0 3.39134267e-08 1 -6.41415383e-08 0 -0.82642591 6.41415383e-08 0.563045561 0 0.0673667192 0.529999971 0.127221987 1
Nominal 456 486.5 chest 0.843158841 0.0332492888 0.536635578 0 -0.028016869 0.999447107 -0.017904589 0 -0.536934197 6.15631216e-05 0.843624115 0 0.0673667416 0.930000007 0.127221987 1
Nominal 456 486.5 head 0.998342991 2.24727955e-06 0.0575456023 0 -2.40786176e-06 1 2.67611904e-06 0 -0.0575456023 -2.81068424e-06 0.998342872 0 0.0567772724 1.30878997 0.120429255 1
Nominal 456 486.5 arm_R_0 0.0244229045 -0.000217626337 0.999701679 0 0.974776685 -0.221903384 -0.0238621645 0 0.221842378 0.975068569 -0.00520733185 0 -0.0800541341 0.93000114 0.358859181 1
Nominal 456 486.5 arm_R_1 0.167241797 -0.000461921096 0.985915899 0 0.977347136 -0.13147755 -0.16584973 0 0.129702389 0.991318941 -0.0215370506 0 0.170143932 0.782945156 0.352789938 1
Nominal 456 486.5 arm_R_2 0.400834382 -0.000755272806 0.916150331 0 0.915617406 0.0344400033 -0.400572807 0 -0.0312496983 0.999406397 0.0144962929 0 0.362582624 0.756996512 0.320062548 1
Nominal 456 486.5 hand_R 0.960626006 -0.00214444101 0.277836502 0 0.277471304 0.059232682 -0.958906293 0 -0.0144006312 0.998241842 0.0574954748 0 0.497277886 0.852150857 0.260697514 1
Nominal 456 486.5 bat_grip 0.960626006 -0.00214442238 0.277836561 0 0.277471364 0.0592325889 -0.958906293 0 -0.0144006265 0.998241842 0.057495378 0 0.497277886 0.852150857 0.260697514 1
Nominal 456 486.5 bat_barrel 0.960626006 -0.00214430713 0.277836621 0 0.277471393 0.0592333302 -0.958906174 0 -0.0144009478 0.998241782 0.0574960597 0 0.735903263 0.903090894 -0.563961864 1
Nominal 456 486.5 bat_tip 0.960626006 -0.00214451156 0.277836561 0 0.277471364 0.0592325889 -0.958906293 0 -0.0144005409 0.998241842 0.057495404 0 0.830243528 0.923230112 -0.889990211 1
Nominal 456 486.5 arm_L_0 -0.190179735 -0.000388205051 0.981749177 0 0.936694562 -0.299535573 0.181333452 0 0.293998569 0.954085052 0.0573291928 0 0.214787513 0.929998934 -0.104415178 1
Nominal 456 486.5 arm_L_1 -0.525086224 -0.000535473228 0.851049006 0 0.838567436 -0.170963719 0.517277598 0 0.14522174 0.985277236 0.0902197137 0 0.382131547 0.786295414 -0.0717457831 1
Nominal 456 486.5 arm_L_2 -0.893468142 -0.000417172909 0.449126542 0 0.447769701 0.0768472925 0.890840471 0 -0.0348854959 0.997042775 -0.0684738457 0 0.491719216 0.763712585 -0.00353263132 1
Nominal 456 486.5 hand_L 0.96062845 -0.00196687877 0.277830094 0 0.277454436 0.0592649281 -0.958909452 0 -0.0145790726 0.998240352 0.0574771464 0 0.544373155 0.862272739 0.0978439376 1
Nominal 456 486.5 foot_R 0 4.37113883e-08 1 0 0.99999994 0 0 0 0 1 -4.37113883e-08 0 0.0799999833 0.0688500032 0.49000001 1
Nominal 456 486.5 foot_L -0.0714068189 -4.55590962e-05 0.997447252 0 0.996940255 -0.031882152 0.0713690743 0 0.0317975096 0.999491632 0.00232202257 0 0.0833702832 0.0810575485 -0.367244899 1
Nominal 456 487.0 root 1 0 0 0 0 1 0 0 0 0 1 0 0 0 0 1
Nominal 456 487.0 pelvis 0.553310752 6.9198947e-08 0.832974911 0 6.9198947e-08 1 -1.29040458e-07 0 -0.832974911 1.29040458e-07 0.553310752 0 0.0676363707 0.529999971 0.127427056 1
Nominal 456 487.0 chest 0.831184983 0.034051396 0.554952323 0 -0.0282737762 0.999420106 -0.0189762451 0 -0.555276632 8.21725116e-05 0.831665635 0 0.0676364079 0.930000067 0.127427056 1
Nominal 456 487.0 head 0.998300552 -3.49609763e-09 0.0582749844 0 7.99118425e-08 1 -1.36750896e-06 0 -0.058274895 1.36900053e-06 0.998300493 0 0.0569622181 1.3087796 0.120225705 1
Nominal 456 487.0 arm_R_0 0.00265390682 -0.000316640828 0.999996364 0 0.974370003 -0.224935353 -0.00265690801 0 0.224935323 0.974373639 -0.00028834492 0 -0.0847196206 0.930000007 0.355624974 1
Nominal 456 487.0 arm_R_1 0.139563292 -0.000630781054 0.990212977 0 0.980966508 -0.136251897 -0.138346657 0 0.135005608 0.990674019 -0.0183969289 0 0.165720001 0.782041132 0.355025828 1
Nominal 456 487.0 arm_R_2 0.367648304 -0.000991858542 0.929964364 0 0.929596543 0.0285293888 -0.36747238 0 -0.0261668637 0.999592423 0.011410851 0 0.358381659 0.755193174 0.327760041 1
Nominal 456 487.0 hand_R 0.939676583 -0.00275021791 0.342052937 0 0.34174946 0.0504077375 -0.938438177 0 -0.0146611035 0.998724937 0.0483069122 0 0.493265718 0.849456728 0.273827374 1
Nominal 456 487.0 bat_grip 0.939676583 -0.00275019859 0.342052996 0 0.341749519 0.0504076444 -0.938438177 0 -0.0146610923 0.998724937 0.0483068153 0 0.493265718 0.849456728 0.273827374 1
Nominal 456 487.0 bat_barrel 0.939676583 -0.00275008264 0.342053056 0 0.341749549 0.0504083857 -0.938438058 0 -0.0146614593 0.998724878 0.0483074747 0 0.787170291 0.892807305 -0.53322947 1
Nominal 456 487.0 bat_tip 0.939676583 -0.002750288 0.342052996 0 0.341749519 0.0504076444 -0.938438177 0 -0.0146610085 0.998724937 0.0483068451 0 0.903365135 0.909946024 -0.852298558 1
Nominal 456 487.0 arm_L_0 -0.214814037 -0.000552088022 0.976654768 0 0.930464506 -0.304011106 0.20448263 0 0.29680118 0.952668428 0.0658195019 0 0.219992384 0.930000067 -0.100770846 1
Nominal 456 487.0 arm_L_1 -0.547334015 -0.000755235553 0.836914003 0 0.823773324 -0.176999629 0.538580298 0 0.147726923 0.98421073 0.0975000113 0 0.387794375 0.78489542 -0.063494578 1
Nominal 456 487.0 arm_L_2 -0.898977518 -0.000777482986 0.437994242 0 0.437067568 0.0634428114 0.897188306 0 -0.0284848511 0.997985184 -0.0566939861 0 0.49781853 0.76090157 0.00933734514 1
Nominal 456 487.0 hand_L 0.939676881 -0.0027500838 0.342052728 0 0.341749609 0.0504079461 -0.938438356 0 -0.0146609843 0.998724937 0.0483068228 0 0.551362991 0.858026028 0.114292875 1
Nominal 456 487.0 foot_R 0 4.37113883e-08 1 0 0.99999994 0 0 0 0 1 -4.37113883e-08 0 0.0799999833 0.0688500032 0.49000001 1
Nominal 456 487.0 foot_L -0.0766136721 -5.65828523e-05 0.997060835 0 0.996477604 -0.0342017226 0.0765669271 0 0.0340968631 0.999414921 0.00267670327 0 0.0837000608 0.0819431841 -0.369217396 1
Nominal 456 487.5 root 1 0 0 0 0 1 0 0 0 0 1 0 0 0 0 1
Nominal 456 487.5 pelvis 0.543737054 1.69424652e-08 0.839255691 0 1.69424652e-08 1 -3.11641806e-08 0 -0.839255691 3.11641806e-08 0.543737054 0 0.0678995252 0.529999971 0.127627194 1
Nominal 456 487.5 chest 0.819115043 0.0348344259 0.572570682 0 -0.0285069831 0.999393106 -0.0200198684 0 -0.57292062 7.63119606e-05 0.819610953 0 0.0678995401 0.930000007 0.127627194 1
Nominal 456 487.5 head 0.998258829 2.17786874e-06 0.0589868426 0 -2.31684317e-06 1 2.25855911e-06 0 -0.058986932 -2.39297515e-06 0.99825877 0 0.0571321212 1.30876935 0.120031752 1
Nominal 456 487.5 arm_R_0 -0.0185910892 -0.000275764614 0.999827087 0 0.973518074 -0.227897704 0.0180390347 0 0.227853313 0.973685086 0.00450535212 0 -0.0893453807 0.93000102 0.352573216 1
Nominal 456 487.5 arm_R_1 0.112444811 -0.000576592982 0.993657827 0 0.983734071 -0.140913486 -0.111403547 0 0.140083984 0.990021765 -0.0152777731 0 0.161447361 0.781163156 0.357300639 1
Nominal 456 487.5 arm_R_2 0.334796399 -0.000934928656 0.942289948 0 0.942053318 0.0227712821 -0.334689647 0 -0.0211442858 0.999740303 0.00850451365 0 0.354479879 0.753433406 0.335367769 1
Nominal 456 487.5 hand_R 0.915081024 -0.00265485048 0.403261483 0 0.403009176 0.0420054793 -0.91423142 0 -0.0145120025 0.999113798 0.0395083427 0 0.489767134 0.846807122 0.286793232 1
Nominal 456 487.5 bat_grip 0.915081024 -0.00265483069 0.403261542 0 0.403009236 0.0420053862 -0.91423142 0 -0.0145119857 0.999113798 0.0395082496 0 0.489767134 0.846807122 0.286793232 1
Nominal 456 487.5 bat_barrel 0.915081024 -0.00265471404 0.403261602 0 0.403009266 0.0420061275 -0.91423136 0 -0.0145123955 0.999113739 0.0395088829 0 0.83635509 0.882931769 -0.499445796 1
Nominal 456 487.5 bat_tip 0.915081024 -0.0026549201 0.403261542 0 0.403009236 0.0420053862 -0.91423142 0 -0.0145119037 0.999113798 0.0395082869 0 0.973378241 0.897213697 -0.810284615 1
Nominal 456 487.5 arm_L_0 -0.23872295 -0.000489264727 0.971087754 0 0.923796773 -0.308377981 0.226941913 0 0.299351275 0.951263785 0.0740687773 0 0.225144416 0.929998994 -0.0973188207 1
Nominal 456 487.5 arm_L_1 -0.56867063 -0.000673592091 0.822565317 0 0.808760881 -0.182893902 0.558977365 0 0.150065973 0.983132482 0.104551107 0 0.393521667 0.78354311 -0.055593878 1
Nominal 456 487.5 arm_L_2 -0.904199243 -0.000566184521 0.42711094 0 0.426542729 0.0503752157 0.903063476 0 -0.0220266581 0.998730302 -0.0453078598 0 0.504141569 0.758207381 0.0216749981 1
Nominal 456 487.5 hand_L 0.915083706 -0.00249134004 0.403256118 0 0.402996689 0.0420587361 -0.914234638 0 -0.0146822929 0.999112129 0.0394910872 0 0.558172524 0.854016721 0.131519347 1
Nominal 456 487.5 foot_R 0 4.37113883e-08 1 0 0.99999994 0 0 0 0 1 -4.37113883e-08 0 0.0799999833 0.0688500032 0.49000001 1
Nominal 456 487.5 foot_L -0.0816932693 -5.56530504e-05 0.996657491 0 0.995994747 -0.0364652574 0.0816369206 0 0.0363388285 0.999334931 0.0030343961 0 0.0840456933 0.0828066468 -0.371138722 1
Nominal 456 488.0 root 1 0 0 0 0 1 0 0 0 0 1 0 0 0 0 1
Nominal 456 488.0 pelvis 0.534092367 -3.64312456e-08 0.845426142 0 -3.64312456e-08 1 6.61073685e-08 0 -0.845426142 -6.61073685e-08 0.534092367 0 0.0681626797 0.529999971 0.127827317 1
Nominal 456 488.0 chest 0.806671262 0.0356173329 0.589926183 0 -0.0287126955 0.999365509 -0.0210755635 0 -0.590302467 6.26817055e-05 0.807182074 0 0.0681626722 0.929999948 0.127827317 1
Nominal 456 488.0 head 0.998216391 3.7591235e-08 0.0596983731 0 2.67828e-08 1 -1.06761581e-06 0 -0.0596983135 1.06679727e-06 0.99821651 0 0.0573124029 1.30875897 0.119832985 1
Nominal 456 488.0 arm_R_0 -0.0398283564 -0.000241682865 0.999206483 0 0.972218633 -0.230853721 0.0386968553 0 0.230661184 0.972988486 0.009429547 0 -0.0939015597 0.929999888 0.349416733 1
Nominal 456 488.0 arm_R_1 0.0852437839 -0.000481545925 0.996360004 0 0.985741019 -0.14556852 -0.0844055787 0 0.145079285 0.989348114 -0.0119340941 0 0.157128453 0.780280292 0.359484643 1
Nominal 456 488.0 arm_R_2 0.301539958 -0.000757090747 0.953453124 0 0.95331955 0.0169997681 -0.301484197 0 -0.0159802176 0.999855399 0.00584787875 0 0.35038057 0.751671612 0.342885911 1
Nominal 456 488.0 hand_R 0.886525273 -0.00209793448 0.462675214 0 0.462480426 0.0333870351 -0.886000633 0 -0.0135884583 0.999440491 0.0305686891 0 0.485855132 0.844174266 0.29962039 1
Nominal 456 488.0 bat_grip 0.886525273 -0.00209791423 0.462675273 0 0.462480485 0.033386942 -0.886000633 0 -0.013588435 0.999440491 0.030568596 0 0.485855132 0.844174266 0.29962039 1
Nominal 456 488.0 bat_barrel 0.886525273 -0.00209779711 0.462675333 0 0.462480515 0.0333876833 -0.886000574 0 -0.0135888848 0.999440491 0.0305692013 0 0.883588314 0.872887015 -0.462340176 1
Nominal 456 488.0 bat_tip 0.886525273 -0.00209800364 0.462675273 0 0.462480485 0.033386942 -0.886000633 0 -0.0135883559 0.999440491 0.030568637 0 1.04083169 0.88423872 -0.763580561 1
Nominal 456 488.0 arm_L_0 -0.262488484 -0.000421449542 0.964935064 0 0.916568995 -0.312735081 0.24919498 0 0.301664174 0.949840307 0.0824755654 0 0.230226874 0.930000007 -0.0937620923 1
Nominal 456 488.0 arm_L_1 -0.589639425 -0.000576481223 0.80766654 0 0.793209255 -0.188774675 0.578950107 0 0.15213339 0.982020378 0.111766234 0 0.399052888 0.782175958 -0.0475391783 1
Nominal 456 488.0 arm_L_2 -0.909309387 -0.000593543053 0.41612044 0 0.415811151 0.0372696966 0.908686996 0 -0.0160477757 0.999305129 -0.0336429924 0 0.510101259 0.755462646 0.0342393368 1
Nominal 456 488.0 hand_L 0.886525214 -0.00209789723 0.462675452 0 0.462480724 0.0333873928 -0.886000633 0 -0.0135884881 0.999440253 0.0305688083 0 0.564476609 0.849850059 0.149000213 1
Nominal 456 488.0 foot_R 0 4.37113883e-08 1 0 0.99999994 0 0 0 0 1 -4.37113883e-08 0 0.0799999833 0.0688500032 0.49000001 1
Nominal 456 488.0 foot_L -0.0867707133 -4.31819535e-05 0.996228278 0 0.995481014 -0.0387285687 0.0867039561 0 0.0385787487 0.999249756 0.00340349227 0 0.0843913257 0.083670117 -0.373060048 1
Nominal 456 488.5 root 1 0 0 0 0 1 0 0 0 0 1 0 0 0 0 1
Nominal 456 488.5 pelvis 0.524867833 -3.00222531e-08 0.851183712 0 -3.00222567e-08 1 5.37838858e-08 0 -0.851183712 -5.37838893e-08 0.524867833 0 0.0684014633 0.529999971 0.12801598 1
Nominal 456 488.5 chest 0.794274867 0.0363841467 0.606468141 0 -0.0288912728 0.999337852 -0.022115659 0 -0.606871247 4.42747005e-05 0.794800162 0 0.0684014633 0.929999948 0.12801598 1
Nominal 456 488.5 head 0.998174667 2.11794759e-06 0.0603920519 0 -2.27403143e-06 1 2.51650999e-06 0 -0.0603920519 -2.65254857e-06 0.998174667 0 0.0574725159 1.30874872 0.119630702 1
Nominal 456 488.5 arm_R_0 -0.0604042597 -0.000143931247 0.998173892 0 0.97055757 -0.233607233 0.0586994588 0 0.233172208 0.972330928 0.0142506249 0 -0.0983090997 0.930000961 0.346346915 1
Nominal 456 488.5 arm_R_1 0.0587095357 -0.000314481556 0.998275042 0 0.986990392 -0.149916589 -0.0580930039 0 0.149676263 0.988698483 -0.00849110633 0 0.152931705 0.779457033 0.361586839 1
Nominal 456 488.5 arm_R_2 0.268330753 -0.000543989241 0.963326514 0 0.963264704 0.0115018524 -0.268306941 0 -0.0109340921 0.9999336 0.00361034647 0 0.346411228 0.750021756 0.350165427 1
Nominal 456 488.5 hand_R 0.854581118 -0.0015142262 0.519315481 0 0.519178271 0.0256660879 -0.854280353 0 -0.0120351911 0.999669313 0.0227200091 0 0.482143641 0.841690838 0.312100351 1
Nominal 456 488.5 bat_grip 0.854581058 -0.00151420548 0.519315541 0 0.519178331 0.0256659947 -0.854280293 0 -0.0120351622 0.999669313 0.0227199178 0 0.482143641 0.841690838 0.312100351 1
Nominal 456 488.5 bat_barrel 0.854580998 -0.0015140879 0.5193156 0 0.519178331 0.0256667379 -0.854280174 0 -0.0120356511 0.999669313 0.0227204915 0 0.928636968 0.863763571 -0.422580719 1
Nominal 456 488.5 bat_tip 0.854581058 -0.00151429488 0.519315541 0 0.519178331 0.0256659947 -0.854280293 0 -0.0120350858 0.999669313 0.0227199644 0 1.10515761 0.872490168 -0.71303612 1
Nominal 456 488.5 arm_L_0 -0.286292344 -0.000251412392 0.95814234 0 0.908882856 -0.316583395 0.271490425 0 0.303263962 0.948564529 0.090863809 0 0.235111997 0.929998934 -0.0903149024 1
Nominal 456 488.5 arm_L_1 -0.610087156 -0.00032684207 0.792334437 0 0.777351797 -0.193796784 0.598470628 0 0.153356552 0.98104161 0.118486956 0 0.40431416 0.780911446 -0.0395573229 1
Nominal 456 488.5 arm_L_2 -0.914435029 -0.000255703926 0.404732794 0 0.404593289 0.0256733876 0.914136171 0 -0.0106242597 0.999670267 -0.0233732611 0 0.515758455 0.752942681 0.0467446744 1
Nominal 456 488.5 hand_L 0.854582667 -0.00137514621 0.519313514 0 0.51917249 0.0257242918 -0.854282379 0 -0.0121837854 0.999668002 0.0226973891 0 0.570278704 0.846121073 0.167001471 1
Nominal 456 488.5 foot_R 0 4.37113883e-08 1 0 0.99999994 0 0 0 0 1 -4.37113883e-08 0 0.0799999833 0.0688500032 0.49000001 1
Nominal 456 488.5 foot_L -0.0918702558 -3.59147198e-05 0.995770991 0 0.994933724 -0.0410011783 0.0917915404 0 0.0408244804 0.999159098 0.00380252139 0 0.0847620219 0.0845363289 -0.374985158 1
Nominal 456 489.0 root 1 0 0 0 0 1 0 0 0 0 1 0 0 0 0 1
Nominal 456 489.0 pelvis 0.515581131 -2.34796467e-08 0.85684073 0 -2.34796502e-08 1 4.15308321e-08 0 -0.85684073 -4.15308357e-08 0.515581131 0 0.068640247 0.529999971 0.128204644 1
Nominal 456 489.0 chest 0.781538606 0.0371507183 0.622749686 0 -0.0290433411 0.999309659 -0.0231659319 0 -0.623180389 1.83409211e-05 0.782078087 0 0.0686402544 0.929999948 0.128204644 1
Nominal 456 489.0 head 0.998132467 3.65098458e-08 0.061085999 0 -2.07164703e-08 0.99999994 -2.28316821e-07 0 -0.0610859394 2.31625563e-07 0.998132467 0 0.0576425493 1.30873835 0.119424105 1
Nominal 456 489.0 arm_R_0 -0.0809556246 -5.27249649e-05 0.996717632 0 0.968478322 -0.236355036 0.0786495283 0 0.23557508 0.971666694 0.0191853903 0 -0.102651134 0.930000007 0.343179584 1
Nominal 456 489.0 arm_R_1 0.0321348235 -0.000110186636 0.999483466 0 0.987519562 -0.154257461 -0.0317670964 0 0.154181272 0.988030553 -0.0048481822 0 0.148691639 0.778628826 0.363603741 1
Nominal 456 489.0 arm_R_2 0.234806255 -0.000214532018 0.972041965 0 0.972024858 0.00599615276 -0.234800771 0 -0.00577814505 0.999981821 0.00161650032 0 0.342256606 0.748368502 0.357361287 1
Nominal 456 489.0 hand_R 0.819047928 -0.000485986471 0.573724627 0 0.573641241 0.0177746117 -0.818913639 0 -0.00979965925 0.999841809 0.0148370564 0 0.478043944 0.839219511 0.324452102 1
Nominal 456 489.0 bat_grip 0.819047868 -0.000485965225 0.573724687 0 0.5736413 0.0177745186 -0.818913579 0 -0.00979962386 0.999841809 0.014836967 0 0.478043944 0.839219511 0.324452102 1
Nominal 456 489.0 bat_barrel 0.819047809 -0.000485847151 0.573724747 0 0.5736413 0.0177752618 -0.81891346 0 -0.00980014913 0.999841809 0.014837509 0 0.971375465 0.854505599 -0.379813612 1
Nominal 456 489.0 bat_tip 0.819047868 -0.000486054632 0.573724687 0 0.5736413 0.0177745186 -0.818913579 0 -0.00979955029 0.999841809 0.0148370182 0 1.16641355 0.860549033 -0.658244312 1
Nominal 456 489.0 arm_L_0 -0.309921265 -7.49528408e-05 0.950762272 0 0.900640428 -0.32042262 0.293557674 0 0.304623961 0.947274625 0.0993732512 0 0.239931583 0.929999948 -0.0867702141 1
Nominal 456 489.0 arm_L_1 -0.630141735 -6.55353069e-05 0.776480317 0 0.760988891 -0.19880636 0.617553174 0 0.154328987 0.980038762 0.125326037 0 0.409380943 0.779634237 -0.0314319134 1
Nominal 456 489.0 arm_L_2 -0.919431865 -0.000119924545 0.393249273 0 0.393208653 0.0140479254 0.919341922 0 -0.00563430786 0.999901235 -0.0128690451 0 0.521052539 0.750379205 0.0594619215 1
Nominal 456 489.0 hand_L 0.819047809 -0.000486146659 0.573724985 0 0.573641539 0.0177749097 -0.818913698 0 -0.00979948044 0.99984169 0.0148372352 0 0.575562716 0.842240989 0.185236603 1
Nominal 456 489.0 foot_R 0 4.37113883e-08 1 0 0.99999994 0 0 0 0 1 -4.37113883e-08 0 0.0799999833 0.0688500032 0.49000001 1
Nominal 456 489.0 foot_L -0.096967347 -1.70029107e-05 0.995287538 0 0.994355261 -0.0432735085 0.0968757868 0 0.0430679321 0.999063253 0.00421302393 0 0.0851327181 0.0854025409 -0.376910239 1
Nominal 456 489.5 root 1 0 0 0 0 1 0 0 0 0 1 0 0 0 0 1
Nominal 456 489.5 pelvis 0.507522047 -1.51608006e-08 0.861638904 0 -1.51608024e-08 1 2.65253206e-08 0 -0.861638904 -2.65253224e-08 0.507522047 0 0.0687986836 0.529999971 0.128361434 1
Nominal 456 489.5 chest 0.769220233 0.0379152745 0.637858033 0 -0.0291534867 0.99928093 -0.024241399 0 -0.638318598 5.11838589e-05 0.76977247 0 0.0687986985 0.929999948 0.128361449 1
Nominal 456 489.5 head 0.998091102 2.12054147e-06 0.0617607236 0 -2.23267853e-06 1 1.79421477e-06 0 -0.0617607236 -1.93417145e-06 0.998091042 0 0.0577747151 1.30872703 0.119172208 1
Nominal 456 489.5 arm_R_0 -0.100463413 -0.000133568421 0.994940877 0 0.966231048 -0.238506094 0.0975324437 0 0.237286448 0.971140981 0.024090223 0 -0.106523976 0.93000102 0.339798599 1
Nominal 456 489.5 arm_R_1 0.00644391403 -0.000299744308 0.999979377 0 0.987461269 -0.15773122 -0.00641055126 0 0.157729894 0.987482011 -0.00072041899 0 0.144473463 0.777961433 0.365174562 1
Nominal 456 489.5 arm_R_2 0.200111032 -0.00061122328 0.979773104 0 0.979772806 0.00105523318 -0.200110361 0 -0.000911552459 0.999999285 0.000810019672 0 0.337708294 0.747031152 0.363890707 1
Nominal 456 489.5 hand_R 0.779231429 -0.0014455393 0.626734614 0 0.626704514 0.0118819773 -0.779166639 0 -0.00632038713 0.999928355 0.0101647079 0 0.473193347 0.837206841 0.335966647 1
Nominal 456 489.5 bat_grip 0.779231369 -0.00144551764 0.626734674 0 0.626704574 0.0118818842 -0.779166579 0 -0.00632034615 0.999928355 0.0101646213 0 0.473193347 0.837206841 0.335966647 1
Nominal 456 489.5 bat_barrel 0.77923131 -0.00144539913 0.626734734 0 0.626704574 0.0118826283 -0.77916646 0 -0.00632090587 0.999928355 0.010165127 0 1.01215935 0.847425282 -0.334116638 1
Nominal 456 489.5 bat_tip 0.779231369 -0.00144560705 0.626734674 0 0.626704574 0.0118818842 -0.779166579 0 -0.0063202763 0.999928355 0.0101646772 0 1.22523892 0.851465225 -0.599033356 1
Nominal 456 489.5 arm_L_0 -0.335955799 -0.000196635723 0.941877961 0 0.891560614 -0.322542429 0.317940772 0 0.303733259 0.946555018 0.108535178 0 0.244121343 0.929998875 -0.08307565 1
Nominal 456 489.5 arm_L_1 -0.650807917 -0.000170230865 0.759242892 0 0.743805587 -0.200770169 0.637530386 0 0.152324989 0.979638398 0.13078934 0 0.413175762 0.778627396 -0.0224946961 1
Nominal 456 489.5 arm_L_2 -0.925286293 -0.000260829926 0.379270345 0 0.37925756 0.0075494498 0.925260544 0 -0.00310432911 0.999971449 -0.00688661635 0 0.524472654 0.748369515 0.0736305118 1
Nominal 456 489.5 hand_L 0.779229403 -0.00135198794 0.626737773 0 0.626706719 0.0118950307 -0.77916503 0 -0.00640130043 0.999928355 0.0101161003 0 0.579610765 0.83924824 0.203622043 1
Nominal 456 489.5 foot_R 0 4.37113883e-08 1 0 0.99999994 0 0 0 0 1 -4.37113883e-08 0 0.0799999833 0.0688500032 0.49000001 1
Nominal 456 489.5 foot_L -0.102555268 -5.10465288e-05 0.994727314 0 0.993685424 -0.0457605012 0.10244552 0 0.0455139875 0.998952448 0.00474370364 0 0.085565418 0.0863496661 -0.379011124 1
Nominal 456 490.0 root 1 0 0 0 0 1 0 0 0 0 1 0 0 0 0 1
Nominal 456 490.0 pelvis 0.499418437 -6.70157885e-09 0.866360962 0 -6.70157885e-09 1 1.15984822e-08 0 -0.866360962 -1.15984822e-08 0.499418437 0 0.0689571202 0.529999971 0.128518209 1
Nominal 456 490.0 chest 0.756609142 0.038680099 0.652722418 0 -0.0292377733 0.999251664 -0.0253240746 0 -0.653213501 7.62759591e-05 0.757173896 0 0.0689571425 0.929999948 0.128518209 1
Nominal 456 490.0 head 0.99804914 5.73090801e-08 0.0624351501 0 1.44900696e-08 1 -1.13025817e-06 0 -0.0624351501 1.12901034e-06 0.99804914 0 0.0579167269 1.30871558 0.118918136 1
Nominal 456 490.0 arm_R_0 -0.119933456 -0.000220549293 0.992781937 0 0.96361208 -0.240651488 0.116356134 0 0.238888741 0.970611572 0.0290747248 0 -0.110323913 0.929999888 0.336342186 1
Nominal 456 490.0 arm_R_1 -0.0192517042 -0.000460065901 0.999814689 0 0.986740172 -0.161200792 0.018925786 0 0.161162123 0.986921489 0.00355738401 0 0.140229642 0.777291894 0.366663247 1
Nominal 456 490.0 arm_R_2 0.165164366 -0.000896379352 0.986265719 0 0.98625803 -0.00390093774 -0.165166631 0 0.00399532914 0.999991953 0.000239804387 0 0.333005309 0.745694578 0.370317668 1
Nominal 456 490.0 hand_R 0.736000717 -0.00203394145 0.676977754 0 0.676976562 0.00577688217 -0.735982001 0 -0.00241389871 0.999981284 0.00562876463 0 0.468003392 0.835208833 0.347305238 1
Nominal 456 490.0 bat_grip 0.736000657 -0.00203391956 0.676977813 0 0.676976621 0.00577678904 -0.735981941 0 -0.00241385214 0.999981284 0.00562868081 0 0.468003392 0.835208833 0.347305238 1
Nominal 456 490.0 bat_barrel 0.736000597 -0.00203380082 0.676977873 0 0.676976621 0.00577753363 -0.735981822 0 -0.00241444423 0.999981284 0.00562914833 0 1.05020332 0.84017688 -0.285639226 1
Nominal 456 490.0 bat_tip 0.736000657 -0.00203400897 0.676977813 0 0.676976621 0.00577678904 -0.735981941 0 -0.00241378625 0.999981284 0.00562874135 0 1.28037548 0.842141092 -0.535873234 1
Nominal 456 490.0 arm_L_0 -0.361736536 -0.000313267112 0.932280481 0 0.8818174 -0.324656665 0.342047065 0 0.302563995 0.945831954 0.117716357 0 0.248238191 0.929999948 -0.0793057457 1
Nominal 456 490.0 arm_L_1 -0.671004236 -0.000274136662 0.741453826 0 0.726094663 -0.202727914 0.657029629 0 0.150133416 0.979235172 0.136230335 0 0.416733444 0.777616858 -0.0134629589 1
Nominal 456 490.0 arm_L_2 -0.930930734 -0.000501483679 0.365195811 0 0.365194857 0.00104838237 0.930930495 0 -0.00084939599 0.999999344 -0.000792838633 0 0.527450919 0.746344507 0.0879355446 1
Nominal 456 490.0 hand_L 0.736000597 -0.00203397498 0.676977813 0 0.67697674 0.00577721 -0.73598206 0 -0.00241371989 0.999981225 0.00562900305 0 0.583089173 0.83619076 0.222188264 1
Nominal 456 490.0 foot_R 0 4.37113883e-08 1 0 0.99999994 0 0 0 0 1 -4.37113883e-08 0 0.0799999833 0.0688500032 0.49000001 1
Nominal 456 490.0 foot_L -0.108139984 -7.11091052e-05 0.994135678 0 0.992978215 -0.0482473485 0.108010642 0 0.0479567237 0.998835444 0.00528807705 0 0.0859981179 0.0872967988 -0.381112009 1
Nominal 456 490.5 root 1 0 0 0 0 1 0 0 0 0 1 0 0 0 0 1
Nominal 456 490.5 pelvis 0.491482884 5.11178166e-09 0.87088728 0 5.11178166e-09 1 -8.75444606e-09 0 -0.87088728 8.75444606e-09 0.491482884 0 0.0691114441 0.529999971 0.128670916 1
Nominal 456 490.5 chest 0.744048476 0.0394253917 0.666961551 0 -0.0293042008 0.999222517 -0.0263748318 0 -0.667482793 7.93788568e-05 0.74462527 0 0.069111459 0.929999948 0.128670916 1
Nominal 456 490.5 head 0.998007774 2.00086288e-06 0.0630922914 0 -2.08222264e-06 0.99999994 1.1934826e-06 0 -0.0630921721 -1.31582783e-06 0.998007774 0 0.0580455586 1.30870461 0.118672863 1
Nominal 456 490.5 arm_R_0 -0.138852894 -0.000215923414 0.990312934 0 0.960699975 -0.242745742 0.13464801 0 0.240365207 0.970089853 0.0339134522 0 -0.114093781 0.930000961 0.333049268 1
Nominal 456 490.5 arm_R_1 -0.0442681536 -0.000470429659 0.999019623 0 0.985399246 -0.164585337 0.0435872339 0 0.164403483 0.986362576 0.00774948299 0 0.136122227 0.776642263 0.368191689 1
Nominal 456 490.5 arm_R_2 0.130920663 -0.000942982733 0.991392374 0 0.991353929 -0.00872887298 -0.130923837 0 0.00877719373 0.999961317 -0.000207930803 0 0.328574836 0.744393229 0.376672596 1
Nominal 456 490.5 hand_R 0.69076705 -0.00220640749 0.723074019 0 0.723075747 -3.85940075e-05 -0.690768838 0 0.00155207515 0.999997497 0.00156882405 0 0.463276565 0.833250761 0.358509034 1
Nominal 456 490.5 bat_grip 0.69076699 -0.00220638514 0.723074079 0 0.723075807 -3.8687278e-05 -0.690768778 0 0.00155212707 0.999997497 0.00156874361 0 0.463276565 0.833250761 0.358509034 1
Nominal 456 490.5 bat_barrel 0.690766931 -0.00220626593 0.723074138 0 0.723075807 -3.79423582e-05 -0.690768659 0 0.00155150599 0.999997497 0.00156917202 0 1.08512175 0.833217502 -0.235552102 1
Nominal 456 490.5 bat_tip 0.69076699 -0.00220647454 0.723074079 0 0.723075807 -3.8687278e-05 -0.690768778 0 0.00155218889 0.999997497 0.00156880822 0 1.33096766 0.833204448 -0.470413595 1
Nominal 456 490.5 arm_L_0 -0.386584431 -0.000313192606 0.922254145 0 0.871681154 -0.32672137 0.365274578 0 0.301205933 0.945120692 0.126578331 0 0.252316713 0.929998934 -0.0757074431 1
Nominal 456 490.5 arm_L_1 -0.690207601 -0.000272259116 0.723611653 0 0.708336234 -0.204641849 0.675560355 0 0.147897586 0.978836954 0.141438186 0 0.420425504 0.77663672 -0.00476161577 1
Nominal 456 490.5 arm_L_2 -0.936220825 -0.000450372696 0.351412475 0 0.351409674 -0.00528323464 0.936206937 0 0.00143530965 0.999985993 0.00510446727 0 0.530775845 0.744387865 0.101729311 1
Nominal 456 490.5 hand_L 0.690764606 -0.00212020427 0.723076701 0 0.72307843 -1.44839287e-05 -0.690766335 0 0.00147545338 0.999997735 0.00152289867 0 0.586061597 0.833272219 0.241168827 1
Nominal 456 490.5 foot_R 0 4.37113883e-08 1 0 0.99999994 0 0 0 0 1 -4.37113883e-08 0 0.0799999833 0.0688500032 0.49000001 1
Nominal 456 490.5 foot_L -0.113576427 -7.72111161e-05 0.99352926 0 0.992253423 -0.0506693982 0.113426656 0 0.050332766 0.99871546 0.00583146187 0 0.0864467025 0.0882183537 -0.383152992 1
Nominal 456 491.0 root 1 0 0 0 0 1 0 0 0 0 1 0 0 0 0 1
Nominal 456 491.0 pelvis 0.483506501 1.71105814e-08 0.875340819 0 1.71105814e-08 1 -2.89986009e-08 0 -0.875340819 2.89986009e-08 0.483506501 0 0.0692657679 0.529999971 0.128823623 1
Nominal 456 491.0 chest 0.731219411 0.0401706658 0.680958629 0 -0.02934606 0.999192834 -0.0274316818 0 -0.681510925 7.51232365e-05 0.731808007 0 0.0692657828 0.929999948 0.128823608 1
Nominal 456 491.0 head 0.997966051 5.98192855e-08 0.0637491941 0 1.82844815e-08 1 -1.21933772e-06 0 -0.0637491941 1.21648554e-06 0.997966051 0 0.0581837222 1.30869317 0.118425265 1
Nominal 456 491.0 arm_R_0 -0.157722414 -0.000217270106 0.987483382 0 0.957437634 -0.24483484 0.152869672 0 0.241737157 0.969564676 0.0388240218 0 -0.117797382 0.930000126 0.329682291 1
Nominal 456 491.0 arm_R_1 -0.0692567527 -0.000453174114 0.997598648 0 0.98343122 -0.167964503 0.0681969896 0 0.167530283 0.985792816 0.0120783821 0 0.131987393 0.77598989 0.369643241 1
Nominal 456 491.0 arm_R_2 0.0965230912 -0.000883027911 0.995330215 0 0.995238006 -0.0135636032 -0.0965260565 0 0.0135855004 0.999907553 -0.000430338085 0 0.32399413 0.74309057 0.382937402 1
Nominal 456 491.0 hand_R 0.642667949 -0.00200349838 0.76614219 0 0.766122222 -0.00600707531 -0.642666698 0 0.00588995218 0.999979913 -0.00232559443 0 0.458223403 0.831302524 0.369564891 1
Nominal 456 491.0 bat_grip 0.64266789 -0.00200347556 0.766142249 0 0.766122282 -0.00600716844 -0.642666638 0 0.00589000899 0.999979913 -0.00232567149 0 0.458223403 0.831302524 0.369564891 1
Nominal 456 491.0 bat_barrel 0.64266783 -0.00200335588 0.766142309 0 0.766122282 -0.00600642292 -0.642666519 0 0.00588936172 0.999979913 -0.00232528406 0 1.11708856 0.826136351 -0.183128417 1
Nominal 456 491.0 bat_tip 0.64266789 -0.00200356496 0.766142249 0 0.766122282 -0.00600716844 -0.642666638 0 0.00589006627 0.999979913 -0.00232560304 0 1.37757027 0.824094057 -0.40163517 1
Nominal 456 491.0 arm_L_0 -0.411155075 -0.000308573246 0.911565483 0 0.860930085 -0.328780234 0.388204992 0 0.299585074 0.94440639 0.135445252 0 0.25632894 0.929999948 -0.0720351189 1
Nominal 456 491.0 arm_L_1 -0.708938062 -0.000270023942 0.705271006 0 0.6901021 -0.206549704 0.693611205 0 0.145486414 0.978436172 0.146617264 0 0.423894942 0.775651932 0.00403942354 1
Nominal 456 491.0 arm_L_2 -0.941309154 -0.000494003296 0.337545723 0 0.337528229 -0.0116193183 0.941243768 0 0.00345733762 0.999932408 0.01110401 0 0.533683181 0.742414773 0.115669675 1
Nominal 456 491.0 hand_L 0.642667711 -0.00200358778 0.766142428 0 0.76612246 -0.0060068965 -0.642666817 0 0.00589007139 0.999979973 -0.00232550502 0 0.588463962 0.830281198 0.260311395 1
Nominal 456 491.0 foot_R 0 4.37113883e-08 1 0 0.99999994 0 0 0 0 1 -4.37113883e-08 0 0.0799999833 0.0688500032 0.49000001 1
Nominal 456 491.0 foot_L -0.11900945 -7.00477976e-05 0.9928931 0 0.991493225 -0.0530911349 0.118837923 0 0.0527054928 0.998589694 0.00638779905 0 0.086895287 0.0891399086 -0.385193974 1
Nominal 456 491.5 root 1 0 0 0 0 1 0 0 0 0 1 0 0 0 0 1
Nominal 456 491.5 pelvis 0.475703776 3.33255343e-08 0.879605651 0 3.33255343e-08 1 -5.59098581e-08 0 -0.879605651 5.59098581e-08 0.475703776 0 0.0694159716 0.529999971 0.128972262 1
Nominal 456 491.5 chest 0.718478441 0.0408956371 0.69434607 0 -0.0293719005 0.999163449 -0.0284560602 0 -0.694928885 5.08027333e-05 0.719078541 0 0.0694159865 0.929999948 0.128972247 1
Nominal 456 491.5 head 0.997925043 1.87812475e-06 0.0643887222 0 -1.98025009e-06 1 1.51580389e-06 0 -0.0643886924 -1.6368358e-06 0.997925043 0 0.0583092719 1.30868268 0.11818666 1
Nominal 456 491.5 arm_R_0 -0.176033244 -0.000133769587 0.984384239 0 0.953922093 -0.2468694 0.170552358 0 0.242991537 0.969048738 0.0435848758 0 -0.12146455 0.930000961 0.326477468 1
Nominal 456 491.5 arm_R_1 -0.093537353 -0.000298023224 0.99561578 0 0.980912507 -0.171251476 0.0921048224 0 0.170473218 0.985227346 0.0163107812 0 0.127990589 0.775357842 0.371129453 1
Nominal 456 491.5 arm_R_2 0.0629289597 -0.000606015325 0.998017848 0 0.997850895 -0.0182544366 -0.0629294813 0 0.0182564333 0.999833286 -0.000543981791 0 0.319681615 0.741824865 0.389118403 1
Nominal 456 491.5 hand_R 0.593263626 -0.00144542009 0.805006981 0 0.804943085 -0.0116444528 -0.593237698 0 0.0102314651 0.999931335 -0.00574471056 0 0.453620523 0.82939887 0.380459189 1
Nominal 456 491.5 bat_grip 0.593263566 -0.00144539704 0.805007041 0 0.804943144 -0.0116445459 -0.593237638 0 0.0102315266 0.999931335 -0.00574478367 0 0.453620523 0.82939887 0.380459189 1
Nominal 456 491.5 bat_barrel 0.593263507 -0.00144527713 0.8050071 0 0.804943144 -0.0116438 -0.593237519 0 0.010230856 0.999931335 -0.00574443769 0 1.14587164 0.819384575 -0.129725218 1
Nominal 456 491.5 bat_tip 0.593263566 -0.00144548644 0.805007041 0 0.804943144 -0.0116445459 -0.593237638 0 0.0102315797 0.999931335 -0.0057447115 0 1.41955245 0.815425515 -0.331426144 1
Nominal 456 491.5 arm_L_0 -0.434786916 -0.00019608438 0.900533497 0 0.849867582 -0.330783904 0.410252869 0 0.297801703 0.943706512 0.143987149 0 0.260296524 0.929998994 -0.0685330108 1
Nominal 456 491.5 arm_L_1 -0.726700127 -0.000169828534 0.686955094 0 0.671896636 -0.208408326 0.71071887 0 0.143046692 0.978041947 0.151564479 0 0.427484661 0.774698496 0.0125053879 1
Nominal 456 491.5 arm_L_2 -0.946062386 -0.000265955925 0.32398507 0 0.323938221 -0.0177773573 0.945911288 0 0.00550836325 0.999841928 0.0169045851 0 0.536913276 0.74051106 0.129089594 1
Nominal 456 491.5 hand_L 0.593261182 -0.00136714429 0.805009127 0 0.804946363 -0.011611402 -0.593234599 0 0.010158807 0.999931574 -0.00578829646 0 0.590312481 0.827452362 0.279676169 1
Nominal 456 491.5 foot_R 0 4.37113883e-08 1 0 0.99999994 0 0 0 0 1 -4.37113883e-08 0 0.0799999833 0.0688500032 0.49000001 1
Nominal 456 491.5 foot_L -0.124294147 -5.03391711e-05 0.992245436 0 0.990719199 -0.0554479361 0.124100164 0 0.0550117083 0.998461604 0.00694172503 0 0.0873576254 0.0900358111 -0.387175173 1
Nominal 456 492.0 root 1 0 0 0 0 1 0 0 0 0 1 0 0 0 0 1
Nominal 456 492.0 pelvis 0.46786359 4.97791248e-08 0.883800685 0 4.97791248e-08 1 -8.26758395e-08 0 -0.883800685 8.26758395e-08 0.46786359 0 0.0695661753 0.529999971 0.129120901 1
Nominal 456 492.0 chest 0.70549202 0.041620329 0.707494795 0 -0.0293744393 0.999133527 -0.0294854902 0 -0.708108902 1.95157518e-05 0.706103206 0 0.0695661977 0.929999948 0.129120901 1
Nominal 456 492.0 head 0.997883439 2.9101102e-08 0.0650282502 0 -6.27915142e-09 1.00000012 -2.26268639e-07 0 -0.0650281906 2.29012585e-07 0.997883439 0 0.0584436394 1.30867171 0.117945619 1
Nominal 456 492.0 arm_R_0 -0.194283709 -5.60767949e-05 0.980945349 0 0.950077176 -0.248899266 0.188155919 0 0.244146019 0.968529403 0.0484104156 0 -0.125071585 0.929999948 0.323200107 1
Nominal 456 492.0 arm_R_1 -0.117761724 -0.000116951764 0.993041933 0 0.977802515 -0.174531952 0.115934134 0 0.173303962 0.984651446 0.0206675753 0 0.123964943 0.774722338 0.372543752 1
Nominal 456 492.0 arm_R_2 0.0292678028 -0.00022790581 0.999571621 0 0.999308348 -0.0229446106 -0.0292652026 0 0.0229414329 0.999736607 -0.000443771482 0 0.315223426 0.740555763 0.395220697 1
Nominal 456 492.0 hand_R 0.541534543 -0.000516213477 0.840678513 0 0.840546727 -0.01737988 -0.541460276 0 0.0148904324 0.999848664 -0.00897790492 0 0.448704362 0.827500224 0.391230911 1
Nominal 456 492.0 bat_grip 0.541534483 -0.000516190019 0.840678573 0 0.840546787 -0.0173799731 -0.541460216 0 0.0148904985 0.999848664 -0.00897797383 0 0.448704362 0.827500224 0.391230911 1
Nominal 456 492.0 bat_barrel 0.541534424 -0.000516069704 0.840678632 0 0.840546787 -0.0173792262 -0.541460097 0 0.0148898074 0.999848664 -0.00897767022 0 1.17157459 0.812553465 -0.0744249225 1
Nominal 456 492.0 bat_tip 0.541534483 -0.000516279426 0.840678573 0 0.840546787 -0.0173799731 -0.541460216 0 0.0148905469 0.999848664 -0.0089778984 0 1.45736063 0.80664438 -0.258521527 1
Nominal 456 492.0 arm_L_0 -0.458123058 -7.95722008e-05 0.888888836 0 0.838237762 -0.332781911 0.431988239 0 0.295772016 0.943003774 0.152521729 0 0.264203966 0.929999888 -0.0649583563 1
Nominal 456 492.0 arm_L_1 -0.743990123 -6.95884228e-05 0.668190897 0 0.653264463 -0.21026127 0.727348506 0 0.140444323 0.977645218 0.156477749 0 0.430865496 0.773739576 0.021075096 1
Nominal 456 492.0 arm_L_2 -0.950621843 -0.00012755394 0.310352147 0 0.310265958 -0.0239419341 0.950348198 0 0.00730958581 0.999713302 0.0227992162 0 0.539749146 0.738589942 0.142664269 1
Nominal 456 492.0 hand_L 0.541534603 -0.00051625073 0.840678334 0 0.840546787 -0.0173795521 -0.541460454 0 0.0148906112 0.999848783 -0.00897780061 0 0.591596961 0.824545801 0.299182743 1
Nominal 456 492.0 foot_R 0 4.37113883e-08 1 0 0.99999994 0 0 0 0 1 -4.37113883e-08 0 0.0799999833 0.0688500032 0.49000001 1
Nominal 456 492.0 foot_L -0.129575223 -1.80638508e-05 0.991569579 0 0.989911675 -0.0578042753 0.129357532 0 0.0573146231 0.998327911 0.00750788348 0 0.0878199637 0.090931721 -0.389156371 1
Nominal 456 492.5 root 1 0 0 0 0 1 0 0 0 0 1 0 0 0 0 1
Nominal 456 492.5 pelvis 0.461701602 1.28945796e-08 0.88703537 0 1.28945796e-08 1 -2.12483435e-08 0 -0.88703537 2.12483435e-08 0.461701602 0 0.0696386248 0.529999971 0.1292409 1
Nominal 456 492.5 chest 0.695297122 0.0423348732 0.717474639 0 -0.0294379164 0.999103487 -0.0304245297 0 -0.718119383 3.31227202e-05 0.695919991 0 0.0696386322 0.929999948 0.1292409 1
Nominal 456 492.5 head 0.997843087 1.58676448e-06 0.0656462014 0 -1.65532219e-06 1 1.0449512e-06 0 -0.065646112 -1.15131115e-06 0.997843027 0 0.0584969893 1.30865991 0.117709257 1
Nominal 456 492.5 arm_R_0 -0.210417077 -7.83680007e-05 0.977611721 0 0.946460724 -0.250442803 0.203692272 0 0.244819835 0.968131363 0.0527716503 0 -0.127720654 0.930000722 0.320498288 1
Nominal 456 492.5 arm_R_1 -0.13927944 -0.000164784491 0.99025327 0 0.974649251 -0.176846176 0.137055412 0 0.17509985 0.984238446 0.024791643 0 0.120207086 0.774344802 0.373844385 1
Nominal 456 492.5 arm_R_2 -0.00167257199 -0.000324465334 0.999998629 0 0.999660373 -0.0260075666 0.00166360661 0 0.0260069445 0.999661624 0.000367857516 0 0.310366988 0.739799023 0.400530308 1
Nominal 456 492.5 hand_R 0.482224256 -0.00084056519 0.876047552 0 0.875851631 -0.0206990242 -0.482136428 0 0.0185386539 0.999785304 -0.00924539566 0 0.44276762 0.826362193 0.400569707 1
Nominal 456 492.5 bat_grip 0.482224196 -0.000840541557 0.876047611 0 0.875851691 -0.0206991173 -0.482136369 0 0.0185387246 0.999785304 -0.00924545992 0 0.44276762 0.826362193 0.400569707 1
Nominal 456 492.5 bat_barrel 0.482224137 -0.000840421068 0.876047671 0 0.875851691 -0.0206983704 -0.482136279 0 0.018538015 0.999785304 -0.00924520474 0 1.1960001 0.808560967 -0.01406762 1
Nominal 456 492.5 bat_tip 0.482224196 -0.000840630964 0.876047611 0 0.875851691 -0.0206991173 -0.482136369 0 0.0185387675 0.999785304 -0.00924538169 0 1.49378979 0.801523387 -0.177994102 1
Nominal 456 492.5 arm_L_0 -0.483840674 1.552701e-05 0.875156224 0 0.825296879 -0.332705319 0.456281245 0 0.291176379 0.943030953 0.160963491 0 0.266997963 0.929999113 -0.0620164759 1
Nominal 456 492.5 arm_L_1 -0.761748135 7.42524862e-05 0.647873521 0 0.633497775 -0.209404141 0.74486959 0 0.135722935 0.977829278 0.159466147 0 0.432221502 0.773167253 0.0296500288 1
Nominal 456 492.5 arm_L_2 -0.955633402 -0.000108093023 0.294558942 0 0.294458002 -0.0265211128 0.955296397 0 0.00770908594 0.999648392 0.0253762603 0 0.539686561 0.737444043 0.156860486 1
Nominal 456 492.5 hand_L 0.482222706 -0.000772595406 0.876048505 0 0.875853479 -0.0206946731 -0.482133597 0 0.0185025334 0.999785602 -0.00930279493 0 0.591499686 0.822848678 0.31867674 1
Nominal 456 492.5 foot_R 0 4.37113883e-08 1 0 0.99999994 0 0 0 0 1 -4.37113883e-08 0 0.0799999833 0.0688500032 0.49000001 1
Nominal 456 492.5 foot_L -0.135176048 -4.8542599e-05 0.9908216 0 0.989019036 -0.0602986328 0.134927198 0 0.059738636 0.998180389 0.00819894113 0 0.0883367211 0.0918791369 -0.391245961 1
Nominal 456 493.0 root 1 0 0 0 0 1 0 0 0 0 1 0 0 0 0 1
Nominal 456 493.0 pelvis 0.455517352 -2.44165719e-08 0.89022696 0 -2.44165719e-08 1 3.99209981e-08 0 -0.89022696 -3.99209981e-08 0.455517352 0 0.0697110817 0.529999971 0.129360914 1
Nominal 456 493.0 chest 0.684960544 0.0430494808 0.72730732 0 -0.0294843167 0.999072969 -0.0313677303 0 -0.727983475 4.14954047e-05 0.685594797 0 0.0697110742 0.930000007 0.129360914 1
Nominal 456 493.0 head 0.997802258 5.95118763e-08 0.0662641823 0 -6.46105036e-09 1 -7.87384124e-07 0 -0.0662642419 7.85192242e-07 0.997802138 0 0.0585568324 1.30864811 0.117471479 1
Nominal 456 493.0 arm_R_0 -0.22649391 -0.000102745369 0.974012613 0 0.942589045 -0.251981944 0.219160169 0 0.245411068 0.967731893 0.0571692586 0 -0.130328819 0.930000067 0.317758292 1
Nominal 456 493.0 arm_R_1 -0.160731897 -0.000193893909 0.986998141 0 0.971034706 -0.179156303 0.158097059 0 0.176796287 0.983820558 0.0289844424 0 0.116426036 0.773967326 0.375083566 1
Nominal 456 493.0 arm_R_2 -0.0326107517 -0.000352270901 0.999467969 0 0.999046087 -0.0290736556 0.0325867087 0 0.0290466994 0.999577165 0.00130008906 0 0.305402964 0.739045501 0.405742109 1
Nominal 456 493.0 hand_R 0.420618951 -0.000876715407 0.907236874 0 0.90696454 -0.0241196156 -0.420515895 0 0.0222509801 0.999708593 -0.00935000181 0 0.436602414 0.825234771 0.409734011 1
Nominal 456 493.0 bat_grip 0.420618892 -0.000876691542 0.907236874 0 0.90696454 -0.0241197087 -0.420515835 0 0.0222510546 0.999708593 -0.00935006142 0 0.436602414 0.825234771 0.409734011 1
Nominal 456 493.0 bat_barrel 0.420618832 -0.000876570877 0.907236874 0 0.906964481 -0.0241189618 -0.420515746 0 0.0222503282 0.999708593 -0.00934985653 0 1.21659195 0.804491818 0.0480903685 1
Nominal 456 493.0 bat_tip 0.420618892 -0.000876780949 0.907236874 0 0.90696454 -0.0241197087 -0.420515835 0 0.0222510919 0.999708593 -0.00934998039 0 1.52496004 0.796291232 -0.0948851109 1
Nominal 456 493.0 arm_L_0 -0.509147167 9.41753387e-05 0.860679686 0 0.811656713 -0.332622468 0.480183154 0 0.286326826 0.94306004 0.169277221 0 0.269751042 0.929999888 -0.0590364225 1
Nominal 456 493.0 arm_L_1 -0.778951705 0.000202432275 0.627084553 0 0.613263428 -0.208546907 0.761850536 0 0.13093102 0.978012383 0.162323698 0 0.433351099 0.772598028 0.0382501483 1
Nominal 456 493.0 arm_L_2 -0.96038276 -0.000120997429 0.278685749 0 0.278570712 -0.0291041806 0.959974587 0 0.00799509883 0.999576449 0.0279847197 0 0.539173245 0.736307085 0.171092466 1
Nominal 456 493.0 hand_L 0.420618951 -0.000876650214 0.907237053 0 0.906964898 -0.0241192877 -0.420516253 0 0.0222510695 0.999708712 -0.00935012102 0 0.590786636 0.821134508 0.338246375 1
Nominal 456 493.0 foot_R 0 4.37113883e-08 1 0 0.99999994 0 0 0 0 1 -4.37113883e-08 0 0.0799999833 0.0688500032 0.49000001 1
Nominal 456 493.0 foot_L -0.140772641 -6.4901782e-05 0.990041971 0 0.988088727 -0.0627927482 0.140490815 0 0.062158335 0.998026609 0.00890363008 0 0.0888534784 0.0928265527 -0.393335521 1
Nominal 456 493.5 root 1 0 0 0 0 1 0 0 0 0 1 0 0 0 0 1
Nominal 456 493.5 pelvis 0.449912757 -3.92744059e-09 0.893072486 0 -3.92744059e-09 1 6.37624176e-09 0 -0.893072486 -6.37624176e-09 0.449912757 0 0.0697606727 0.529999971 0.129470617 1
Nominal 456 493.5 chest 0.675553799 0.0437472872 0.736011684 0 -0.0295422878 0.99904263 -0.0322657935 0 -0.736718535 5.381144e-05 0.676199436 0 0.0697606727 0.929999948 0.129470617 1
Nominal 456 493.5 head 0.997762084 1.43456055e-06 0.0668634772 0 -1.46805542e-06 0.99999994 4.03786544e-07 0 -0.0668634176 -4.96122084e-07 0.997762084 0 0.0585893579 1.30863643 0.117240645 1
Nominal 456 493.5 arm_R_0 -0.241622478 -0.000126718543 0.970370293 0 0.938716769 -0.253360063 0.233707786 0 0.245823413 0.96737206 0.061336495 0 -0.132643536 0.930000663 0.315250754 1
Nominal 456 493.5 arm_R_1 -0.1809524 -0.000248476863 0.983491838 0 0.967226505 -0.181159943 0.177914158 0 0.178125069 0.983453572 0.0330216959 0 0.112810984 0.773667514 0.376305968 1
Nominal 456 493.5 arm_R_2 -0.062132217 -0.000465765595 0.998067737 0 0.997568905 -0.031639792 0.0620864816 0 0.031549722 0.999499261 0.0024305135 0 0.300496519 0.738444746 0.410700917 1
Nominal 456 493.5 hand_R 0.356724232 -0.00121439621 0.934208751 0 0.933861911 -0.0268097222 -0.356626749 0 0.0254790783 0.999639869 -0.00842955709 0 0.430420816 0.824331641 0.418447852 1
Nominal 456 493.5 bat_grip 0.356724173 -0.00121437223 0.934208751 0 0.933861911 -0.0268098153 -0.356626689 0 0.0254791565 0.999639869 -0.0084296111 0 0.430420816 0.824331641 0.418447852 1
Nominal 456 493.5 bat_barrel 0.356724113 -0.00121425139 0.934208751 0 0.933861852 -0.0268090684 -0.3566266 0 0.0254784189 0.999639869 -0.0084294565 0 1.23354208 0.801275194 0.111748874 1
Nominal 456 493.5 bat_tip 0.356724173 -0.00121446163 0.934208751 0 0.933861911 -0.0268098153 -0.356626689 0 0.0254791882 0.999639869 -0.00842952728 0 1.55105519 0.792159975 -0.00950425863 1
Nominal 456 493.5 arm_L_0 -0.534232259 0.000130325556 0.845337749 0 0.797374308 -0.33197403 0.503971636 0 0.280696094 0.943288565 0.177247301 0 0.272164881 0.929999232 -0.0563095547 1
Nominal 456 493.5 arm_L_1 -0.79549861 0.000261679292 0.605955422 0 0.592793584 -0.206955522 0.778309047 0 0.125609756 0.978350401 0.164477736 0 0.434064269 0.772142887 0.0466762632 1
Nominal 456 493.5 arm_L_2 -0.964937866 -0.000140964985 0.262478262 0 0.262359023 -0.0306477845 0.964483321 0 0.0079087913 0.999530315 0.0296102203 0 0.53820461 0.735393643 0.185205892 1
Nominal 456 493.5 hand_L 0.356723368 -0.00115321577 0.934209228 0 0.933863044 -0.0268129408 -0.356624246 0 0.0254606605 0.999639869 -0.00848782063 0 0.589007258 0.81977272 0.357864052 1
Nominal 456 493.5 foot_R 0 4.37113883e-08 1 0 0.99999994 0 0 0 0 1 -4.37113883e-08 0 0.0799999833 0.0688500032 0.49000001 1
Nominal 456 493.5 foot_L -0.146339506 -8.7504035e-05 0.989234447 0 0.987125576 -0.0652738065 0.146021783 0 0.0645583123 0.997867405 0.00963851344 0 0.089395538 0.0937680379 -0.395407081 1
Nominal 456 494.0 root 1 0 0 0 0 1 0 0 0 0 1 0 0 0 0 1
Nominal 456 494.0 pelvis 0.44429028 1.67721357e-08 0.895882964 0 1.67721357e-08 1 -2.70390643e-08 0 -0.895882964 2.70390643e-08 0.44429028 0 0.0698102638 0.529999971 0.129580304 1
Nominal 456 494.0 chest 0.666036069 0.0444451571 0.744594336 0 -0.0295854323 0.999011815 -0.0331674293 0 -0.745332658 6.15581885e-05 0.666692853 0 0.0698102787 0.929999888 0.129580319 1
Nominal 456 494.0 head 0.99772191 4.88143996e-08 0.0674630404 0 2.38360371e-08 1 -1.06901643e-06 0 -0.0674629807 1.07097003e-06 0.99772191 0 0.0586275198 1.30862451 0.117008589 1
Nominal 456 494.0 arm_R_0 -0.256693453 -0.000152141787 0.966492891 0 0.934619308 -0.254734188 0.248187989 0 0.246161029 0.967011034 0.0655308366 0 -0.134924099 0.930000007 0.312713623 1
Nominal 456 494.0 arm_R_1 -0.201097518 -0.000287145376 0.979571223 0 0.96301049 -0.183159977 0.197644085 0 0.179361492 0.98308301 0.0371095762 0 0.109174185 0.773368239 0.377472252 1
Nominal 456 494.0 arm_R_2 -0.0915997103 -0.000521734357 0.995795727 0 0.99521482 -0.034208145 0.0915283412 0 0.0340165608 0.999414563 0.00365272164 0 0.295494527 0.737847507 0.41556412 1
Nominal 456 494.0 hand_R 0.291115791 -0.00130029768 0.956686914 0 0.956258059 -0.0295797884 -0.29102546 0 0.0286770761 0.999561548 -0.00736764073 0 0.424037397 0.823437989 0.426989347 1
Nominal 456 494.0 bat_grip 0.291115731 -0.00130027346 0.956686914 0 0.956258059 -0.0295798816 -0.2910254 0 0.0286771581 0.999561548 -0.00736768916 0 0.424037397 0.823437989 0.426989347 1
Nominal 456 494.0 bat_barrel 0.291115671 -0.00130015239 0.956686914 0 0.956257999 -0.0295791347 -0.291025311 0 0.0286764111 0.999561548 -0.00736758625 0 1.24641943 0.797999263 0.176707476 1
Nominal 456 494.0 bat_tip 0.291115731 -0.00130036287 0.956686914 0 0.956258059 -0.0295798816 -0.2910254 0 0.0286771841 0.999561548 -0.00736760348 0 1.57154727 0.787942231 0.0777587891 1
Nominal 456 494.0 arm_L_0 -0.558855593 0.000139474869 0.829265118 0 0.782400846 -0.331320882 0.52732861 0 0.274826646 0.943518102 0.185051367 0 0.274544567 0.929999888 -0.0535530411 1
Nominal 456 494.0 arm_L_1 -0.81147331 0.000299736857 0.584389806 0 0.57188344 -0.205367923 0.794212401 0 0.120253287 0.978684783 0.16647917 0 0.434552193 0.771691978 0.0551126711 1
Nominal 456 494.0 arm_L_2 -0.969219923 -0.000179082155 0.246197134 0 0.246074915 -0.0321975499 0.968715787 0 0.00775378942 0.99948144 0.0312505625 0 0.536781967 0.734494865 0.199334025 1
Nominal 456 494.0 hand_L 0.29111588 -0.00130026042 0.956686914 0 0.956258118 -0.029579401 -0.291025758 0 0.0286770463 0.999561548 -0.00736770034 0 0.586601198 0.818409324 0.377515107 1
Nominal 456 494.0 foot_R 0 4.37113883e-08 1 0 0.99999994 0 0 0 0 1 -4.37113883e-08 0 0.0799999833 0.0688500032 0.49000001 1
Nominal 456 494.0 foot_L -0.151901752 -9.61212208e-05 0.988395572 0 0.986125231 -0.0677545369 0.15154627 0 0.0669537112 0.997702003 0.0103868209 0 0.0899375975 0.0947095305 -0.39747864 1
Nominal 456 494.5 root 1 0 0 0 0 1 0 0 0 0 1 0 0 0 0 1
Nominal 456 494.5 pelvis 0.438814014 -5.58486875e-08 0.898577869 0 -5.58486875e-08 1 8.94256047e-08 0 -0.898577869 -8.94256047e-08 0.438814014 0 0.0698584169 0.529999971 0.129686818 1
Nominal 456 494.5 chest 0.656689167 0.0451227352 0.75281018 0 -0.0296194237 0.998981476 -0.0340404697 0 -0.753579378 5.62048626e-05 0.657356799 0 0.069858402 0.929999828 0.129686832 1
Nominal 456 494.5 head 0.997682095 1.36223025e-06 0.0680450499 0 -1.38983887e-06 1 3.42777639e-07 0 -0.0680450201 -4.37928975e-07 0.997682214 0 0.0586591437 1.30861294 0.11678452 1
Nominal 456 494.5 arm_R_0 -0.271267205 -0.000133080408 0.96250397 0 0.930421233 -0.256071359 0.262189895 0 0.246434808 0.966657817 0.0695876479 0 -0.137170896 0.930000424 0.310278833 1
Nominal 456 494.5 arm_R_1 -0.22057718 -0.000259928405 0.975369453 0 0.958524406 -0.185104489 0.21671854 0 0.180488914 0.982718766 0.0410790071 0 0.10566429 0.77307725 0.378658056 1
Nominal 456 494.5 arm_R_2 -0.120136559 -0.000485852361 0.992757201 0 0.992090523 -0.0367016047 0.120038003 0 0.0363774709 0.99932611 0.00489122421 0 0.290730178 0.737264514 0.420376033 1
Nominal 456 494.5 hand_R 0.226063639 -0.00126536936 0.974111617 0 0.973597646 -0.0322125256 -0.225986212 0 0.0316645801 0.999480247 -0.00605006516 0 0.418034494 0.822561741 0.435443401 1
Nominal 456 494.5 bat_grip 0.226063579 -0.00126534502 0.974111617 0 0.973597646 -0.0322126187 -0.225986153 0 0.0316646658 0.999480247 -0.006050108 0 0.418034494 0.822561741 0.435443401 1
Nominal 456 494.5 bat_barrel 0.22606352 -0.00126522395 0.974111617 0 0.973597586 -0.03221187 -0.225986078 0 0.0316639133 0.999480247 -0.00605005585 0 1.25532842 0.794858873 0.241095275 1
Nominal 456 494.5 bat_tip 0.226063579 -0.00126543443 0.974111617 0 0.973597646 -0.0322126187 -0.225986153 0 0.0316646844 0.999480247 -0.00605002092 0 1.58635187 0.783906698 0.16425994 1
Nominal 456 494.5 arm_L_0 -0.582302809 0.000135436654 0.812972009 0 0.767207623 -0.330690086 0.549578428 0 0.268916368 0.943739474 0.19245778 0 0.276887655 0.929999232 -0.0509052351 1
Nominal 456 494.5 arm_L_1 -0.826425135 0.000273332 0.563046634 0 0.551181257 -0.203820959 0.809108377 0 0.114982091 0.979008317 0.168292135 0 0.435242742 0.77124989 0.0632896349 1
Nominal 456 494.5 arm_L_2 -0.973114848 -0.000149071217 0.230320618 0 0.230194747 -0.0336962715 0.972560942 0 0.00761631131 0.999432206 0.0328246877 0 0.535837531 0.73360765 0.213029727 1
Nominal 456 494.5 hand_L 0.226063058 -0.00120782852 0.974111915 0 0.973598599 -0.0322073996 -0.225983769 0 0.0316469669 0.999480605 -0.00610494614 0 0.583378196 0.817086458 0.397034675 1
Nominal 456 494.5 foot_R 0 4.37113883e-08 1 0 0.99999994 0 0 0 0 1 -4.37113883e-08 0 0.0799999833 0.0688500032 0.49000001 1
Nominal 456 494.5 foot_L -0.157298282 -9.11015159e-05 0.987551153 0 0.98511833 -0.0701629892 0.156904325 0 0.0692752376 0.997535527 0.0111262621 0 0.0904906392 0.095622614 -0.399483532 1
Nominal 456 495.0 root 1 0 0 0 0 1 0 0 0 0 1 0 0 0 0 1
Nominal 456 495.0 pelvis 0.433321297 -1.29179e-07 0.901239574 0 -1.29179e-07 1 2.05444863e-07 0 -0.901239574 -2.05444863e-07 0.433321297 0 0.06990657 0.529999971 0.129793331 1
Nominal 456 495.0 chest 0.64724052 0.0458002351 0.760908782 0 -0.0296394173 0.998950601 -0.0349165983 0 -0.761709452 4.65434532e-05 0.647918761 0 0.0699065253 0.929999769 0.129793346 1
Nominal 456 495.0 head 0.997642398 4.93346306e-08 0.0686270595 0 1.78988557e-09 0.99999994 -7.30989996e-07 0 -0.0686269999 7.26657163e-07 0.997642398 0 0.0586960688 1.30860126 0.116559178 1
Nominal 456 495.0 arm_R_0 -0.285779774 -0.000115500763 0.958295286 0 0.926012695 -0.257404834 0.276121616 0 0.246637911 0.966303587 0.0736681223 0 -0.139386252 0.929999769 0.307815254 1
Nominal 456 495.0 arm_R_1 -0.23996976 -0.000217840075 0.970780432 0 0.953656971 -0.187045023 0.235695124 0 0.181528255 0.982351184 0.0450929441 0 0.102132522 0.772786498 0.379791737 1
Nominal 456 495.0 arm_R_2 -0.148574367 -0.000395670533 0.988901198 0 0.988143623 -0.039193999 0.148444921 0 0.0387002304 0.999231458 0.00621424615 0 0.285873264 0.736684144 0.425101519 1
Nominal 456 495.0 hand_R 0.159989029 -0.000984974205 0.987118363 0 0.986512303 -0.0348874032 -0.159925684 0 0.0345956087 0.999390721 -0.00460982323 0 0.411836475 0.821693063 0.443744719 1
Nominal 456 495.0 bat_grip 0.15998897 -0.000984949642 0.987118363 0 0.986512303 -0.0348874964 -0.159925625 0 0.0345956981 0.999390721 -0.00460986001 0 0.411836475 0.821693063 0.443744719 1
Nominal 456 495.0 bat_barrel 0.15998891 -0.000984828337 0.987118363 0 0.986512244 -0.0348867476 -0.15992555 0 0.0345949456 0.999390721 -0.00460985862 0 1.2602371 0.791689813 0.30620867 1
Nominal 456 495.0 bat_tip 0.15998897 -0.000985039049 0.987118363 0 0.986512303 -0.0348874964 -0.159925625 0 0.034595713 0.999390721 -0.00460977154 0 1.59565139 0.779828191 0.251833916 1
Nominal 456 495.0 arm_L_0 -0.605275571 0.000105679035 0.796016216 0 0.751387358 -0.330056161 0.57138437 0 0.262790591 0.943961203 0.199695423 0 0.279199213 0.929999709 -0.0482286699 1
Nominal 456 495.0 arm_L_1 -0.840816379 0.000227227807 0.54132086 0 0.530091882 -0.202278674 0.823459864 0 0.109684885 0.979327977 0.169958711 0 0.435718715 0.770811975 0.0714862645 1
Nominal 456 495.0 arm_L_2 -0.976749837 -0.000135779381 0.214382946 0 0.214254618 -0.0352014154 0.97614336 0 0.00741431117 0.999380231 0.034411978 0 0.534460306 0.732734978 0.226756871 1
Nominal 456 495.0 hand_L 0.159989238 -0.000985056162 0.987118363 0 0.986512542 -0.0348871052 -0.159925893 0 0.0345956385 0.999390841 -0.00460991263 0 0.57954365 0.815761983 0.416557401 1
Nominal 456 495.0 foot_R 0 4.37113883e-08 1 0 0.99999994 0 0 0 0 1 -4.37113883e-08 0 0.0799999833 0.0688500032 0.49000001 1
Nominal 456 495.0 foot_L -0.162690029 -7.28962914e-05 0.986677229 0 0.984076381 -0.0725709423 0.162255839 0 0.0715922639 0.997363269 0.0118783051 0 0.0910436809 0.096535705 -0.401488423 1
Nominal 456 495.5 root 1 0 0 0 0 1 0 0 0 0 1 0 0 0 0 1
Nominal 456 495.5 pelvis 0.427977055 -1.00851608e-07 0.903789699 0 -1.00851608e-07 1 1.59344381e-07 0 -0.903789699 -1.59344381e-07 0.427977055 0 0.0699532852 0.529999971 0.129896671 1
Nominal 456 495.5 chest 0.637977481 0.0464572608 0.768652499 0 -0.0296512749 0.998920262 -0.0357642211 0 -0.769484043 2.52432674e-05 0.638666153 0 0.0699532628 0.929999888 0.129896671 1
Nominal 456 495.5 head 0.997603476 1.24339567e-06 0.0691919327 0 -1.30284025e-06 1 8.74006219e-07 0 -0.0691919327 -9.49472451e-07 0.997603536 0 0.0587268844 1.30859041 0.11634177 1
Nominal 456 495.5 arm_R_0 -0.299796611 -5.70137054e-05 0.954003215 0 0.921531141 -0.258700073 0.289576888 0 0.246784121 0.965957701 0.0776100159 0 -0.141565233 0.930000424 0.305453032 1
Nominal 456 495.5 arm_R_1 -0.258692086 -0.000115863979 0.965959966 0 0.948569596 -0.18892768 0.254012227 0 0.182467073 0.981990993 0.0489840358 0 0.0987276658 0.772504568 0.380941063 1
Nominal 456 495.5 arm_R_2 -0.176046684 -0.000223278999 0.984381914 0 0.983531117 -0.0416068137 0.175885171 0 0.0409176648 0.999134064 0.00754438341 0 0.281250954 0.736119151 0.429766923 1
Nominal 456 495.5 hand_R 0.0951887816 -0.000609613955 0.995459139 0 0.994760215 -0.0374144614 -0.0951448381 0 0.0373026133 0.999299645 -0.00295494497 0 0.406012118 0.820844054 0.451939791 1
Nominal 456 495.5 bat_grip 0.095188722 -0.000609589275 0.995459139 0 0.994760215 -0.0374145545 -0.0951447785 0 0.0373027027 0.999299645 -0.00295497617 0 0.406012118 0.820844054 0.451939791 1
Nominal 456 495.5 bat_barrel 0.0951886699 -0.000609467796 0.995459139 0 0.994760156 -0.0374138057 -0.0951447114 0 0.0373019502 0.999299645 -0.0029550239 0 1.26150584 0.78866756 0.37011525 1
Nominal 456 495.5 bat_tip 0.095188722 -0.000609678624 0.995459139 0 0.994760215 -0.0374145545 -0.0951447785 0 0.0373027101 0.999299645 -0.00295488723 0 1.59972453 0.775946677 0.337765992 1
Nominal 456 495.5 arm_L_0 -0.627091229 6.4983964e-05 0.778946042 0 0.735447705 -0.329445124 0.592100382 0 0.256658554 0.944174767 0.20654431 0 0.28147167 0.929999352 -0.0456597582 1
Nominal 456 495.5 arm_L_1 -0.854232192 0.000122755766 0.519892156 0 0.509284079 -0.200780243 0.836849689 0 0.104486987 0.979636431 0.171450436 0 0.436386555 0.770383298 0.0794151276 1
Nominal 456 495.5 arm_L_2 -0.98002702 -5.9902668e-05 0.198865533 0 0.198733956 -0.0366536677 0.979367971 0 0.00723072886 0.999328136 0.0359334946 0 0.533539832 0.731874406 0.240036502 1
Nominal 456 495.5 hand_L 0.0951879397 -0.000556647778 0.995459378 0 0.99476099 -0.0374028385 -0.0951421261 0 0.0372862518 0.999300241 -0.00300660729 0 0.574959993 0.814486086 0.435744166 1
Nominal 456 495.5 foot_R 0 4.37113883e-08 1 0 0.99999994 0 0 0 0 1 -4.37113883e-08 0 0.0799999833 0.0688500032 0.49000001 1
Nominal 456 495.5 foot_L -0.167916164 -4.26340994e-05 0.98580128 0 0.983032227 -0.0749065056 0.167441279 0 0.0738357827 0.997190535 0.0126199238 0 0.0916053057 0.0974203646 -0.403426945 1
Nominal 456 496 root 1 0 0 0 0 1 0 0 0 0 1 0 0 0 0 1
Nominal 456 496 pelvis 0.422618091 -7.22516944e-08 0.906307876 0 -7.22516944e-08 1 1.13412426e-07 0 -0.906307876 -1.13412426e-07 0.422618091 0 0.0700000003 0.529999971 0.129999995 1
Nominal 456 496 chest 0.628621638 0.0471141152 0.776282907 0 -0.0296499655 0.998889506 -0.0366144739 0 -0.777145922 -1.11244894e-07 0.629320502 0 0.0699999854 0.930000007 0.12999998 1
Nominal 456 496 head 0.997564137 -2.29487611e-08 0.0697563589 0 1.4337644e-08 1 1.1779278e-07 0 -0.0697563887 -1.13121743e-07 0.997564077 0 0.0587626696 1.30857956 0.116123073 1
Nominal 456 496 arm_R_0 -0.313748956 -1.86264515e-08 0.949505925 0 0.916853309 -0.259991765 0.302959472 0 0.246863723 0.965610862 0.0815722048 0 -0.143715128 0.929999948 0.303063035 1
Nominal 456 496 arm_R_1 -0.277317315 -2.23517418e-08 0.960778356 0 0.943126678 -0.190805942 0.27222243 0 0.183322191 0.981627882 0.052913852 0 0.0953011066 0.772222459 0.382041931 1
Nominal 456 496 arm_R_2 -0.203381404 8.94069672e-08 0.979099452 0 0.978150606 -0.0440155976 0.203184366 0 0.0430956483 0.999030888 0.00895190984 0 0.276539326 0.735555768 0.434354126 1
Nominal 456 496 hand_R 0.0299863219 4.47034836e-08 0.999550223 0 0.998752296 -0.0399501324 -0.029962346 0 0.039932251 0.999201775 -0.00119793415 0 0.400000006 0.820000589 0.45999971 1
Nominal 456 496 bat_grip 0.0299862605 6.95178173e-08 0.999550223 0 0.998752296 -0.0399502255 -0.0299622845 0 0.0399323441 0.999201775 -0.0011979593 0 0.400000006 0.820000589 0.45999971 1
Nominal 456 496 bat_barrel 0.0299862046 1.91112363e-07 0.999550223 0 0.998752236 -0.0399494767 -0.0299622212 0 0.0399315953 0.999201775 -0.00119805615 0 1.25892699 0.785643399 0.434232116 1
Nominal 456 496 bat_tip 0.0299862567 -1.9817783e-08 0.999550223 0 0.998752296 -0.0399502255 -0.0299622845 0 0.0399323478 0.999201775 -0.00119786989 0 1.59850287 0.772060454 0.424044937 1
Nominal 456 496 arm_L_0 -0.6484254 -2.98023224e-08 0.761278331 0 0.718942404 -0.328832299 0.612365305 0 0.250333101 0.944388211 0.213223174 0 0.28371498 0.930000067 -0.043063134 1
Nominal 456 496 arm_L_1 -0.867101848 -2.98023224e-08 0.498131275 0 0.488139391 -0.199286982 0.849708617 0 0.0992712975 0.97994107 0.17280212 0 0.436850399 0.769958735 0.0873713344 1
Nominal 456 496 arm_L_2 -0.983057439 1.78813934e-07 0.183299154 0 0.183165804 -0.0381122828 0.982342958 0 0.00698640943 0.99927336 0.0374664739 0 0.532207966 0.731028199 0.253361404 1
Nominal 456 496 hand_L 0.0299861878 -5.96046448e-08 0.999550462 0 0.998752594 -0.0399501622 -0.0299623758 0 0.0399325788 0.999201536 -0.00119805336 0 0.56978792 0.813209176 0.454906315 1
Nominal 456 496 foot_R 0 4.37113883e-08 1 0 0.99999994 0 0 0 0 1 -4.37113883e-08 0 0.0799999833 0.0688500032 0.49000001 1
Nominal 456 496 foot_L -0.173137501 3.88806676e-08 0.984897673 0 0.981955111 -0.077241458 0.172620252 0 0.076074928 0.997012436 0.0133733554 0 0.0921669304 0.0983050168 -0.405365497 1
Nominal 456 496.5 root 1 0 0 0 0 1 0 0 0 0 1 0 0 0 0 1
Nominal 456 496.5 pelvis 0.418460876 -1.3914223e-07 0.908234894 0 -1.3914223e-07 1 2.17309235e-07 0 -0.908234894 -2.17309235e-07 0.418460876 0 0.0699953586 0.530010521 0.130086422 1
Nominal 456 496.5 chest 0.622076511 0.0477667674 0.781498075 0 -0.0297348499 0.998858511 -0.0373832025 0 -0.782391667 1.74805464e-05 0.62278676 0 0.0699953213 0.930010378 0.130086422 1
Nominal 456 496.5 head 0.997522771 1.00349916e-06 0.0703448653 0 -1.03817183e-06 1 3.75486707e-07 0 -0.0703448355 -4.53067514e-07 0.997522831 0 0.0587331876 1.30857754 0.115917474 1
Nominal 456 496.5 arm_R_0 -0.327111423 3.95067036e-05 0.944985688 0 0.912685394 -0.259203464 0.315941364 0 0.244956017 0.965822697 0.0847523957 0 -0.145116642 0.930010676 0.301317155 1
Nominal 456 496.5 arm_R_1 -0.295382738 8.79690051e-05 0.955379009 0 0.938071072 -0.189456612 0.290048987 0 0.181028336 0.981889009 0.0558797084 0 0.0919169784 0.772655845 0.383296311 1
Nominal 456 496.5 arm_R_2 -0.231044158 0.000304274261 0.972943127 0 0.972129047 -0.0408242084 0.230863646 0 0.039789848 0.99916625 0.00913641602 0 0.271178901 0.736412704 0.438616365 1
Nominal 456 496.5 hand_R -0.0146113932 0.000313356519 0.999893069 0 0.999164581 -0.0381606817 0.0146126002 0 0.0381611288 0.999271512 0.000244528055 0 0.392676115 0.821282923 0.467284352 1
Nominal 456 496.5 bat_grip -0.0146114547 0.000313381199 0.999893069 0 0.999164581 -0.0381607749 0.0146126626 0 0.0381612219 0.999271512 0.000244507071 0 0.392676115 0.821282923 0.467284352 1
Nominal 456 496.5 bat_barrel -0.0146115124 0.000313502678 0.999893069 0 0.999164522 -0.0381600261 0.0146127241 0 0.0381604806 0.999271512 0.000244376977 0 1.25195765 0.788464665 0.479851216 1
Nominal 456 496.5 bat_tip -0.0146114584 0.00031329185 0.999893069 0 0.999164581 -0.0381607749 0.0146126626 0 0.0381612219 0.999271512 0.000244596478 0 1.59167373 0.775490105 0.484819502 1
Nominal 456 496.5 arm_L_0 -0.668019533 0.000310257077 0.744143844 0 0.703540921 -0.325543046 0.631705701 0 0.242447048 0.945527196 0.217250764 0 0.285107136 0.930010021 -0.041144371 1
Nominal 456 496.5 arm_L_1 -0.878630877 0.000362873077 0.477502078 0 0.468307614 -0.194642365 0.861859918 0 0.0932551101 0.980874181 0.170848817 0 0.435003072 0.770492971 0.0935743973 1
Nominal 456 496.5 arm_L_2 -0.986045718 0.000144660473 0.166476518 0 0.166368112 -0.03525462 0.98543328 0 0.00601190329 0.999378324 0.0347385593 0 0.527139902 0.732079625 0.263835251 1
Nominal 456 496.5 hand_L -0.0146082491 0.000286668539 0.999893248 0 0.999164581 -0.0381773412 0.0146086514 0 0.0381777585 0.999270916 0.000271141529 0 0.562500715 0.814776123 0.469746888 1
Nominal 456 496.5 foot_R 0 4.37113883e-08 1 0 0.99999994 0 0 0 0 1 -4.37113883e-08 0 0.0799999833 0.0688500032 0.49000001 1
Nominal 456 496.5 foot_L -0.178723738 -4.96113425e-05 0.983899295 0 0.980767429 -0.0797330514 0.178150848 0 0.0784404427 0.996816278 0.0142988442 0 0.0927928537 0.0992480218 -0.407423496 1
Nominal 456 497.0 root 1 0 0 0 0 1 0 0 0 0 1 0 0 0 0 1
Nominal 456 497.0 pelvis 0.414295077 -2.06508076e-07 0.910142601 0 -2.06508062e-07 1 3.20898437e-07 0 -0.910142601 -3.20898437e-07 0.414295077 0 0.0699907243 0.530021071 0.130172849 1
Nominal 456 497.0 chest 0.615487814 0.0484194383 0.786657631 0 -0.0298108738 0.9988271 -0.0381543562 0 -0.787582397 3.25907276e-05 0.616209328 0 0.0699906647 0.930020809 0.130172864 1
Nominal 456 497.0 head 0.997481108 5.43132046e-08 0.0709330738 0 4.80940798e-09 1 -9.07315552e-07 0 -0.070933193 9.092455e-07 0.997481048 0 0.0587070845 1.30857539 0.115711071 1
Nominal 456 497.0 arm_R_0 -0.340408385 6.91609457e-05 0.940277576 0 0.90833497 -0.258411437 0.328863263 0 0.243001223 0.966034949 0.0879026428 0 -0.146502391 0.93002075 0.29956001 1
Nominal 456 497.0 arm_R_1 -0.31334272 0.000155799091 0.949640036 0 0.932679176 -0.188102365 0.307777226 0 0.178677469 0.982149363 0.0587952249 0 0.0885123089 0.773087919 0.384497792 1
Nominal 456 497.0 arm_R_2 -0.258521467 0.000545337796 0.966005266 0 0.965316236 -0.0376222059 0.258358359 0 0.036484126 0.999291837 0.0091997534 0 0.265749007 0.737266243 0.442768872 1
Nominal 456 497.0 hand_R -0.0591786206 0.000487878919 0.998247147 0 0.997587442 -0.0363277197 0.0591572672 0 0.0362930596 0.999339819 0.0016631633 0 0.38520813 0.82255584 0.474373341 1
Nominal 456 497.0 bat_grip -0.0591786839 0.000487903482 0.998247147 0 0.997587442 -0.0363278128 0.0591573305 0 0.0362931527 0.999339819 0.00166314654 0 0.38520813 0.82255584 0.474373341 1
Nominal 456 497.0 bat_barrel -0.0591787435 0.000488024845 0.998247147 0 0.997587383 -0.036327064 0.0591573901 0 0.0362924151 0.999339819 0.00166298344 0 1.24313331 0.791313946 0.525248647 1
Nominal 456 497.0 bat_tip -0.0591786876 0.000487814134 0.998247147 0 0.997587442 -0.0363278128 0.0591573305 0 0.036293149 0.999339819 0.00166323583 0 1.58231318 0.778962553 0.545362115 1
Nominal 456 497.0 arm_L_0 -0.687161446 0.00054526329 0.726504683 0 0.687630117 -0.322242796 0.650633872 0 0.234465778 0.946656942 0.221057788 0 0.286483586 0.930020869 -0.0392143689 1
Nominal 456 497.0 arm_L_1 -0.889671981 0.00067178905 0.456600189 0 0.448168308 -0.190009892 0.87352246 0 0.0873455778 0.981782019 0.168745399 0 0.433028966 0.771030366 0.0996993706 1
Nominal 456 497.0 arm_L_2 -0.988747299 0.000292181969 0.149595946 0 0.149507672 -0.0324230269 0.988228858 0 0.0051394105 0.999474168 0.0320145302 0 0.521796405 0.733150601 0.27416876 1
Nominal 456 497.0 hand_L -0.05917871 0.000487923622 0.998247385 0 0.997587562 -0.0363276899 0.0591570288 0 0.0362932384 0.9993397 0.001663059 0 0.554797828 0.816379964 0.484430194 1
Nominal 456 497.0 foot_R 0 4.37113883e-08 1 0 0.99999994 0 0 0 0 1 -4.37113883e-08 0 0.0799999833 0.0688500032 0.49000001 1
Nominal 456 497.0 foot_L -0.184304312 -8.50765864e-05 0.982869208 0 0.979542315 -0.082224369 0.183673367 0 0.0808001682 0.99661386 0.0152376425 0 0.093418777 0.100191027 -0.409481466 1
Nominal 456 497.5 root 1 0 0 0 0 1 0 0 0 0 1 0 0 0 0 1
Nominal 456 497.5 pelvis 0.410120517 -1.06530571e-07 0.912031353 0 -1.06530564e-07 1 1.64710286e-07 0 -0.912031353 -1.64710286e-07 0.410120517 0 0.0699860901 0.530031562 0.130259275 1
Nominal 456 497.5 chest 0.608855724 0.0490722843 0.791761696 0 -0.0298827104 0.998795211 -0.0389244705 0 -0.792717934 3.93999035e-05 0.609588623 0 0.0699860528 0.930031419 0.130259275 1
Nominal 456 497.5 head 0.997439027 1.00783473e-06 0.0715215504 0 -9.897376e-07 0.99999994 -3.09293682e-07 0 -0.0715215802 2.39686415e-07 0.997439027 0 0.0586776957 1.30857384 0.115505464 1
Nominal 456 497.5 arm_R_0 -0.353638232 8.57440755e-05 0.935382187 0 0.903801322 -0.257622063 0.341722131 0 0.241004422 0.966245711 0.0910275578 0 -0.1479038 0.930031717 0.29781422 1
Nominal 456 497.5 arm_R_1 -0.331192076 0.000192023814 0.943563223 0 0.926951766 -0.186750054 0.325399429 0 0.176273018 0.982407331 0.0616721809 0 0.0851286724 0.773521721 0.385751694 1
Nominal 456 497.5 arm_R_2 -0.285792321 0.000668168068 0.958291173 0 0.95771724 -0.0344179571 0.285645157 0 0.0331732929 0.999407172 0.00919649005 0 0.260389864 0.738123238 0.447029561 1
Nominal 456 497.5 hand_R -0.103630148 0.000640496612 0.994615495 0 0.994021058 -0.034517318 0.103590414 0 0.0343978405 0.999403954 0.00294039398 0 0.377887249 0.823837876 0.481653988 1
Nominal 456 497.5 bat_grip -0.103630207 0.000640521117 0.994615495 0 0.994021058 -0.0345174111 0.103590474 0 0.0343979336 0.999403954 0.00294038141 0 0.377887249 0.823837876 0.481653988 1
Nominal 456 497.5 bat_barrel -0.10363026 0.000640642422 0.994615495 0 0.994020998 -0.0345166624 0.103590526 0 0.0343972072 0.999403954 0.0029401856 0 1.23274541 0.794152915 0.570741773 1
Nominal 456 497.5 bat_tip -0.103630207 0.000640431768 0.994615495 0 0.994021058 -0.0345174111 0.103590474 0 0.0343979262 0.999403954 0.00294047035 0 1.57071269 0.782417119 0.605962515 1
Nominal 456 497.5 arm_L_0 -0.705838501 0.000674068928 0.708372653 0 0.671227396 -0.318934798 0.66912961 0 0.226375848 0.947776437 0.224663928 0 0.287875801 0.930031061 -0.0372957438 1
Nominal 456 497.5 arm_L_1 -0.900214314 0.000810518861 0.435446739 0 0.42776674 -0.185344964 0.884682357 0 0.0814251006 0.982673287 0.166503459 0 0.431183904 0.771564364 0.105899446 1
Nominal 456 497.5 arm_L_2 -0.991158903 0.000339001417 0.132680431 0 0.132612273 -0.0295615047 0.990726948 0 0.00425839424 0.999562979 0.0292551666 0 0.516732395 0.734201133 0.284637213 1
Nominal 456 497.5 hand_L -0.103627279 0.000615537167 0.994616032 0 0.99402082 -0.0345361829 0.103586361 0 0.0344144404 0.999403358 0.00296697021 0 0.546839356 0.817948639 0.499236405 1
Nominal 456 497.5 foot_R 0 4.37113883e-08 1 0 0.99999994 0 0 0 0 1 -4.37113883e-08 0 0.0799999833 0.0688500032 0.49000001 1
Nominal 456 497.5 foot_L -0.18987906 -0.0001063542 0.98180747 0 0.97827971 -0.0847153515 0.189187661 0 0.0831540376 0.996405184 0.0161897149 0 0.0940726101 0.101132885 -0.411531299 1
Nominal 456 498.0 root 1 0 0 0 0 1 0 0 0 0 1 0 0 0 0 1
Nominal 456 498.0 pelvis 0.405937493 -5.83844573e-09 0.913900852 0 -5.83844573e-09 1 8.98181618e-09 0 -0.913900852 -8.98181618e-09 0.405937493 0 0.0699814484 0.530042112 0.130345687 1
Nominal 456 498.0 chest 0.602181077 0.0497251302 0.796809494 0 -0.0299456902 0.998762965 -0.0396969281 0 -0.79779768 4.37260096e-05 0.602925181 0 0.0699814484 0.930042088 0.130345687 1
Nominal 456 498.0 head 0.997396708 -2.03726813e-09 0.0721098781 0 9.73013812e-08 1 -1.27182102e-06 0 -0.0721099377 1.28050669e-06 0.997396708 0 0.0586516671 1.30857217 0.115298994 1
Nominal 456 498.0 arm_R_0 -0.366797268 9.23797488e-05 0.930300832 0 0.899086833 -0.256829232 0.354515821 0 0.23896122 0.966456831 0.0941212475 0 -0.149289668 0.930042028 0.296056926 1
Nominal 456 498.0 arm_R_1 -0.348923206 0.000207930803 0.937151253 0 0.920891523 -0.185393572 0.342910528 0 0.173813149 0.982664347 0.0644966811 0 0.0817234889 0.773954213 0.386953652 1
Nominal 456 498.0 arm_R_2 -0.31283325 0.000727392733 0.949807644 0 0.949338198 -0.0312067233 0.312702507 0 0.0298678912 0.999512732 0.00907200575 0 0.254958749 0.738977134 0.451183558 1
Nominal 456 498.0 hand_R -0.147874102 0.000651061535 0.989005864 0 0.988474846 -0.0326760411 0.147816122 0 0.0324131548 0.999465883 0.00418840349 0 0.370416343 0.825111628 0.488746852 1
Nominal 456 498.0 bat_grip -0.147874162 0.000651085924 0.989005864 0 0.988474846 -0.0326761343 0.147816181 0 0.0324132517 0.999465883 0.00418839511 0 0.370416343 0.825111628 0.488746852 1
Nominal 456 498.0 bat_barrel -0.147874221 0.000651207112 0.989005864 0 0.988474786 -0.0326753855 0.147816226 0 0.0324125327 0.999465883 0.00418816693 0 1.22050476 0.797010124 0.615868747 1
Nominal 456 498.0 bat_tip -0.147874162 0.000650996575 0.989005864 0 0.988474846 -0.0326761343 0.147816181 0 0.0324132368 0.999465883 0.00418848358 0 1.55658627 0.785900354 0.666126251 1
Nominal 456 498.0 arm_L_0 -0.724037111 0.00072735548 0.689760625 0 0.654338002 -0.315619588 0.687187076 0 0.218201995 0.9488855 0.22804442 0 0.28925249 0.930042028 -0.0353656299 1
Nominal 456 498.0 arm_L_1 -0.910255969 0.000896111131 0.414045036 0 0.40708223 -0.180694863 0.895339906 0 0.0756183416 0.983538866 0.164113879 0 0.429207802 0.772102594 0.112027459 1
Nominal 456 498.0 arm_L_2 -0.993282199 0.00038972497 0.115716934 0 0.115665168 -0.0267260149 0.992928684 0 0.00347992778 0.999642789 0.026501406 0 0.511385143 0.735273957 0.294976145 1
Nominal 456 498.0 hand_L -0.147873953 0.00065100193 0.989006162 0 0.988474965 -0.0326758325 0.147816062 0 0.0324131846 0.999465823 0.00418832898 0 0.538457215 0.819556594 0.513875723 1
Nominal 456 498.0 foot_R 0 4.37113883e-08 1 0 0.99999994 0 0 0 0 1 -4.37113883e-08 0 0.0799999833 0.0688500032 0.49000001 1
Nominal 456 498.0 foot_L -0.195447668 -0.000113447655 0.980714142 0 0.976979792 -0.087205857 0.194693387 0 0.0855019167 0.99619031 0.0171550177 0 0.0947264507 0.102074757 -0.413581133 1
Nominal 456 498.5 root 1 0 0 0 0 1 0 0 0 0 1 0 0 0 0 1
Nominal 456 498.5 pelvis 0.401745677 -8.65985612e-08 0.915751278 0 -8.65985541e-08 1 1.32556906e-07 0 -0.915751278 -1.32556906e-07 0.401745677 0 0.0699768066 0.530052662 0.130432099 1
Nominal 456 498.5 chest 0.595463812 0.0503779389 0.801801026 0 -0.0300046839 0.998730242 -0.0404679775 0 -0.802821636 3.94299495e-05 0.596219301 0 0.0699767768 0.930052578 0.130432114 1
Nominal 456 498.5 head 0.997354031 9.90454282e-07 0.0726982951 0 -9.6911026e-07 1 -4.03852027e-07 0 -0.0726982951 3.37768142e-07 0.997354031 0 0.0586221926 1.30857038 0.115093447 1
Nominal 456 498.5 arm_R_0 -0.379883736 8.5812062e-05 0.925034165 0 0.894191146 -0.256039381 0.367241174 0 0.236876696 0.966666341 0.0971884876 0 -0.150691003 0.930052817 0.294311225 1
Nominal 456 498.5 arm_R_1 -0.366530657 0.000192128122 0.930405974 0 0.914500356 -0.184040189 0.360302746 0 0.17130132 0.98291868 0.0672806948 0 0.0783403665 0.774387658 0.388207048 1
Nominal 456 498.5 arm_R_2 -0.33962363 0.00066831708 0.940561116 0 0.940186322 -0.0279999822 0.339508206 0 0.0265626125 0.999607682 0.00888113678 0 0.249600768 0.739833832 0.455442667 1
Nominal 456 498.5 hand_R -0.191825464 0.000641614199 0.981428742 0 0.980957985 -0.0308589935 0.191753566 0 0.0304090679 0.99952358 0.00529017672 0 0.363098264 0.826392949 0.496023625 1
Nominal 456 498.5 bat_grip -0.191825524 0.000641638471 0.981428742 0 0.980957985 -0.0308590867 0.191753626 0 0.0304091629 0.99952358 0.00529017253 0 0.363098264 0.826392949 0.496023625 1
Nominal 456 498.5 bat_barrel -0.191825584 0.000641759543 0.981428742 0 0.980957925 -0.0308583397 0.191753671 0 0.0304084551 0.99952358 0.00528991269 0 1.20672214 0.799854159 0.660931706 1
Nominal 456 498.5 bat_tip -0.191825524 0.000641549123 0.981428742 0 0.980957985 -0.0308590867 0.191753626 0 0.0304091461 0.99952358 0.00529026007 0 1.54024804 0.789362133 0.726127982 1
Nominal 456 498.5 arm_L_0 -0.74174577 0.000674173236 0.670681059 0 0.636979401 -0.312302113 0.704787016 0 0.20993036 0.949982643 0.231219262 0 0.290644526 0.930052221 -0.0334470794 1
Nominal 456 498.5 arm_L_1 -0.919787586 0.000810205936 0.392416418 0 0.386158258 -0.176020607 0.90548259 0 0.0698071718 0.984386265 0.161588714 0 0.427364796 0.772635937 0.118224554 1
Nominal 456 498.5 arm_L_2 -0.995114565 0.000338733196 0.0987284258 0 0.0986921787 -0.0238642171 0.994831979 0 0.00269335508 0.999715269 0.0237141848 0 0.506325066 0.736322939 0.305439204 1
Nominal 456 498.5 hand_L -0.191822708 0.000618368387 0.981429696 0 0.980958164 -0.0308800936 0.19174993 0 0.0304256976 0.999522924 0.00531682372 0 0.529832363 0.821123958 0.52858758 1
Nominal 456 498.5 foot_R 0 4.37113883e-08 1 0 0.99999994 0 0 0 0 1 -4.37113883e-08 0 0.0799999833 0.0688500032 0.49000001 1
Nominal 456 498.5 foot_L -0.201010048 -0.000106354761 0.979589164 0 0.975642502 -0.0896958411 0.200190485 0 0.0878437757 0.995969176 0.0181335304 0 0.0954081491 0.103015348 -0.415622473 1
Nominal 456 499.0 root 1 0 0 0 0 1 0 0 0 0 1 0 0 0 0 1
Nominal 456 499.0 pelvis 0.397545427 -1.67924057e-07 0.917582512 0 -1.67924057e-07 1 2.55760654e-07 0 -0.917582512 -2.55760654e-07 0.397545427 0 0.0699721724 0.530063152 0.130518526 1
Nominal 456 499.0 chest 0.588704824 0.0510306954 0.806735694 0 -0.0300548002 0.998697102 -0.0412412621 0 -0.807789147 3.26514237e-05 0.589471519 0 0.0699721277 0.93006295 0.130518541 1
Nominal 456 499.0 head 0.997310877 3.56612873e-08 0.073286891 0 4.84960765e-08 0.99999994 -1.10623841e-06 0 -0.0732868612 1.10859219e-06 0.997310877 0 0.0585961081 1.30856824 0.114887007 1
Nominal 456 499.0 arm_R_0 -0.392894238 6.91972673e-05 0.919583678 0 0.889116406 -0.255246222 0.379896343 0 0.234746531 0.96687597 0.10022331 0 -0.152077004 0.93006283 0.292553812 1
Nominal 456 499.0 arm_R_1 -0.384007365 0.000155851245 0.923330128 0 0.907780945 -0.182683304 0.377571523 0 0.168735817 0.983171701 0.0700102895 0 0.0749346539 0.774819911 0.389409423 1
Nominal 456 499.0 arm_R_2 -0.366140395 0.000545330346 0.930559576 0 0.930268586 -0.0247898884 0.366040528 0 0.0232680812 0.99969238 0.00856929272 0 0.244168356 0.740687728 0.459598243 1
Nominal 456 499.0 hand_R -0.235393628 0.000487938523 0.971900105 0 0.971487284 -0.0290237367 0.2353082 0 0.0283230245 0.999578416 0.00635802001 0 0.355624497 0.827666998 0.503120542 1
Nominal 456 499.0 bat_grip -0.235393688 0.000487962679 0.971900105 0 0.971487284 -0.0290238298 0.23530826 0 0.0283231195 0.999578416 0.00635802001 0 0.355624497 0.827666998 0.503120542 1
Nominal 456 499.0 bat_barrel -0.235393748 0.000488083635 0.971900105 0 0.971487224 -0.0290230829 0.235308304 0 0.0283224229 0.999578416 0.00635772897 0 1.19110358 0.80270648 0.705485582 1
Nominal 456 499.0 bat_tip -0.235393688 0.000487873302 0.971900105 0 0.971487284 -0.0290238298 0.23530826 0 0.028323099 0.999578416 0.00635810709 0 1.52140951 0.792838514 0.785490453 1
Nominal 456 499.0 arm_L_0 -0.758951247 0.000545337796 0.651147425 0 0.619157732 -0.308981121 0.721924126 0 0.201586097 0.951068044 0.234163895 0 0.292021215 0.93006295 -0.0315167457 1
Nominal 456 499.0 arm_L_1 -0.928806722 0.000671982765 0.370564431 0 0.36497587 -0.171363801 0.915110409 0 0.0641164482 0.985207617 0.158918589 0 0.425386429 0.773174465 0.124355718 1
Nominal 456 499.0 arm_L_2 -0.996656835 0.000292390585 0.0817023218 0 0.081677869 -0.0210283548 0.996436894 0 0.00200971961 0.999778867 0.0209340453 0 0.500973642 0.737396717 0.315783739 1
Nominal 456 499.0 hand_L -0.235393822 0.000487804413 0.971900046 0 0.971487403 -0.0290237665 0.23530823 0 0.0283233225 0.999578595 0.00635790825 0 0.520777166 0.822732687 0.543123007 1
Nominal 456 499.0 foot_R 0 4.37113883e-08 1 0 0.99999994 0 0 0 0 1 -4.37113883e-08 0 0.0799999833 0.0688500032 0.49000001 1
Nominal 456 499.0 foot_L -0.206565872 -8.50760771e-05 0.978432715 0 0.97426796 -0.0921851695 0.205678627 0 0.0901794732 0.995741904 0.0191251971 0 0.0960898474 0.103955939 -0.417663813 1
Nominal 456 499.5 root 1 0 0 0 0 1 0 0 0 0 1 0 0 0 0 1
Nominal 456 499.5 pelvis 0.393337011 -8.0007581e-08 0.919394374 0 -8.0007581e-08 1 1.21251048e-07 0 -0.919394374 -1.21251048e-07 0.393337011 0 0.0699675381 0.530073702 0.130604953 1
Nominal 456 499.5 chest 0.581904471 0.051683329 0.811613202 0 -0.0301007237 0.998663545 -0.042013254 0 -0.812699914 1.75541136e-05 0.58268249 0 0.0699675158 0.9300735 0.130604953 1
Nominal 456 499.5 head 0.997267485 9.52710252e-07 0.0738750994 0 -9.74743671e-07 1 1.91312211e-07 0 -0.0738751292 -2.71604222e-07 0.997267485 0 0.0585667193 1.30856669 0.11468143 1
Nominal 456 499.5 arm_R_0 -0.405826867 3.96547839e-05 0.913949907 0 0.883862555 -0.254456639 0.392477959 0 0.232576147 0.967084169 0.10323029 0 -0.153478175 0.930073738 0.29080826 1
Nominal 456 499.5 arm_R_1 -0.401347846 8.82148743e-05 0.915925682 0 0.900735199 -0.181330889 0.394709021 0 0.16612038 0.983422101 0.0726973116 0 0.0715520829 0.775253356 0.390662372 1
Nominal 456 499.5 arm_R_2 -0.392362982 0.000304661691 0.919810295 0 0.919593513 -0.0215912126 0.392277628 0 0.0199792404 0.999766827 0.00819145143 0 0.238811672 0.741544247 0.463855833 1
Nominal 456 499.5 hand_R -0.278494835 0.000316619873 0.960437596 0 0.960079849 -0.0272148252 0.278400004 0 0.0262261927 0.999629617 0.0072751753 0 0.348309308 0.828947723 0.510393262 1
Nominal 456 499.5 bat_grip -0.278494895 0.000316643913 0.960437596 0 0.960079849 -0.0272149183 0.278400064 0 0.0262262877 0.999629617 0.00727517996 0 0.348309308 0.828947723 0.510393262 1
Nominal 456 499.5 bat_barrel -0.278494954 0.000316764752 0.960437596 0 0.960079789 -0.0272141714 0.278400093 0 0.026225606 0.999629617 0.00727485819 0 1.17397797 0.805542886 0.749817312 1
Nominal 456 499.5 bat_tip -0.278494895 0.000316554535 0.960437596 0 0.960079849 -0.0272149183 0.278400064 0 0.0262262635 0.999629617 0.00727526564 0 1.50040531 0.796289921 0.844473362 1
Nominal 456 499.5 arm_L_0 -0.775642276 0.000310435891 0.631172895 0 0.600891113 -0.305663198 0.738579571 0 0.193155766 0.952139616 0.236898705 0 0.293413192 0.930073202 -0.0295984112 1
Nominal 456 499.5 arm_L_1 -0.937304676 0.000361740589 0.34851107 0 0.343578517 -0.166690931 0.924211919 0 0.0584281832 0.986009121 0.156115949 0 0.423545599 0.773707271 0.130549669 1
Nominal 456 499.5 arm_L_2 -0.997907281 0.000143557787 0.0646617264 0 0.064648293 -0.0181694627 0.997742534 0 0.00131839514 0.999834895 0.0181221515 0 0.495917618 0.738444448 0.326241225 1
Nominal 456 499.5 hand_L -0.278492332 0.000295311213 0.960438371 0 0.960080028 -0.0272377431 0.278396517 0 0.0262427926 0.999628961 0.00730189681 0 0.51149708 0.824296713 0.557680905 1
Nominal 456 499.5 foot_R 0 4.37113883e-08 1 0 0.99999994 0 0 0 0 1 -4.37113883e-08 0 0.0799999833 0.0688500032 0.49000001 1
Nominal 456 499.5 foot_L -0.212115064 -4.96097782e-05 0.977244675 0 0.972856164 -0.09467379 0.211157739 0 0.0925089717 0.995508373 0.0201299991 0 0.0967992768 0.104895115 -0.419696391 1
Nominal 456 500.0 root 1 0 0 0 0 1 0 0 0 0 1 0 0 0 0 1
Nominal 456 500.0 pelvis 0.389120311 8.52428617e-09 0.921186924 0 8.52428617e-09 1 -1.28543496e-08 0 -0.921186924 1.28543496e-08 0.389120311 0 0.0699628964 0.530084252 0.130691379 1
Nominal 456 500.0 chest 0.575063348 0.0523358881 0.816433191 0 -0.0301377736 0.99862951 -0.0427873768 0 -0.81755358 -2.37540458e-08 0.575852513 0 0.0699628964 0.930084229 0.130691379 1
Nominal 456 500.0 head 0.997223735 -7.10592474e-08 0.0744634867 0 8.27658866e-08 1 -6.92140816e-08 0 -0.0744633973 8.54958913e-08 0.997223794 0 0.0585406721 1.3085649 0.114474945 1
Nominal 456 500.0 arm_R_0 -0.418678343 -1.86264515e-09 0.90813452 0 0.878431678 -0.253663957 0.404984444 0 0.23036103 0.967292368 0.106203705 0 -0.154864252 0.930084109 0.289050698 1
Nominal 456 500.0 arm_R_1 -0.418545187 1.49011612e-08 0.908195913 0 0.893366039 -0.179975599 0.411710829 0 0.163453162 0.98367101 0.0753279999 0 0.0681458265 0.775686026 0.391865224 1
Nominal 456 500.0 arm_R_2 -0.418269128 1.49011612e-08 0.90832299 0 0.908169448 -0.0183927305 0.418198466 0 0.0167065896 0.999830842 0.0076932013 0 0.233377948 0.74239862 0.468012989 1
Nominal 456 500.0 hand_R -0.321040154 7.4505806e-08 0.947065473 0 0.946760058 -0.0254001021 0.320936561 0 0.0240556896 0.99967742 0.00815453939 0 0.340832591 0.830222785 0.517494202 1
Nominal 456 500.0 bat_grip -0.321040213 9.84273925e-08 0.947065473 0 0.946760058 -0.0254001953 0.32093662 0 0.0240557846 0.99967742 0.00815454777 0 0.340832591 0.830222785 0.517494202 1
Nominal 456 500.0 bat_barrel -0.321040273 2.19175249e-07 0.947065473 0 0.946759999 -0.0253994484 0.32093665 0 0.0240551177 0.99967742 0.00815419573 0 1.15504622 0.808378637 0.793499708 1
Nominal 456 500.0 bat_tip -0.321040213 9.04926623e-09 0.947065473 0 0.946760058 -0.0254001953 0.32093662 0 0.0240557566 0.99967742 0.00815463252 0 1.4769448 0.799742639 0.90261817 1
Nominal 456 500.0 arm_L_0 -0.791806817 0 0.610771775 0 0.582186699 -0.302345514 0.75474894 0 0.184664309 0.953198373 0.239399284 0 0.29479003 0.930084229 -0.0276680123 1
Nominal 456 500.0 arm_L_1 -0.945280194 2.83122063e-07 0.32626 0 0.321948349 -0.162038058 0.932787836 0 0.0528669953 0.986784577 0.15317142 0 0.421565145 0.774246633 0.136683851 1
Nominal 456 500.0 arm_L_2 -0.998866916 1.78813934e-07 0.047593683 0 0.0475881025 -0.0153362751 0.998749375 0 0.000730365515 0.99988246 0.0153189376 0 0.49056235 0.739519835 0.336591214 1
Nominal 456 500.0 hand_L -0.321040273 0 0.947065651 0 0.946760297 -0.0253999531 0.32093668 0 0.024055779 0.99967742 0.00815443695 0 0.501781881 0.825904489 0.572053492 1
Nominal 456 500.0 foot_R 0 4.37113883e-08 1 0 0.99999994 0 0 0 0 1 -4.37113883e-08 0 0.0799999833 0.0688500032 0.49000001 1
Nominal 456 500.0 foot_L -0.217657268 3.67568056e-08 0.976025283 0 0.971407235 -0.0971615463 0.216627464 0 0.0948321223 0.995268643 0.0211478807 0 0.0975087062 0.10583429 -0.421728939 1
Nominal 456 552 root 1 0 0 0 0 1 0 0 0 0 1 0 0 0 0 1
Nominal 456 552 pelvis -0.00841645617 3.52293751e-15 0.999964654 0 -3.52293751e-15 1 -3.55271368e-15 0 -0.999964654 -3.55271368e-15 -0.00841645617 0 0.064915061 0.541028857 0.137934163 1
Nominal 456 552 chest -0.0288157463 0.103201404 0.994243085 0 0.00298977573 0.994660497 -0.103158101 0 -0.999580324 -1.38148541e-08 -0.0289704353 0 0.064915061 0.941028774 0.137934133 1
Nominal 456 552 head 0.985719025 -4.59254004e-08 0.168399096 0 2.20947918e-08 1 8.30691107e-08 0 -0.168399066 -7.64367343e-08 0.985719085 0 0.0660482049 1.31800556 0.0988371745 1
Nominal 456 552 arm_R_0 -0.997181356 7.4505806e-08 0.0750284493 0 0.0638754591 0.524598837 0.848949909 0 -0.0393598042 0.851349533 -0.523120284 0 -0.209969535 0.941028774 0.129967242 1
Nominal 456 552 arm_R_1 -0.842632532 2.08616257e-07 -0.538489103 0 -0.374298513 0.718922317 0.585705698 0 0.387131989 0.695090294 -0.605787396 0 -0.202088401 0.915755451 0.234712496 1
Nominal 456 552 arm_R_2 -0.43088001 -2.98023224e-08 -0.902409196 0 -0.618034184 0.7286641 0.295097172 0 0.657553256 0.684871197 -0.31396699 0 -0.251985073 1.01159263 0.312791258 1
Nominal 456 552 hand_R -0.632245898 4.09781933e-08 -0.774767816 0 -0.667587757 0.507483244 0.544781983 0 0.393181771 0.861661613 -0.320854306 0 -0.359659493 1.22854161 0.364203453 1
Nominal 456 552 bat_grip -0.632245839 2.87291257e-08 -0.774767876 0 -0.667587876 0.507483184 0.544781983 0 0.393181711 0.861661673 -0.320854247 0 -0.359659493 1.22854161 0.364203453 1
Nominal 456 552 bat_barrel -0.632245719 9.99384682e-08 -0.774767995 0 -0.667587578 0.50748378 0.544781625 0 0.393182278 0.861661315 -0.320854574 0 -0.933785081 1.66497719 0.832715988 1
Nominal 456 552 bat_tip -0.632245898 -4.83094311e-08 -0.774767876 0 -0.667587876 0.507483184 0.544781983 0 0.393181652 0.861661673 -0.320854306 0 -1.16076493 1.83752155 1.01794195 1
Nominal 456 552 arm_L_0 -0.304196775 -5.96046448e-08 -0.95260942 0 -0.879012465 0.385418653 0.280694962 0 0.367153615 0.922741771 -0.117243022 0 0.339799643 0.941028774 0.145901069 1
Nominal 456 552 arm_L_1 -0.357219458 -4.47034836e-08 -0.934020758 0 -0.858226717 0.394602299 0.328231722 0 0.368566871 0.918852091 -0.140959486 0 0.126594216 0.944512606 0.213983804 1
Nominal 456 552 arm_L_2 -0.389884621 -7.4505806e-08 -0.920863986 0 -0.844078839 0.399767816 0.357374549 0 0.368132055 0.916616499 -0.155863225 0 -0.144389048 1.06910729 0.317622304 1
Nominal 456 552 hand_L -0.632245958 5.96046448e-08 -0.774768114 0 -0.667587519 0.507483482 0.544782162 0 0.393182307 0.861661553 -0.320854098 0 -0.473149508 1.31481385 0.456816554 1
Nominal 456 552 foot_R 0 4.37113883e-08 1 0 0.99999994 0 0 0 0 1 -4.37113883e-08 0 0.0799999833 0.0688500032 0.49000001 1
Nominal 456 552 foot_L -0.722120464 1.01064728e-07 0.691767275 0 0.651795208 -0.335001469 0.680394709 0 0.231743112 0.942217588 0.241911367 0 0.229666084 0.193512291 -0.584615946 1
Nominal 456 656 root 1 0 0 0 0 1 0 0 0 0 1 0 0 0 0 1
Nominal 456 656 pelvis -0.268312484 0 0.963331997 0 0 1 0 0 -0.963331997 0 -0.268312484 0 0.0550355949 0.556365132 0.135641277 1
Nominal 456 656 chest -0.528172433 0.0950168669 0.843804359 0 0.0504134484 0.99547565 -0.0805399939 0 -0.847639382 8.66664962e-08 -0.530572951 0 0.0550355837 0.956365108 0.135641262 1
Nominal 456 656 head 0.920789003 -2.50431e-08 0.39006114 0 5.85923701e-08 0.99999994 -7.7527389e-08 0 -0.39006114 9.80728103e-08 0.920789003 0 0.0741422325 1.33365047 0.105116531 1
Nominal 456 656 arm_R_0 0.060007859 -2.16066837e-07 -0.998197973 0 -0.270301014 0.962638617 -0.016249679 0 0.960903883 0.270788997 0.0577657446 0 -0.178065211 0.956365108 -0.0102662919 1
Nominal 456 656 arm_R_1 0.279022932 -1.78813934e-07 -0.960284591 0 -0.475723982 0.868665338 -0.13822788 0 0.834165871 0.495398998 0.242377475 0 -0.220932215 1.01903033 -0.0128432773 1
Nominal 456 656 arm_R_2 0.332801759 -5.21540642e-08 -0.942996919 0 -0.580804527 0.787813663 -0.204977155 0 0.742905676 0.615913451 0.262185752 0 -0.321577042 1.20280635 -0.0420869961 1
Nominal 456 656 hand_R 0.799527824 2.98023224e-08 0.600629091 0 0.359476149 0.801122904 -0.478517294 0 -0.481177986 0.598499775 0.640520334 0 -0.479999602 1.50769413 -0.0979971662 1
Nominal 456 656 bat_grip 0.799527824 -6.56042509e-09 0.600629091 0 0.359476268 0.801122844 -0.478517324 0 -0.481177956 0.598499835 0.640520275 0 -0.479999602 1.50769413 -0.0979971662 1
Nominal 456 656 bat_barrel 0.799527764 1.50460338e-08 0.600629151 0 0.35947594 0.801123202 -0.478516787 0 -0.481178313 0.598499238 0.640520573 0 -0.170850039 2.1966598 -0.50952208 1
Nominal 456 656 bat_tip 0.799527884 -6.00704837e-08 0.600629032 0 0.359476268 0.801122844 -0.478517324 0 -0.481177896 0.598499835 0.640520334 0 -0.0486281216 2.46904182 -0.672217965 1
Nominal 456 656 arm_L_0 0.728509009 2.23517418e-07 -0.685036242 0 -0.544694543 0.606435895 -0.579260886 0 0.415430546 0.795132279 0.441794425 0 0.288136303 0.956365049 0.281548709 1
Nominal 456 656 arm_L_1 0.546093702 1.38184987e-07 -0.837724268 0 -0.64949739 0.631578743 -0.423392475 0 0.529088914 0.775311708 0.344901502 0 0.110238925 1.06442702 0.092361778 1
Nominal 456 656 arm_L_2 0.373283088 -4.47034836e-08 -0.927717626 0 -0.716368914 0.635398388 -0.288243115 0 0.589470506 0.772184312 0.237183809 0 -0.125436485 1.29360044 -0.0612697452 1
Nominal 456 656 hand_L 0.799528003 2.5331974e-07 0.600629151 0 0.359476328 0.801122904 -0.478517056 0 -0.481177896 0.598499596 0.640520573 0 -0.418888986 1.6438849 -0.179345116 1
Nominal 456 656 foot_R 0 4.37113883e-08 1 0 0.99999994 0 0 0 0 1 -4.37113883e-08 0 0.0799999833 0.0688500032 0.49000001 1
Nominal 456 656 foot_L -0.817456007 5.10714386e-08 0.575990975 0 0.547489047 -0.310673058 0.777005792 0 0.178944901 0.95051682 0.253961533 0 0.266084492 0.184741557 -0.620885015 1
Nominal 456 672 root 1 0 0 0 0 1 0 0 0 0 1 0 0 0 0 1
Nominal 456 672 pelvis -0.284770757 -5.04083779e-08 0.958595634 0 5.04083779e-08 1 6.75605065e-08 0 -0.958595634 6.75605065e-08 -0.284770757 0 0.0539151058 0.55762732 0.133935854 1
Nominal 456 672 chest -0.556818247 0.0920595676 0.825517058 0 0.0514790267 0.995753527 -0.0763208494 0 -0.829037607 -2.72241252e-08 -0.559192896 0 0.053915102 0.957627416 0.133935899 1
Nominal 456 672 head 0.90657109 2.22296777e-08 0.422053218 0 -4.36899299e-08 1 4.54747742e-08 0 -0.422053158 -5.53290924e-08 0.906571031 0 0.0734256506 1.33501828 0.105010249 1
Nominal 456 672 arm_R_0 0.221776336 -3.7252903e-08 -0.975097716 0 -0.276959628 0.958814681 -0.0629918575 0 0.934937775 0.284032613 0.212642342 0 -0.174070209 0.957627416 -0.0198421627 1
Nominal 456 672 arm_R_1 0.338782251 1.49011612e-08 -0.940865099 0 -0.477291316 0.861775398 -0.171860933 0 0.810814083 0.507289886 0.29195416 0 -0.218268812 1.02064049 -0.0298946463 1
Nominal 456 672 arm_R_2 0.36880213 -4.47034836e-08 -0.92950815 0 -0.580003679 0.78143239 -0.230128944 0 0.726347506 0.62398994 0.288193852 0 -0.320245385 1.20476496 -0.0666139424 1
Nominal 456 672 hand_R 0.72953707 4.47034836e-07 0.683941364 0 0.451038212 0.751731098 -0.48110798 0 -0.514140189 0.659469843 0.548415601 0 -0.479999572 1.51000059 -0.129999593 1
Nominal 456 672 bat_grip 0.72953707 4.1510151e-07 0.683941424 0 0.451038331 0.751731038 -0.48110801 0 -0.514140189 0.659469903 0.548415542 0 -0.479999572 1.51000059 -0.129999608 1
Nominal 456 672 bat_barrel 0.72953701 4.47042794e-07 0.683941543 0 0.451037973 0.751731455 -0.481107533 0 -0.514140606 0.659469366 0.54841584 0 -0.0921066403 2.15648937 -0.543752551 1
Nominal 456 672 bat_tip 0.729537129 3.56140305e-07 0.683941364 0 0.451038331 0.751731038 -0.48110801 0 -0.514140129 0.659469903 0.548415601 0 0.0612464249 2.41207814 -0.707329273 1
Nominal 456 672 arm_L_0 0.764021039 7.4505806e-08 -0.645191431 0 -0.51871866 0.594661534 -0.614254713 0 0.383670598 0.803976238 0.45433408 0 0.281900495 0.957627535 0.287714034 1
Nominal 456 672 arm_L_1 0.589064538 -1.75787136e-08 -0.808086216 0 -0.630356252 0.625703931 -0.459506065 0 0.505622745 0.780060828 0.368580043 0 0.111270264 1.06323874 0.0856576115 1
Nominal 456 672 arm_L_2 0.416068614 9.68575478e-08 -0.909333408 0 -0.703418255 0.63373065 -0.321851373 0 0.576272428 0.773553967 0.26367563 0 -0.117137685 1.2899611 -0.0808433518 1
Nominal 456 672 hand_L 0.729537368 6.10947609e-07 0.683941424 0 0.451038271 0.751731336 -0.481107891 0 -0.514140308 0.659469724 0.548415899 0 -0.403323174 1.63779449 -0.211788237 1
Nominal 456 672 foot_R 0 4.37113883e-08 1 0 0.99999994 0 0 0 0 1 -4.37113883e-08 0 0.0799999833 0.0688500032 0.49000001 1
Nominal 456 672 foot_L -0.819152236 4.43329924e-08 0.573576152 0 0.546462834 -0.303820163 0.780430436 0 0.174264044 0.952729404 0.248874933 0 0.266156316 0.182262376 -0.622550249 1
Nominal 456 856 root 1 0 0 0 0 1 0 0 0 0 1 0 0 0 0 1
Nominal 456 856 pelvis -0.36856699 4.73634927e-08 0.929601192 0 -4.73634927e-08 1 -6.97289479e-08 0 -0.929601192 -6.97289479e-08 -0.36856699 0 0.0415513292 0.552301466 0.129999995 1
Nominal 456 856 chest -0.678174973 0.0558847263 0.732772589 0 0.0379589796 0.998437226 -0.0410148576 0 -0.733919501 4.77123052e-08 -0.679236412 0 0.0415513217 0.952301443 0.129999995 1
Nominal 456 856 head 0.833646417 -7.50303286e-08 0.552298784 0 1.41925895e-07 1 -8.50664321e-08 0 -0.552298784 1.52510566e-07 0.833646417 0 0.0559377708 1.33070934 0.114455268 1
Nominal 456 856 arm_R_0 0.603639841 -5.96046448e-08 -0.797257364 0 -0.360018522 0.892235041 -0.272586495 0 0.711340785 0.451571286 0.538588464 0 -0.160276517 0.952301443 -0.0567900091 1
Nominal 456 856 arm_R_1 0.512529016 -1.10827386e-07 -0.858670235 0 -0.542997837 0.774665773 -0.324108481 0 0.665182292 0.63237083 0.39703849 0 -0.209073171 0.983234882 -0.0937360525 1
Nominal 456 856 arm_R_2 0.481451124 -8.56816769e-08 -0.876473248 0 -0.627006888 0.698740661 -0.344418138 0 0.612427354 0.715375006 0.336409271 0 -0.315647602 1.1352787 -0.157348961 1
Nominal 456 856 hand_R 0.545656025 2.16066837e-07 0.838009298 0 0.739462137 0.470493525 -0.481489122 0 -0.394278169 0.882403374 0.256727576 0 -0.479999661 1.40843415 -0.24762845 1
Nominal 456 856 bat_grip 0.545655966 2.06578008e-07 0.838009357 0 0.739462256 0.470493436 -0.481489092 0 -0.394278109 0.882403433 0.256727517 0 -0.479999661 1.40843415 -0.247628465 1
Nominal 456 856 bat_barrel 0.545655847 2.82556584e-07 0.838009477 0 0.739461958 0.470494062 -0.481488824 0 -0.394278735 0.882403076 0.256727785 0 0.15593791 1.8130585 -0.66170913 1
Nominal 456 856 bat_tip 0.545656025 1.27684984e-07 0.838009357 0 0.739462256 0.470493436 -0.481489092 0 -0.394278049 0.882403433 0.256727606 0 0.40735513 1.97302651 -0.825415492 1
Nominal 456 856 arm_L_0 0.87117511 2.23517418e-08 -0.490972638 0 -0.436965764 0.455960244 -0.775345922 0 0.223864034 0.890000105 0.397221446 0 0.243379191 0.952301443 0.316789806 1
Nominal 456 856 arm_L_1 0.734173656 -2.79396772e-08 -0.678961933 0 -0.579880774 0.520158648 -0.627035379 0 0.353168011 0.85406971 0.381886899 0 0.101933308 1.00989592 0.0658100545 1
Nominal 456 856 arm_L_2 0.573392689 -2.01165676e-07 -0.819280744 0 -0.68099165 0.555963278 -0.476607919 0 0.455490172 0.831206799 0.318785369 0 -0.0972904935 1.18860161 -0.149614275 1
Nominal 456 856 hand_L 0.545656085 1.1920929e-07 0.838009417 0 0.739462376 0.470493346 -0.481488794 0 -0.39427799 0.882403493 0.256727755 0 -0.35429126 1.48841763 -0.329481959 1
Nominal 456 856 foot_R 0 4.37113883e-08 1 0 0.99999994 0 0 0 0 1 -4.37113883e-08 0 0.0799999833 0.0688500032 0.49000001 1
Nominal 456 856 foot_L -0.819152057 4.28498268e-08 0.573576331 0 0.55107677 -0.277335018 0.787019432 0 0.159072816 0.960773289 0.227179527 0 0.263338655 0.172645897 -0.626574278 1
Nominal 456 911.5 root 1 0 0 0 0 1 0 0 0 0 1 0 0 0 0 1
Nominal 456 911.5 pelvis -0.374602556 0 0.927185416 0 0 1 0 0 -0.927185416 0 -0.374602556 0 0.0400011465 0.55000186 0.129999995 1
Nominal 456 911.5 chest -0.668225288 0.0523384772 0.742115617 0 0.0350218825 0.998629391 -0.0388945155 0 -0.743134141 -1.35687177e-08 -0.669142425 0 0.0400011465 0.950001657 0.129999995 1
Nominal 456 911.5 head 0.829040885 -4.25850022e-09 0.559188187 0 -4.89554708e-08 1 6.13720132e-08 0 -0.559188128 -6.51665317e-08 0.829041004 0 0.0532744452 1.32848215 0.115258977 1
Nominal 456 911.5 arm_R_0 0.631775141 -2.23517418e-08 -0.775151551 0 -0.354748964 0.889131844 -0.289132595 0 0.689211965 0.457651019 0.561731458 0 -0.164360702 0.950001657 -0.0540141612 1
Nominal 456 911.5 arm_R_1 0.527499259 -7.4505806e-09 -0.849555433 0 -0.540885746 0.77113688 -0.33584255 0 0.655123591 0.636669099 0.406774223 0 -0.211795881 0.978892267 -0.092675373 1
Nominal 456 911.5 arm_R_2 0.491528481 1.67638063e-08 -0.870861351 0 -0.625820398 0.695400596 -0.353223324 0 0.605597556 0.718622148 0.341809303 0 -0.317008853 1.12889361 -0.15800342 1
Nominal 456 911.5 hand_R 0.539058328 1.56462193e-07 0.842268825 0 0.751722276 0.451052725 -0.481108189 0 -0.379908115 0.89249742 0.243143648 0 -0.479999572 1.40000641 -0.249998152 1
Nominal 456 911.5 bat_grip 0.539058268 1.48406016e-07 0.842268884 0 0.751722395 0.451052636 -0.481108159 0 -0.379908055 0.89249748 0.243143588 0 -0.479999572 1.40000641 -0.249998167 1
Nominal 456 911.5 bat_barrel 0.539058149 2.26794924e-07 0.842268944 0 0.751722097 0.451053262 -0.481107891 0 -0.379908681 0.892497122 0.243143842 0 0.166481704 1.78791165 -0.663751245 1
Nominal 456 911.5 bat_tip 0.539058328 6.86105253e-08 0.842268884 0 0.751722395 0.451052636 -0.481108159 0 -0.379907995 0.89249748 0.243143663 0 0.422067374 1.94126976 -0.827328086 1
Nominal 456 911.5 arm_L_0 0.871588349 -5.96046448e-08 -0.490238279 0 -0.438139677 0.448609263 -0.778963089 0 0.219925553 0.893727899 0.391002893 0 0.244363055 0.950001717 0.314014137 1
Nominal 456 911.5 arm_L_1 0.734550476 -1.11758709e-08 -0.678553998 0 -0.582095742 0.513904333 -0.630132377 0 0.348711967 0.857847393 0.377488941 0 0.103284098 1.00445211 0.0631915331 1
Nominal 456 911.5 arm_L_2 0.573606133 4.47034836e-08 -0.819131255 0 -0.683761239 0.550644517 -0.47881186 0 0.451050222 0.834739685 0.315853447 0 -0.095572792 1.1800133 -0.152075857 1
Nominal 456 911.5 hand_L 0.539058268 1.97440386e-07 0.842268825 0 0.751722336 0.451052845 -0.481108069 0 -0.379907697 0.892497063 0.243143916 0 -0.352206886 1.47668517 -0.331786782 1
Nominal 456 911.5 foot_R 0 4.37113883e-08 1 0 0.99999994 0 0 0 0 1 -4.37113883e-08 0 0.0799999833 0.0688500032 0.49000001 1
Nominal 456 911.5 foot_L -0.819152236 7.24432141e-08 0.573576093 0 0.551356435 -0.27563867 0.787419438 0 0.1580998 0.961261332 0.225790009 0 0.263164222 0.172028095 -0.626823485 1
Nominal 456 912 root 1 0 0 0 0 1 0 0 0 0 1 0 0 0 0 1
Nominal 456 912 pelvis -0.374606699 0 0.927183807 0 0 1 0 0 -0.927183807 0 -0.374606699 0 0.0399999991 0.550000012 0.129999995 1
Nominal 456 912 chest -0.668213606 0.0523359515 0.742126286 0 0.0350195616 0.99862951 -0.0388932116 0 -0.743144751 -3.46637563e-08 -0.669130683 0 0.0399999991 0.94999969 0.129999995 1
Nominal 456 912 head 0.829037786 -2.29499229e-08 0.559192896 0 -5.39884155e-08 1 1.04912729e-07 0 -0.559192836 -1.14385017e-07 0.829037726 0 0.053272415 1.32848024 0.115259476 1
Nominal 456 912 arm_R_0 0.631801903 3.7252903e-09 -0.775129914 0 -0.354742497 0.889129579 -0.289147645 0 0.689190865 0.45765546 0.56175369 0 -0.1643648 0.94999969 -0.054010924 1
Nominal 456 912 arm_R_1 0.527513683 2.79396772e-08 -0.849546611 0 -0.540882468 0.771134675 -0.3358531 0 0.65511477 0.636671901 0.406783998 0 -0.211798668 0.97888875 -0.0926737338 1
Nominal 456 912 arm_R_2 0.491538167 1.06170774e-07 -0.870855927 0 -0.625818372 0.69539845 -0.353231192 0 0.605591834 0.718624294 0.341814905 0 -0.317010343 1.12888873 -0.158003435 1
Nominal 456 912 hand_R 0.539053559 0 0.842271328 0 0.751731038 0.451038361 -0.481107771 0 -0.379896879 0.892504454 0.243133858 0 -0.479999721 1.39999998 -0.249999776 1
Nominal 456 912 bat_grip 0.5390535 -8.05511746e-09 0.842271388 0 0.751731157 0.451038271 -0.481107742 0 -0.37989682 0.892504513 0.243133798 0 -0.479999721 1.39999998 -0.249999791 1
Nominal 456 912 bat_barrel 0.53905338 7.03355312e-08 0.842271447 0 0.751730859 0.451038897 -0.481107473 0 -0.379897445 0.892504156 0.243134052 0 0.166489065 1.78789294 -0.663752496 1
Nominal 456 912 bat_tip 0.539053559 -8.78512409e-08 0.842271388 0 0.751731157 0.451038271 -0.481107742 0 -0.37989676 0.892504513 0.243133873 0 0.422077715 1.94124603 -0.827329218 1
Nominal 456 912 arm_L_0 0.871587753 -8.94069672e-08 -0.490239292 0 -0.438141912 0.448604017 -0.778964698 0 0.219923481 0.893730581 0.390998065 0 0.244364813 0.94999975 0.314010948 1
Nominal 456 912 arm_L_1 0.734549522 -5.77419996e-08 -0.678555012 0 -0.582098544 0.513899803 -0.63013339 0 0.348709404 0.857850254 0.377485067 0 0.103285752 1.00444782 0.0631889552 1
Nominal 456 912 arm_L_2 0.573604822 2.23517418e-08 -0.81913209 0 -0.683764279 0.550640523 -0.478812158 0 0.45104745 0.834742427 0.315850407 0 -0.0955712274 1.18000686 -0.152077764 1
Nominal 456 912 hand_L 0.539053738 1.86264515e-07 0.842271686 0 0.751731157 0.451038539 -0.481107742 0 -0.379896998 0.892504454 0.243134201 0 -0.352205366 1.47667634 -0.331788093 1
Nominal 456 912 foot_R 0 4.37113883e-08 1 0 0.99999994 0 0 0 0 1 -4.37113883e-08 0 0.0799999833 0.0688500032 0.49000001 1
Nominal 456 912 foot_L -0.819152296 8.68321379e-08 0.573576033 0 0.551356554 -0.275637537 0.787419736 0 0.15809913 0.96126163 0.22578907 0 0.263164103 0.172027692 -0.626823664 1
Late 496 0 root 1 0 0 0 0 1 0 0 0 0 1 0 0 0 0 1
Late 496 0 pelvis 1 0 0 0 0 1 -3.42285453e-08 0 0 3.42285453e-08 1 0 0 0.529999971 0 1
Late 496 0 chest 1 0 0 0 0 1 -3.42285453e-08 0 0 3.42285453e-08 1 0 0 0.929999888 3.55271368e-15 1
Late 496 0 head 1 0 0 0 0 1 -3.42285453e-08 0 0 3.42285453e-08 1 0 0 1.30900025 0 1
Late 496 0 arm_R_0 0.683121741 2.32830644e-08 0.73030448 0 0.730150878 0.0205101278 -0.682978034 0 -0.0149786491 0.999789655 0.0140109416 0 -2.22666898e-08 0.929999709 0.275000095 1
Late 496 0 arm_R_1 0.834065616 4.09781933e-08 0.551665246 0 0.545995653 0.14299871 -0.825493693 0 -0.0788874626 0.989722908 0.119270317 0 0.197777733 0.845555544 0.0900000483 1
Late 496 0 arm_R_2 0.945325971 2.49128789e-08 0.326126456 0 0.314944237 0.259616107 -0.912912548 0 -0.0846677199 0.965711951 0.245421886 0 0.337777704 0.882222176 -0.121666558 1
Late 496 0 hand_R 0.905458629 -1.63912773e-07 -0.424433976 0 -0.149366632 0.936030269 -0.318648994 0 0.397283047 0.351919889 0.847536623 0 0.419999778 1.04000044 -0.359999925 1
Late 496 0 bat_grip 0.905458629 -2.14163165e-07 -0.424433917 0 -0.149366602 0.936030209 -0.318649113 0 0.397283018 0.351919979 0.847536623 0 0.419999778 1.04000044 -0.359999925 1
Late 496 0 bat_barrel 0.905458689 -2.30327458e-07 -0.424433798 0 -0.14936623 0.936030388 -0.318648487 0 0.397283018 0.351919293 0.847536922 0 0.291544467 1.84498644 -0.63403821 1
Late 496 0 bat_tip 0.90545857 -2.45627263e-07 -0.424434006 0 -0.149366602 0.936030209 -0.318649113 0 0.397283107 0.351919979 0.847536564 0 0.240759864 2.16323686 -0.742378831 1
Late 496 0 arm_L_0 0.397238612 -1.49011612e-08 0.91771543 0 0.882791042 0.273245752 -0.382121533 0 -0.250761718 0.961944222 0.108543694 0 -3.89941448e-08 0.929999888 -0.275000095 1
Late 496 0 arm_L_1 0.33260116 -1.49011612e-08 0.94306767 0 0.793171883 0.540949464 -0.279736012 0 -0.510151744 0.841055155 0.179920375 0 0.18931368 0.898597419 -0.356945693 1
Late 496 0 arm_L_2 0.145333588 -1.78813934e-07 0.989382744 0 0.519540131 0.851031065 -0.0763168335 0 -0.841995239 0.525115371 0.123683363 0 0.320849836 0.988306105 -0.40333575 1
Late 496 0 hand_L 0.905458689 1.1920929e-07 -0.424434006 0 -0.149366453 0.936030388 -0.318648636 0 0.397283077 0.351919293 0.847537041 0 0.39460808 1.19912577 -0.414170384 1
Late 496 0 foot_R 0 4.37113883e-08 1 0 0.99999994 0 0 0 0 1 -4.37113883e-08 0 0.0799999833 0.0688500032 0.340000004 1
Late 496 0 foot_L 0 4.37113883e-08 1 0 0.99999994 0 0 0 0 1 -4.37113883e-08 0 0.0799999833 0.0688500032 -0.340000004 1
Late 496 360 root 1 0 0 0 0 1 0 0 0 0 1 0 0 0 0 1
Late 496 360 pelvis 0.989769578 -6.48121556e-07 -0.142675012 0 -6.48121556e-07 1 -9.038813e-06 0 0.142675012 9.038813e-06 0.989769578 0 -0.00878860336 0.553436279 -0.0205067396 1
Late 496 360 chest 0.980175316 -1.92550533e-06 -0.198132202 0 -1.92392827e-06 1 -1.92361076e-05 0 0.198132202 1.92359494e-05 0.980175316 0 -0.00878886227 0.953439772 -0.0205067396 1
Late 496 360 head 1 2.64556093e-08 -4.47034836e-08 0 -2.64556093e-08 1 -3.06956281e-07 0 4.47034836e-08 3.06954462e-07 1 0 -0.00878958777 1.33244717 -0.0205066949 1
Late 496 360 arm_R_0 0.725426793 8.38190317e-08 0.688299358 0 0.688134551 0.0218792073 -0.725253046 0 -0.0150594898 0.999760568 0.0158717409 0 0.0456964783 0.953439772 0.249036297 1
Late 496 360 arm_R_1 0.874457121 -3.94880772e-07 0.485102981 0 0.479588151 0.150356874 -0.864515841 0 -0.0729382187 0.988631725 0.131480858 0 0.220430136 0.868995547 0.0648804531 1
Late 496 360 arm_R_2 0.970330417 -5.21657057e-07 0.24178271 0 0.233013317 0.266878337 -0.935136616 0 -0.0645260513 0.963730156 0.258960336 0 0.337385923 0.905662179 -0.145941928 1
Late 496 360 hand_R 0.905458748 -1.41561031e-07 -0.424433768 0 -0.149366662 0.93603003 -0.318649143 0 0.397283018 0.351919919 0.847536802 0 0.396563947 1.0634402 -0.383431077 1
Late 496 360 bat_grip 0.905458748 -1.91811409e-07 -0.424433708 0 -0.149366632 0.936029971 -0.318649262 0 0.397282988 0.351920009 0.847536802 0 0.396563947 1.0634402 -0.383431077 1
Late 496 360 bat_barrel 0.905458808 -2.07975688e-07 -0.424433589 0 -0.14936626 0.936030149 -0.318648636 0 0.397282988 0.351919323 0.8475371 0 0.268108606 1.86842597 -0.657469451 1
Late 496 360 bat_tip 0.905458689 -2.23275507e-07 -0.424433798 0 -0.149366632 0.936029971 -0.318649262 0 0.397283077 0.351920009 0.847536743 0 0.217323989 2.1866765 -0.765810132 1
Late 496 360 arm_L_0 0.385893613 -2.98023224e-07 0.922543347 0 0.891356111 0.257814646 -0.372848272 0 -0.237844989 0.966194451 0.0994891971 0 -0.0632741973 0.953439832 -0.290049791 1
Late 496 360 arm_L_1 0.321612209 -2.98023224e-08 0.946871698 0 0.816737056 0.505948365 -0.277411073 0 -0.479067922 0.862563908 0.162719101 0 0.139318392 0.922037423 -0.374792635 1
Late 496 360 arm_L_2 0.154729396 3.39746475e-06 0.98795712 0 0.582074583 0.80800873 -0.0911646932 0 -0.798277974 0.589170575 0.125020534 0 0.284133404 1.01174545 -0.423979998 1
Late 496 360 hand_L 0.905458689 -9.53674316e-07 -0.424434155 0 -0.149365813 0.936030269 -0.318649292 0 0.397283614 0.351919532 0.847536922 0 0.371171176 1.22256565 -0.437611789 1
Late 496 360 foot_R 0 4.37113883e-08 1 0 0.99999994 0 0 0 0 1 -4.37113883e-08 0 0.0799999833 0.0688500032 0.340000004 1
Late 496 360 foot_L 0 4.37113883e-08 1 0 0.99999994 0 0 0 0 1 -4.37113883e-08 0 0.0799999833 0.0688500032 -0.340000004 1
Late 496 384 root 1 0 0 0 0 1 0 0 0 0 1 0 0 0 0 1
Late 496 384 pelvis 0.973194242 -1.75854069e-07 -0.229984611 0 -1.75854055e-07 1 -1.50877145e-06 0 0.229984611 1.50877145e-06 0.973194242 0 -0.0142458957 0.567989051 -0.0332404226 1
Late 496 384 chest 0.941981018 -1.04573292e-06 -0.33566606 0 -1.04450419e-06 1 -6.04659272e-06 0 0.33566606 6.0463808e-06 0.941981018 0 -0.0142459711 0.967989564 -0.0332404189 1
Late 496 384 head 0.99999994 4.14713668e-08 -1.49011612e-07 0 -4.14713668e-08 1 -2.77854724e-07 0 1.49011612e-07 2.77855179e-07 0.99999994 0 -0.0142463641 1.34699202 -0.0332403854 1
Late 496 384 arm_R_0 0.751572967 1.31316483e-07 0.659649849 0 0.659474969 0.023028804 -0.751373708 0 -0.0151910279 0.9997347 0.0173077788 0 0.0780616105 0.967989564 0.22580272 1
Late 496 384 arm_R_1 0.898961782 -6.33299351e-08 0.438027024 0 0.432624906 0.156568721 -0.887874842 0 -0.0685812831 0.987666905 0.14074938 0 0.23715587 0.88354528 0.0445393138 1
Late 496 384 arm_R_2 0.98321104 -1.47148967e-07 0.182471544 0 0.175527349 0.273249835 -0.945793152 0 -0.0498602018 0.961942971 0.268662333 0 0.338472337 0.920211971 -0.163390711 1
Late 496 384 hand_R 0.905458868 -5.96046448e-08 -0.424433976 0 -0.149366647 0.93603009 -0.318649024 0 0.397282898 0.3519198 0.847536922 0 0.382011026 1.07799006 -0.397987545 1
Late 496 384 bat_grip 0.905458868 -1.09855023e-07 -0.424433917 0 -0.149366617 0.93603003 -0.318649143 0 0.397282869 0.351919889 0.847536922 0 0.382011026 1.07799006 -0.397987545 1
Late 496 384 bat_barrel 0.905458927 -1.2601933e-07 -0.424433798 0 -0.149366245 0.936030209 -0.318648517 0 0.397282869 0.351919204 0.84753722 0 0.253555715 1.88297582 -0.6720258 1
Late 496 384 bat_tip 0.905458808 -1.41319106e-07 -0.424434006 0 -0.149366617 0.93603003 -0.318649143 0 0.397282958 0.351919889 0.847536862 0 0.202771097 2.20122623 -0.780366421 1
Late 496 384 arm_L_0 0.386261255 0 0.922389448 0 0.893841445 0.246864393 -0.374306619 0 -0.227705061 0.96905005 0.0953540653 0 -0.106553644 0.967989624 -0.292283624 1
Late 496 384 arm_L_1 0.326287746 2.23517418e-07 0.945270598 0 0.828523517 0.481413394 -0.285989344 0 -0.455065876 0.876493812 0.157079056 0 0.105614692 0.936587095 -0.381131589 1
Late 496 384 arm_L_2 0.180567116 1.40070915e-06 0.983562768 0 0.620460272 0.775921345 -0.113908254 0 -0.763167381 0.630829811 0.140104949 0 0.260005563 1.02629542 -0.434424043 1
Late 496 384 hand_L 0.905458689 -2.68220901e-07 -0.424434274 0 -0.149366528 0.936030328 -0.318649054 0 0.397283316 0.351919621 0.847536862 0 0.356618434 1.23711503 -0.452160895 1
Late 496 384 foot_R 3.94952204e-09 4.35325944e-08 1 0 0.995909631 -0.0903545469 0 0 0.0903545395 0.995909691 -4.37113883e-08 0 0.0877915621 0.120764531 0.343493611 1
Late 496 384 foot_L 0 4.37113883e-08 1 0 0.99999994 0 0 0 0 1 -4.37113883e-08 0 0.0799999833 0.0688500032 -0.340000004 1
Late 496 408 root 1 0 0 0 0 1 0 0 0 0 1 0 0 0 0 1
Late 496 408 pelvis 0.970295727 -2.18307701e-08 -0.241921932 0 -2.18307701e-08 1 -1.77797332e-07 0 0.241921932 1.77797332e-07 0.970295727 0 -0.0149999997 0.569999993 -0.0350000001 1
Late 496 408 chest 0.929775655 -9.36137923e-09 -0.36812669 0 -9.27720478e-09 1 -4.88611676e-08 0 0.36812669 4.88450951e-08 0.929775655 0 -0.0150000043 0.969999731 -0.0350000001 1
Late 496 408 head 1 -2.40795828e-10 -8.94069672e-08 0 2.4078961e-10 1 -3.31949437e-08 0 8.94069672e-08 3.3194933e-08 1 0 -0.0150000025 1.34899962 -0.0350000001 1
Late 496 408 arm_R_0 0.756725907 2.04890966e-08 0.653732181 0 0.653554499 0.0233199708 -0.756520092 0 -0.0152450148 0.999728024 0.017646851 0 0.0862348527 0.969999731 0.220688313 1
Late 496 408 arm_R_1 0.903875887 -2.04890966e-08 0.427794755 0 0.422409564 0.158170611 -0.892497599 0 -0.0676645339 0.987411737 0.142966643 0 0.24193421 0.885555625 0.0404588729 1
Late 496 408 arm_R_2 0.985548556 -1.39698386e-09 0.169392645 0 0.162862927 0.274972558 -0.947557807 0 -0.0465783253 0.961452007 0.270998865 0 0.339855701 0.922222316 -0.166437134 1
Late 496 408 hand_R 0.905458808 1.11758709e-08 -0.424434006 0 -0.149366677 0.936030209 -0.318648875 0 0.397283047 0.351919681 0.847536862 0 0.379999489 1.08000052 -0.399999887 1
Late 496 408 bat_grip 0.905458808 -3.90745214e-08 -0.424433947 0 -0.149366647 0.936030149 -0.318648994 0 0.397283018 0.35191977 0.847536862 0 0.379999489 1.08000052 -0.399999887 1
Late 496 408 bat_barrel 0.905458868 -5.52388393e-08 -0.424433827 0 -0.149366274 0.936030328 -0.318648368 0 0.397283018 0.351919085 0.84753716 0 0.251544118 1.8849864 -0.674038053 1
Late 496 408 bat_tip 0.905458748 -7.05386043e-08 -0.424434036 0 -0.149366647 0.936030149 -0.318648994 0 0.397283107 0.35191977 0.847536802 0 0.200759515 2.20323682 -0.782378614 1
Late 496 408 arm_L_0 0.386738986 5.96046448e-08 0.922189355 0 0.894304454 0.244050801 -0.375045121 0 -0.225061014 0.969762444 0.0943837911 0 -0.116234794 0.969999731 -0.290688306 1
Late 496 408 arm_L_1 0.32800281 5.96046448e-08 0.944676995 0 0.831240058 0.475121766 -0.288616449 0 -0.448836446 0.879920125 0.155841082 0 0.0984905213 0.938597262 -0.380737871 1
Late 496 408 arm_L_2 0.187580526 5.96046448e-08 0.982249498 0 0.629846871 0.767349303 -0.120282315 0 -0.75372833 0.641229331 0.143939584 0 0.255438149 1.02830577 -0.435231894 1
Late 496 408 hand_L 0.905458987 8.94069672e-08 -0.424433827 0 -0.149366751 0.936030149 -0.318648964 0 0.397282779 0.351919591 0.84753716 0 0.354607761 1.23912549 -0.454170316 1
Late 496 408 foot_R 5.82364068e-09 4.33217124e-08 1 0 0.991085172 -0.133229375 0 0 0.13322936 0.991085231 -4.37113883e-08 0 0.0925961137 0.15439631 0.385078877 1
Late 496 408 foot_L 0 4.37113883e-08 1 0 0.99999994 0 0 0 0 1 -4.37113883e-08 0 0.0799999833 0.0688500032 -0.340000004 1
Late 496 432 root 1 0 0 0 0 1 0 0 0 0 1 0 0 0 0 1
Late 496 432 pelvis 0.973198831 -2.0663542e-07 -0.229965389 0 -2.0663542e-07 1 -1.77301808e-06 0 0.229965389 1.77301808e-06 0.973198831 0 -0.0119005423 0.565289676 -0.0182759166 1
Late 496 432 chest 0.927946627 -1.94573886e-08 -0.372713178 0 -1.82066913e-08 1 -9.75339844e-08 0 0.372713178 9.72921725e-08 0.927946627 0 -0.0119006252 0.965290129 -0.0182759184 1
Late 496 432 head 1 2.68431677e-09 -1.1920929e-07 0 -2.68435763e-09 1 -5.14696126e-08 0 1.1920929e-07 5.14695948e-08 1 0 -0.0119006382 1.34429026 -0.0182759203 1
Late 496 432 arm_R_0 0.76700902 1.83470547e-07 0.641636252 0 0.641461194 0.023365397 -0.766799629 0 -0.0149922073 0.999726951 0.0179213881 0 0.0905954465 0.96529007 0.236909389 1
Late 496 432 arm_R_1 0.909214199 6.20260835e-07 0.416328669 0 0.411230326 0.156017736 -0.898080111 0 -0.0649552196 0.987754226 0.141853333 0 0.245220691 0.880922556 0.0520684347 1
Late 496 432 arm_R_2 0.986810744 4.92203981e-07 0.161878169 0 0.155836537 0.270647705 -0.949981391 0 -0.0438124388 0.962678432 0.267078012 0 0.342068195 0.917665899 -0.159439057 1
Late 496 432 hand_R 0.905458868 1.11758709e-08 -0.424433976 0 -0.149366707 0.936030209 -0.318648905 0 0.397283047 0.35191974 0.847536743 0 0.381137818 1.07552052 -0.397613227 1
Late 496 432 bat_grip 0.905458868 -3.90745178e-08 -0.424433917 0 -0.149366677 0.936030149 -0.318649024 0 0.397283018 0.35191983 0.847536743 0 0.381137818 1.07552052 -0.397613227 1
Late 496 432 bat_barrel 0.905458927 -5.52388322e-08 -0.424433798 0 -0.149366304 0.936030328 -0.318648398 0 0.397283018 0.351919144 0.847537041 0 0.252682447 1.88050652 -0.671651363 1
Late 496 432 bat_tip 0.905458808 -7.05386043e-08 -0.424434006 0 -0.149366677 0.936030149 -0.318649024 0 0.397283107 0.35191983 0.847536683 0 0.201897815 2.19875669 -0.779991984 1
Late 496 432 arm_L_0 0.404951602 6.85453415e-07 0.914338171 0 0.887014568 0.242639273 -0.392850608 0 -0.221854568 0.970116556 0.098256439 0 -0.114396676 0.96529007 -0.273461163 1
Late 496 432 arm_L_1 0.354643375 2.4586916e-06 0.935001731 0 0.824198902 0.472193509 -0.31261763 0 -0.441502422 0.88149488 0.167458177 0 0.100095674 0.933964252 -0.368457735 1
Late 496 432 arm_L_2 0.234693021 8.28504562e-06 0.972069621 0 0.62606281 0.764980853 -0.151161045 0 -0.743615866 0.644052923 0.179530323 0 0.256810963 1.02374947 -0.427898765 1
Late 496 432 hand_L 0.905459762 -1.90734863e-06 -0.424432188 0 -0.149365216 0.936029434 -0.318651915 0 0.397281706 0.351921618 0.847536683 0 0.355750769 1.23464763 -0.451783627 1
Late 496 432 foot_R 3.04915559e-09 4.36049099e-08 1 0 0.997563958 -0.0697565526 0 0 0.0697565451 0.997564018 -4.37113847e-08 0 0.0857381225 0.116693288 0.444921106 1
Late 496 432 foot_L 0 4.37113883e-08 1 0 0.99999994 0 0 0 0 1 -4.37113883e-08 0 0.0799999833 0.0688500032 -0.340000004 1
Late 496 456 root 1 0 0 0 0 1 0 0 0 0 1 0 0 0 0 1
Late 496 456 pelvis 0.983619332 -6.44959755e-07 -0.180258051 0 -6.44959755e-07 1 -7.0973515e-06 0 0.180258051 7.0973515e-06 0.983619332 0 -0.00122003234 0.551343977 0.0304124132 1
Late 496 456 chest 0.935720325 -3.13820408e-07 -0.352742612 0 -3.13713031e-07 1 -1.72184582e-06 0 0.352742612 1.72182581e-06 0.935720325 0 -0.00122029008 0.951346755 0.030412415 1
Late 496 456 head 0.99999994 1.46251864e-08 -1.49011612e-07 0 -1.46250159e-08 1 5.37936558e-08 0 1.49011612e-07 -5.37942242e-08 0.99999994 0 -0.00122040207 1.33034754 0.0304124262 1
Late 496 456 arm_R_0 0.788561583 1.14459544e-06 0.614955664 0 0.614865959 0.0170821082 -0.788446486 0 -0.0105056213 0.999854028 0.013469629 0 0.0957837552 0.951346636 0.287735015 1
Late 496 456 arm_R_1 0.918497026 9.46223736e-07 0.395427763 0 0.391358137 0.143096328 -0.909044564 0 -0.0565851107 0.989708722 0.131433219 0 0.250396162 0.865641475 0.089472197 1
Late 496 456 arm_R_2 0.988164067 2.39349902e-07 0.153399855 0 0.148418233 0.252771944 -0.956074357 0 -0.0387753993 0.96752584 0.249780178 0 0.347230852 0.901047111 -0.135457084 1
Late 496 456 hand_R 0.905458689 4.47034836e-08 -0.424433947 0 -0.149366736 0.93603009 -0.318648905 0 0.397282958 0.35191977 0.847536743 0 0.386287689 1.05756402 -0.387053102 1
Late 496 456 bat_grip 0.905458689 -5.54689805e-09 -0.424433887 0 -0.149366707 0.93603003 -0.318649024 0 0.397282928 0.35191986 0.847536743 0 0.386287689 1.05756402 -0.387053102 1
Late 496 456 bat_barrel 0.905458748 -2.17112017e-08 -0.424433768 0 -0.149366334 0.936030209 -0.318648398 0 0.397282928 0.351919174 0.847537041 0 0.257832289 1.86254978 -0.661091268 1
Late 496 456 bat_tip 0.905458629 -3.70109845e-08 -0.424433976 0 -0.149366707 0.93603003 -0.318649024 0 0.397283018 0.35191986 0.847536683 0 0.207047641 2.1808002 -0.769431829 1
Late 496 456 arm_L_0 0.452570379 2.17556953e-06 0.891728759 0 0.866606951 0.235690057 -0.439821213 0 -0.210172489 0.971828282 0.10666436 0 -0.0982243344 0.951346755 -0.226910204 1
Late 496 456 arm_L_1 0.422984958 4.29153442e-06 0.90613687 0 0.802725971 0.463917732 -0.37471506 0 -0.420374423 0.885878325 0.196226701 0 0.1125938 0.91868341 -0.333903909 1
Late 496 456 arm_L_2 0.352511525 9.20891762e-06 0.935807586 0 0.606683254 0.761383295 -0.22854054 0 -0.712510228 0.648301899 0.268390715 0 0.265634447 1.0071311 -0.405342162 1
Late 496 456 hand_L 0.905459225 -1.07288361e-06 -0.424432963 0 -0.149365872 0.936029673 -0.318650693 0 0.397282302 0.351920843 0.847536683 0 0.360898972 1.21669149 -0.441224515 1
Late 496 456 foot_R 2.62247751e-10 4.37106031e-08 1 0 0.99998194 -0.00599952973 0 0 0.00599952927 0.999981999 -4.37113883e-08 0 0.0804199576 0.0730913579 0.486506373 1
Late 496 456 foot_L 0 4.37113883e-08 1 0 0.99999994 0 0 0 0 1 -4.37113883e-08 0 0.0799999833 0.0688500032 -0.340000004 1
Late 496 464 root 1 0 0 0 0 1 0 0 0 0 1 0 0 0 0 1
Late 496 464 pelvis 0.984807789 2.18227014e-09 -0.173648134 0 2.18227014e-09 1 2.49434677e-08 0 0.173648134 -2.49434677e-08 0.984807789 0 0 0.550000012 0.0350000001 1
Late 496 464 chest 0.93685174 -2.08320294e-08 -0.349726737 0 -2.0830413e-08 1 -1.15367335e-07 0 0.349726737 1.15367037e-07 0.93685174 0 2.33064901e-09 0.94999969 0.0350000039 1
Late 496 464 head 0.99999994 2.8368774e-10 -1.78813934e-07 0 -2.83689516e-10 1 -3.58042982e-08 0 1.78813934e-07 3.58042911e-08 0.99999994 0 9.14486709e-10 1.329 0.0350000001 1
Late 496 464 arm_R_0 0.79006803 2.42143869e-08 0.61301899 0 0.612943351 0.0157166161 -0.789970398 0 -0.00963458512 0.99987644 0.0124172196 0 0.0961748585 0.94999969 0.292634279 1
Late 496 464 arm_R_1 0.919063389 -3.7252903e-09 0.394109696 0 0.390162557 0.141175613 -0.909858406 0 -0.0556386784 0.989984512 0.129749358 0 0.250897557 0.863967121 0.093225196 1
Late 496 464 arm_R_2 0.988204241 -5.58793545e-09 0.153141111 0 0.148256868 0.250541627 -0.956686318 0 -0.0383682325 0.968105793 0.24758634 0 0.347842455 0.899045587 -0.132850468 1
Late 496 464 hand_R 0.905458748 -9.31322575e-08 -0.424434185 0 -0.149366602 0.936030269 -0.318648845 0 0.397283137 0.351919651 0.847536743 0 0.387009531 1.05523515 -0.385592848 1
Late 496 464 bat_grip 0.905458748 -1.4338265e-07 -0.424434125 0 -0.149366572 0.936030209 -0.318648964 0 0.397283107 0.35191974 0.847536743 0 0.387009531 1.05523515 -0.385592848 1
Late 496 464 bat_barrel 0.905458808 -1.59546985e-07 -0.424434006 0 -0.1493662 0.936030388 -0.318648338 0 0.397283107 0.351919055 0.847537041 0 0.25855425 1.86022115 -0.659630954 1
Late 496 464 bat_tip 0.905458689 -1.74846718e-07 -0.424434215 0 -0.149366572 0.936030209 -0.318648964 0 0.397283196 0.35191974 0.847536683 0 0.207769647 2.17847157 -0.767971516 1
Late 496 464 arm_L_0 0.456474334 -5.96046448e-08 0.889736593 0 0.864950716 0.234390527 -0.443758219 0 -0.208545774 0.972142518 0.106993213 0 -0.0961749181 0.94999969 -0.222634181 1
Late 496 464 arm_L_1 0.428537488 -7.4505806e-08 0.903524101 0 0.801045418 0.462577134 -0.379932404 0 -0.417949438 0.886579096 0.198231623 0 0.114200413 0.917008758 -0.330566138 1
Late 496 464 arm_L_2 0.361988783 -1.1920929e-07 0.93218255 0 0.605008364 0.760768175 -0.234939188 0 -0.709174752 0.649023533 0.275389552 0 0.266798079 1.00512886 -0.402942538 1
Late 496 464 hand_L 0.905458808 -5.96046448e-08 -0.424433887 0 -0.149366528 0.936030149 -0.318648785 0 0.397282958 0.351919413 0.847537041 0 0.361617923 1.21436048 -0.439763278 1
Late 496 464 foot_R 0 4.37113883e-08 1 0 0.99999994 0 0 0 0 1 -4.37113883e-08 0 0.0799999833 0.0688500032 0.49000001 1
Late 496 464 foot_L 0 4.37113883e-08 1 0 0.99999994 0 0 0 0 1 -4.37113883e-08 0 0.0799999833 0.0688500032 -0.340000004 1
Late 496 496 root 1 0 0 0 0 1 0 0 0 0 1 0 0 0 0 1
Late 496 496 pelvis 0.984807789 2.18227014e-09 -0.173648134 0 2.18227014e-09 1 2.49434677e-08 0 0.173648134 -2.49434677e-08 0.984807789 0 0 0.550000012 0.0350000001 1
Late 496 496 chest 0.93685174 -2.08320294e-08 -0.349726737 0 -2.0830413e-08 1 -1.15367335e-07 0 0.349726737 1.15367037e-07 0.93685174 0 2.33064901e-09 0.94999969 0.0350000039 1
Late 496 496 head 0.99999994 2.8368774e-10 -1.78813934e-07 0 -2.83689516e-10 1 -3.58042982e-08 0 1.78813934e-07 3.58042911e-08 0.99999994 0 9.14486709e-10 1.329 0.0350000001 1
Late 496 496 arm_R_0 0.79006803 2.42143869e-08 0.61301899 0 0.612943351 0.0157166161 -0.789970398 0 -0.00963458512 0.99987644 0.0124172196 0 0.0961748585 0.94999969 0.292634279 1
Late 496 496 arm_R_1 0.919063389 -3.7252903e-09 0.394109696 0 0.390162557 0.141175613 -0.909858406 0 -0.0556386784 0.989984512 0.129749358 0 0.250897557 0.863967121 0.093225196 1
Late 496 496 arm_R_2 0.988204241 -5.58793545e-09 0.153141111 0 0.148256868 0.250541627 -0.956686318 0 -0.0383682325 0.968105793 0.24758634 0 0.347842455 0.899045587 -0.132850468 1
Late 496 496 hand_R 0.905458748 -9.31322575e-08 -0.424434185 0 -0.149366602 0.936030269 -0.318648845 0 0.397283137 0.351919651 0.847536743 0 0.387009531 1.05523515 -0.385592848 1
Late 496 496 bat_grip 0.905458748 -1.4338265e-07 -0.424434125 0 -0.149366572 0.936030209 -0.318648964 0 0.397283107 0.35191974 0.847536743 0 0.387009531 1.05523515 -0.385592848 1
Late 496 496 bat_barrel 0.905458808 -1.59546985e-07 -0.424434006 0 -0.1493662 0.936030388 -0.318648338 0 0.397283107 0.351919055 0.847537041 0 0.25855425 1.86022115 -0.659630954 1
Late 496 496 bat_tip 0.905458689 -1.74846718e-07 -0.424434215 0 -0.149366572 0.936030209 -0.318648964 0 0.397283196 0.35191974 0.847536683 0 0.207769647 2.17847157 -0.767971516 1
Late 496 496 arm_L_0 0.456474334 -5.96046448e-08 0.889736593 0 0.864950716 0.234390527 -0.443758219 0 -0.208545774 0.972142518 0.106993213 0 -0.0961749181 0.94999969 -0.222634181 1
Late 496 496 arm_L_1 0.428537488 -7.4505806e-08 0.903524101 0 0.801045418 0.462577134 -0.379932404 0 -0.417949438 0.886579096 0.198231623 0 0.114200413 0.917008758 -0.330566138 1
Late 496 496 arm_L_2 0.361988783 -1.1920929e-07 0.93218255 0 0.605008364 0.760768175 -0.234939188 0 -0.709174752 0.649023533 0.275389552 0 0.266798079 1.00512886 -0.402942538 1
Late 496 496 hand_L 0.905458808 -5.96046448e-08 -0.424433887 0 -0.149366528 0.936030149 -0.318648785 0 0.397282958 0.351919413 0.847537041 0 0.361617923 1.21436048 -0.439763278 1
Late 496 496 foot_R 0 4.37113883e-08 1 0 0.99999994 0 0 0 0 1 -4.37113883e-08 0 0.0799999833 0.0688500032 0.49000001 1
Late 496 496 foot_L 0 4.37113883e-08 1 0 0.99999994 0 0 0 0 1 -4.37113883e-08 0 0.0799999833 0.0688500032 -0.340000004 1
Late 496 496.5 root 1 0 0 0 0 1 0 0 0 0 1 0 0 0 0 1
Late 496 496.5 pelvis 0.985053897 -1.14088152e-06 -0.172246352 0 -4.39169909e-08 1 -6.87470083e-06 0 0.172246352 6.77951539e-06 0.985053897 0 0.000164759316 0.549835026 0.0355269015 1
Late 496 496.5 chest 0.936986685 -1.92386324e-07 -0.349365056 0 -2.45973979e-08 1 -6.16643774e-07 0 0.349365056 5.86380338e-07 0.936986685 0 0.000164758443 0.949834824 0.0355269015 1
Late 496 496.5 head 1 -7.6464346e-10 1.50501728e-05 0 7.67698793e-10 1 -2.0366096e-07 0 -1.50501728e-05 2.03660846e-07 1 0 0.000164757832 1.32883525 0.0355268978 1
Late 496 496.5 arm_R_0 0.790247738 3.41795385e-07 0.612787247 0 0.612712979 0.0155744795 -0.790152013 0 -0.00954409316 0.999878645 0.0123075265 0 0.0962402448 0.949834824 0.293198019 1
Late 496 496.5 arm_R_1 0.919134855 2.79396772e-07 0.393942744 0 0.390008599 0.140972227 -0.909956098 0 -0.0555352308 0.99001348 0.129572451 0 0.250969976 0.863767803 0.0936587304 1
Late 496 496.5 arm_R_2 0.988211989 8.19563866e-08 0.15309082 0 0.148217648 0.250301749 -0.95675528 0 -0.0383189842 0.968167782 0.247351289 0 0.347921878 0.898811758 -0.132547125 1
Late 496 496.5 hand_R 0.905458748 -1.00582838e-07 -0.424434006 0 -0.149366572 0.936030209 -0.318648905 0 0.397282958 0.351919681 0.847536922 0 0.387095928 1.05496669 -0.385419726 1
Late 496 496.5 bat_grip 0.905458748 -1.5083323e-07 -0.424433947 0 -0.149366543 0.936030149 -0.318649024 0 0.397282928 0.35191977 0.847536922 0 0.387095928 1.05496669 -0.385419726 1
Late 496 496.5 bat_barrel 0.905458808 -1.66997552e-07 -0.424433827 0 -0.14936617 0.936030328 -0.318648398 0 0.397282928 0.351919085 0.84753722 0 0.258640677 1.85995269 -0.659457922 1
Late 496 496.5 bat_tip 0.905458689 -1.82297313e-07 -0.424434036 0 -0.149366543 0.936030149 -0.318649024 0 0.397283018 0.35191977 0.847536862 0 0.207856089 2.17820311 -0.767798483 1
Late 496 496.5 arm_L_0 0.456931651 5.36441803e-07 0.889501989 0 0.864750504 0.234260306 -0.444217175 0 -0.20837523 0.972173929 0.107040375 0 -0.095910795 0.949834824 -0.222144097 1
Late 496 496.5 arm_L_1 0.429187179 9.983778e-07 0.903215826 0 0.800831437 0.462450683 -0.380537093 0 -0.417693108 0.886645079 0.198477015 0 0.11440523 0.916809499 -0.330181599 1
Late 496 496.5 arm_L_2 0.363097847 2.59280205e-06 0.931751192 0 0.604776621 0.760723472 -0.235679969 0 -0.708805501 0.649076223 0.276215404 0 0.266943514 1.00489545 -0.402663797 1
Late 496 496.5 hand_L 0.905458927 -1.1920929e-07 -0.424433887 0 -0.149366617 0.936030209 -0.318649143 0 0.397282958 0.35191983 0.847536981 0 0.361704081 1.2140919 -0.439590305 1
Late 496 496.5 foot_R 0 4.37113883e-08 1 0 0.99999994 0 0 0 0 1 -4.37113883e-08 0 0.0799999833 0.0688500032 0.49000001 1
Late 496 496.5 foot_L 1.01407984e-07 4.37113883e-08 1 0 0.99999994 -2.21634239e-15 -1.01407991e-07 0 -2.21634133e-15 1 -4.37113883e-08 0 0.0799999833 0.0688500032 -0.339999914 1
Late 496 497.0 root 1 0 0 0 0 1 0 0 0 0 1 0 0 0 0 1
Late 496 497.0 pelvis 0.985298038 -2.27425994e-06 -0.170844212 0 -8.01963722e-08 1 -1.37744037e-05 0 0.170844212 1.35855944e-05 0.985298038 0 0.000329518632 0.549670041 0.0360538028 1
Late 496 497.0 chest 0.937121451 -3.61927505e-07 -0.349003315 0 -3.01211003e-08 1 -1.11790996e-06 0 0.349003315 1.05812978e-06 0.937121451 0 0.000329510629 0.949669898 0.0360538028 1
Late 496 497.0 head 0.99999994 8.23376922e-11 3.02791595e-05 0 -7.14521775e-11 1 -3.7150545e-07 0 -3.02791595e-05 3.7150545e-07 0.99999994 0 0.000329510047 1.32867062 0.0360537991 1
Late 496 497.0 arm_R_0 0.790427566 5.66244125e-07 0.612555325 0 0.612482429 0.0154323429 -0.790333509 0 -0.00945359096 0.999880791 0.012197841 0 0.0963055864 0.949669898 0.293761671 1
Late 496 497.0 arm_R_1 0.91920656 5.06639481e-07 0.393775582 0 0.389854491 0.140768871 -0.910053492 0 -0.0554318056 0.990042269 0.1293955 0 0.251042217 0.863568425 0.094092153 1
Late 496 497.0 arm_R_2 0.988219857 1.82306394e-07 0.153040349 0 0.14817822 0.250061929 -0.956824005 0 -0.0382697396 0.968229711 0.247116178 0 0.348001033 0.898577869 -0.132243872 1
Late 496 497.0 hand_R 0.905458927 -5.96046448e-08 -0.424434006 0 -0.149366558 0.936030149 -0.318648905 0 0.397283077 0.351919651 0.847536743 0 0.387181967 1.05469811 -0.385246694 1
Late 496 497.0 bat_grip 0.905458927 -1.0985503e-07 -0.424433947 0 -0.149366528 0.93603009 -0.318649024 0 0.397283047 0.35191974 0.847536743 0 0.387181967 1.05469811 -0.385246694 1
Late 496 497.0 bat_barrel 0.905458987 -1.26019359e-07 -0.424433827 0 -0.149366155 0.936030269 -0.318648398 0 0.397283047 0.351919055 0.847537041 0 0.258726716 1.85968399 -0.65928483 1
Late 496 497.0 bat_tip 0.905458868 -1.41319106e-07 -0.424434036 0 -0.149366528 0.93603009 -0.318649024 0 0.397283137 0.35191974 0.847536683 0 0.207942143 2.17793441 -0.767625451 1
Late 496 497.0 arm_L_0 0.457388759 9.68575478e-07 0.889266908 0 0.864549875 0.234130114 -0.444676012 0 -0.208204597 0.972205222 0.107087523 0 -0.0956466645 0.949669898 -0.221653923 1
Late 496 497.0 arm_L_1 0.429836571 1.89244747e-06 0.902906775 0 0.800616801 0.462324351 -0.381141603 0 -0.417436481 0.886710882 0.198722333 0 0.114609957 0.916610122 -0.32979697 1
Late 496 497.0 arm_L_2 0.364206433 4.94718552e-06 0.931318223 0 0.604543984 0.76067853 -0.236420348 0 -0.708435059 0.649128735 0.277040899 0 0.267088741 1.00466204 -0.402384907 1
Late 496 497.0 hand_L 0.905458868 -1.78813934e-07 -0.424433827 0 -0.149366587 0.93603009 -0.318649113 0 0.397283047 0.35191974 0.847536802 0 0.361789912 1.21382344 -0.439417005 1
Late 496 497.0 foot_R 0 4.37113883e-08 1 0 0.99999994 0 0 0 0 1 -4.37113883e-08 0 0.0799999833 0.0688500032 0.49000001 1
Late 496 497.0 foot_L 2.02815968e-07 4.37113883e-08 1 0 0.99999994 -4.43268477e-15 -2.02815983e-07 0 -4.43268266e-15 1 -4.37113883e-08 0 0.0799999833 0.0688500032 -0.339999855 1
Late 496 497.5 root 1 0 0 0 0 1 0 0 0 0 1 0 0 0 0 1
Late 496 497.5 pelvis 0.985980749 -3.47862078e-06 -0.166858941 0 -1.18704676e-07 1 -2.15491091e-05 0 0.166858941 2.12668147e-05 0.985980749 0 0.000798171503 0.549200475 0.0375527665 1
Late 496 497.5 chest 0.937503755 -5.58600732e-07 -0.347975075 0 -5.50878667e-08 1 -1.75370587e-06 0 0.347975075 1.66327663e-06 0.937503755 0 0.000798167428 0.949200392 0.0375527665 1
Late 496 497.5 head 1 -2.66305733e-09 7.36117363e-05 0 2.67868927e-09 1 -2.03119725e-07 0 -7.36117363e-05 2.03121317e-07 1 0 0.000798165216 1.32820129 0.0375527665 1
Late 496 497.5 arm_R_0 0.79093796 1.2665987e-06 0.611896157 0 0.611827075 0.0150283445 -0.790848672 0 -0.00919676945 0.99988699 0.011885751 0 0.096491538 0.949200451 0.295365423 1
Late 496 497.5 arm_R_1 0.919409931 1.01327896e-06 0.393300414 0 0.389416218 0.14019075 -0.910330296 0 -0.0551379994 0.990124345 0.128892422 0 0.251248091 0.863001287 0.0953255445 1
Late 496 497.5 arm_R_2 0.988241971 2.32830644e-07 0.152896911 0 0.148066178 0.249380052 -0.95701921 0 -0.0381296612 0.968405545 0.246447876 0 0.348226666 0.897913098 -0.131380916 1
Late 496 497.5 hand_R 0.905458689 -1.78813934e-07 -0.424433947 0 -0.149366498 0.93603003 -0.318648934 0 0.397283018 0.351919651 0.847536743 0 0.387427241 1.05393529 -0.384754181 1
Late 496 497.5 bat_grip 0.905458689 -2.29064312e-07 -0.424433887 0 -0.149366468 0.936029971 -0.318649054 0 0.397282988 0.35191974 0.847536743 0 0.387427241 1.05393529 -0.384754181 1
Late 496 497.5 bat_barrel 0.905458748 -2.4522862e-07 -0.424433768 0 -0.149366096 0.936030149 -0.318648428 0 0.397282988 0.351919055 0.847537041 0 0.258972049 1.85892105 -0.658792377 1
Late 496 497.5 bat_tip 0.905458629 -2.60528395e-07 -0.424433976 0 -0.149366468 0.936029971 -0.318649054 0 0.397283077 0.35191974 0.847536683 0 0.208187491 2.17717147 -0.767132998 1
Late 496 497.5 arm_L_0 0.458686173 2.02655792e-06 0.888598442 0 0.863978803 0.233760342 -0.445978403 0 -0.207719922 0.972294271 0.107220784 0 -0.0948952436 0.949200392 -0.220259756 1
Late 496 497.5 arm_L_1 0.431678981 3.60608101e-06 0.902027488 0 0.800005019 0.461966366 -0.382856518 0 -0.416707635 0.886897564 0.199418128 0 0.115192622 0.916042805 -0.328703433 1
Late 496 497.5 arm_L_2 0.367345452 8.86619091e-06 0.930084825 0 0.603875756 0.760555804 -0.238513574 0 -0.707383513 0.649272501 0.279381096 0 0.267502815 1.00399709 -0.401592463 1
Late 496 497.5 hand_L 0.905458927 -2.08616257e-07 -0.424433857 0 -0.149367034 0.936029911 -0.318649977 0 0.397283018 0.351920366 0.847536802 0 0.362035602 1.21306002 -0.438925833 1
Late 496 497.5 foot_R 0 4.37113883e-08 1 0 0.99999994 0 0 0 0 1 -4.37113883e-08 0 0.0799999833 0.0688500032 0.49000001 1
Late 496 497.5 foot_L 1.18522259e-07 4.37113883e-08 1 0 0.99999994 -2.59038705e-15 -1.18522266e-07 0 -2.59038557e-15 1 -4.37113883e-08 0 0.0799999833 0.0688500032 -0.339999914 1
Late 496 498.0 root 1 0 0 0 0 1 0 0 0 0 1 0 0 0 0 1
Late 496 498.0 pelvis 0.986647367 -4.65191442e-06 -0.162870929 0 -1.25777078e-07 1 -2.93239082e-05 0 0.162870929 2.89528434e-05 0.986647367 0 0.00126682431 0.54873091 0.0390517302 1
Late 496 498.0 chest 0.937884927 -7.49023457e-07 -0.346946418 0 -8.531606e-08 1 -2.3895318e-06 0 0.346946418 2.27070632e-06 0.937884927 0 0.00126681163 0.948730886 0.0390517302 1
Late 496 498.0 head 0.99999994 7.531753e-10 0.000116795301 0 -7.49537321e-10 1 -3.47333753e-08 0 -0.000116795301 3.473383e-08 0.99999994 0 0.00126680534 1.32773209 0.0390517339 1
Late 496 498.0 arm_R_0 0.791447818 1.19302422e-06 0.611236572 0 0.611171305 0.0146243479 -0.791363239 0 -0.00893986318 0.99989301 0.0115737161 0 0.0966773704 0.948730886 0.296968877 1
Late 496 498.0 arm_R_1 0.919613123 1.09523535e-06 0.392825067 0 0.388977706 0.139612779 -0.910606623 0 -0.0548444018 0.990206122 0.128389359 0 0.25145328 0.862433732 0.0965584368 1
Late 496 498.0 arm_R_2 0.988264203 3.96044925e-07 0.152753249 0 0.147953913 0.248698324 -0.957213998 0 -0.0379898772 0.968581021 0.245779634 0 0.348451197 0.897247612 -0.130518481 1
Late 496 498.0 hand_R 0.905458868 7.4505806e-09 -0.424434006 0 -0.149366692 0.936030209 -0.318648875 0 0.397283018 0.351919711 0.847536743 0 0.387671262 1.0531714 -0.384262145 1
Late 496 498.0 bat_grip 0.905458868 -4.27998081e-08 -0.424433947 0 -0.149366662 0.936030149 -0.318648994 0 0.397282988 0.3519198 0.847536743 0 0.387671262 1.0531714 -0.384262145 1
Late 496 498.0 bat_barrel 0.905458927 -5.8964126e-08 -0.424433827 0 -0.149366289 0.936030328 -0.318648368 0 0.397282988 0.351919115 0.847537041 0 0.259215891 1.8581574 -0.658300281 1
Late 496 498.0 bat_tip 0.905458808 -7.42638946e-08 -0.424434036 0 -0.149366662 0.936030149 -0.318648994 0 0.397283077 0.3519198 0.847536683 0 0.208431274 2.17640781 -0.766640902 1
Late 496 498.0 arm_L_0 0.459982663 2.10106373e-06 0.887927949 0 0.863405883 0.23339054 -0.4472799 0 -0.207234874 0.972383022 0.107353657 0 -0.0941437185 0.948730886 -0.218865275 1
Late 496 498.0 arm_L_1 0.433519512 3.93390656e-06 0.901144326 0 0.79938972 0.461608291 -0.384569943 0 -0.415977061 0.887083888 0.200112924 0 0.115774959 0.915475547 -0.32760936 1
Late 496 498.0 arm_L_2 0.37048009 1.06841326e-05 0.928840458 0 0.603200972 0.760433078 -0.240603507 0 -0.706323504 0.649416208 0.281718791 0 0.267915934 1.00333214 -0.400798947 1
Late 496 498.0 hand_L 0.905458927 2.98023224e-08 -0.424433827 0 -0.149366632 0.936030149 -0.318649232 0 0.397282809 0.351919711 0.847536922 0 0.362279534 1.21229672 -0.438432455 1
Late 496 498.0 foot_R 0 4.37113883e-08 1 0 0.99999994 0 0 0 0 1 -4.37113883e-08 0 0.0799999833 0.0688500032 0.49000001 1
Late 496 498.0 foot_L 3.42285418e-08 4.37113918e-08 1 0 0.99999994 -7.48088699e-16 -3.42285453e-08 0 -7.48088541e-16 1 -4.37113918e-08 0 0.0799999833 0.0688500032 -0.340000004 1
Late 496 498.5 root 1 0 0 0 0 1 0 0 0 0 1 0 0 0 0 1
Late 496 498.5 pelvis 0.987804294 -2.27060332e-06 -0.155700684 0 3.64371422e-09 1 -1.45600143e-05 0 0.155700684 1.4381877e-05 0.987804294 0 0.00204349472 0.547965765 0.0414602645 1
Late 496 498.5 chest 0.93848753 -5.20240974e-07 -0.345313191 0 -4.17917363e-08 1 -1.6201584e-06 0 0.345313191 1.53492965e-06 0.93848753 0 0.00204346632 0.947965801 0.0414602682 1
Late 496 498.5 head 1 1.0257736e-08 0.00020840764 0 -1.02879198e-08 1 1.45415356e-07 0 -0.00020840764 -1.45417403e-07 1 0 0.00204345933 1.32696724 0.0414602682 1
Late 496 498.5 arm_R_0 0.792288244 1.78162009e-06 0.610147059 0 0.610087097 0.0140203778 -0.792210281 0 -0.00855588261 0.999901712 0.01110713 0 0.0970050171 0.947965801 0.29954344 1
Late 496 498.5 arm_R_1 0.919955552 1.36718154e-06 0.392022818 0 0.388231814 0.138730615 -0.911059737 0 -0.0543867946 0.99033016 0.12762551 0 0.251802027 0.861522734 0.0985354483 1
Late 496 498.5 arm_R_2 0.988306463 2.67289579e-07 0.152480513 0 0.147730857 0.24764359 -0.957521975 0 -0.0377610624 0.968851209 0.244747788 0 0.348820776 0.896190822 -0.12913923 1
Late 496 498.5 hand_R 0.905458987 -2.94297934e-07 -0.424433827 0 -0.149366409 0.936030269 -0.318649113 0 0.397282898 0.3519198 0.847536922 0 0.388061464 1.05196869 -0.383480787 1
Late 496 498.5 bat_grip 0.905458987 -3.4454834e-07 -0.424433768 0 -0.149366379 0.936030209 -0.318649232 0 0.397282869 0.351919889 0.847536922 0 0.388061464 1.05196869 -0.383480787 1
Late 496 498.5 bat_barrel 0.905459046 -3.60712647e-07 -0.424433649 0 -0.149366006 0.936030388 -0.318648607 0 0.397282869 0.351919204 0.84753722 0 0.259606361 1.85695469 -0.657519102 1
Late 496 498.5 bat_tip 0.905458927 -3.76012423e-07 -0.424433857 0 -0.149366379 0.936030209 -0.318649232 0 0.397282958 0.351919889 0.847536862 0 0.208821818 2.17520523 -0.765859842 1
Late 496 498.5 arm_L_0 0.46208927 2.54809856e-06 0.886833608 0 0.862457931 0.23284328 -0.44938907 0 -0.206494331 0.972514272 0.107592046 0 -0.0929180607 0.947965801 -0.21662274 1
Late 496 498.5 arm_L_1 0.43650791 4.35113907e-06 0.899700701 0 0.798352182 0.461088151 -0.387339145 0 -0.414842874 0.887354374 0.201265067 0 0.116722077 0.914564252 -0.32585451 1
Late 496 498.5 arm_L_2 0.375561744 1.02967024e-05 0.926797688 0 0.602036953 0.760283113 -0.243969172 0 -0.704631031 0.649591744 0.285526872 0 0.268584728 1.00227499 -0.399532348 1
Late 496 498.5 hand_L 0.905458808 1.49011612e-07 -0.424433857 0 -0.14936763 0.936029434 -0.318650812 0 0.39728269 0.351921499 0.847536445 0 0.362670183 1.21109283 -0.437654734 1
Late 496 498.5 foot_R 0 4.37113883e-08 1 0 0.99999994 0 0 0 0 1 -4.37113883e-08 0 0.0799999833 0.0688500032 0.49000001 1
Late 496 498.5 foot_L -5.00651467e-08 4.37113883e-08 1 0 0.99999994 1.0942086e-15 5.00651502e-08 0 1.09420849e-15 1 -4.37113883e-08 0 0.0799999833 0.0688500032 -0.340000033 1
Late 496 499.0 root 1 0 0 0 0 1 0 0 0 0 1 0 0 0 0 1
Late 496 499.0 pelvis 0.988909066 4.81696016e-09 -0.148522228 0 2.58318806e-08 1 2.04429639e-07 0 0.148522228 -2.0599893e-07 0.988909066 0 0.00282016513 0.547200561 0.0438687988 1
Late 496 499.0 chest 0.939087212 -3.11477464e-07 -0.343678951 0 2.05045723e-08 1 -8.50275796e-07 0 0.343678951 7.9143615e-07 0.939087212 0 0.0028201642 0.947200537 0.0438688025 1
Late 496 499.0 head 1 -1.23407062e-10 0.000299960375 0 2.56932253e-11 1 3.25977112e-07 0 -0.000299960375 -3.25977112e-07 1 0 0.00282016443 1.32620203 0.0438688025 1
Late 496 499.0 arm_R_0 0.79312706 4.69386578e-07 0.609056115 0 0.609001338 0.0134163909 -0.793055773 0 -0.00817168783 0.999909937 0.0106406538 0 0.0973324403 0.947200537 0.302117139 1
Late 496 499.0 arm_R_1 0.920297384 5.32716513e-07 0.391219735 0 0.387484819 0.13784872 -0.911511481 0 -0.0539296269 0.990453184 0.126861662 0 0.252148956 0.860611022 0.100511052 1
Late 496 499.0 arm_R_2 0.988348603 3.26428562e-07 0.152206972 0 0.147506788 0.246589065 -0.957828581 0 -0.0375328958 0.969120085 0.243715987 0 0.349187464 0.895132482 -0.127761528 1
Late 496 499.0 hand_R 0.905458808 1.34110451e-07 -0.424434096 0 -0.149366826 0.936030149 -0.318648785 0 0.397283077 0.351919651 0.847536862 0 0.388448209 1.05076361 -0.382700861 1
Late 496 499.0 bat_grip 0.905458808 8.38600656e-08 -0.424434036 0 -0.149366796 0.93603009 -0.318648905 0 0.397283047 0.35191974 0.847536862 0 0.388448209 1.05076361 -0.382700861 1
Late 496 499.0 bat_barrel 0.905458868 6.76957441e-08 -0.424433917 0 -0.149366423 0.936030269 -0.318648279 0 0.397283047 0.351919055 0.84753716 0 0.259992719 1.85574949 -0.656738937 1
Late 496 499.0 bat_tip 0.905458748 5.23959898e-08 -0.424434125 0 -0.149366796 0.93603009 -0.318648905 0 0.397283137 0.35191974 0.847536802 0 0.209208056 2.17399979 -0.765079498 1
Late 496 499.0 arm_L_0 0.464193285 6.85453415e-07 0.885734081 0 0.861504793 0.232295915 -0.451495618 0 -0.205752656 0.972645164 0.107829526 0 -0.0916920751 0.947200477 -0.214379385 1
Late 496 499.0 arm_L_1 0.43949151 1.44541264e-06 0.898246884 0 0.797305584 0.460567743 -0.390104204 0 -0.413704038 0.887624562 0.202414393 0 0.117668271 0.913652778 -0.32409817 1
Late 496 499.0 arm_L_2 0.380631953 4.88758087e-06 0.924726725 0 0.600855887 0.760132968 -0.247325823 0 -0.702916443 0.649767518 0.28932789 0 0.269251049 1.00121772 -0.398262888 1
Late 496 499.0 hand_L 0.905458927 5.96046448e-08 -0.424433947 0 -0.149366751 0.936030209 -0.318649113 0 0.397283077 0.351919711 0.847536802 0 0.363056302 1.20988894 -0.43687129 1
Late 496 499.0 foot_R 0 4.37113883e-08 1 0 0.99999994 0 0 0 0 1 -4.37113883e-08 0 0.0799999833 0.0688500032 0.49000001 1
Late 496 499.0 foot_L -1.34358828e-07 4.37113918e-08 1 0 0.99999994 2.9365061e-15 1.34358842e-07 0 2.93650547e-15 1 -4.37113883e-08 0 0.0799999833 0.0688500032 -0.340000063 1
Late 496 499.5 root 1 0 0 0 0 1 0 0 0 0 1 0 0 0 0 1
Late 496 499.5 pelvis 0.991021693 8.76413608e-09 -0.133701369 0 2.45341329e-08 1 2.47402085e-07 0 0.133701369 -2.48461077e-07 0.991021693 0 0.00408706302 0.546024561 0.047381565 1
Late 496 499.5 chest 0.939916432 -3.2747019e-07 -0.341404617 0 -7.81459164e-09 1 -9.80699269e-07 0 0.341404617 9.24443384e-07 0.939916432 0 0.00408706442 0.946024477 0.0473815724 1
Late 496 499.5 head 0.999999881 1.05995923e-09 0.000559180975 0 -1.18828325e-09 1 2.29511556e-07 0 -0.000559180975 -2.29512182e-07 0.999999881 0 0.00408706442 1.32502651 0.0473815724 1
Late 496 499.5 arm_R_0 0.794476092 1.92783773e-06 0.607295394 0 0.607245743 0.0127909621 -0.794411123 0 -0.00776940351 0.999918103 0.0101609789 0 0.0979739726 0.946024477 0.305857956 1
Late 496 499.5 arm_R_1 0.920888543 1.37090683e-06 0.389825851 0 0.38615939 0.136826381 -0.912227631 0 -0.0533397049 0.990594923 0.126001358 0 0.252758384 0.859284639 0.103365794 1
Late 496 499.5 arm_R_2 0.98844707 4.51691449e-08 0.151566282 0 0.146936208 0.245282501 -0.958251476 0 -0.0371766016 0.969451547 0.242448822 0 0.349764347 0.893656135 -0.125793144 1
Late 496 499.5 hand_R 0.905458927 -7.11530447e-07 -0.424433768 0 -0.149365976 0.936030149 -0.318649024 0 0.397283137 0.351919621 0.847536802 0 0.388991922 1.04913735 -0.381618977 1
Late 496 499.5 bat_grip 0.905458927 -7.61780882e-07 -0.424433708 0 -0.149365947 0.93603009 -0.318649143 0 0.397283107 0.351919711 0.847536802 0 0.388991922 1.04913735 -0.381618977 1
Late 496 499.5 bat_barrel 0.905458987 -7.77945218e-07 -0.424433589 0 -0.149365574 0.936030269 -0.318648517 0 0.397283107 0.351919025 0.8475371 0 0.260537177 1.85412323 -0.655657232 1
Late 496 499.5 bat_tip 0.905458868 -7.93244965e-07 -0.424433798 0 -0.149365947 0.93603009 -0.318649143 0 0.397283196 0.351919711 0.847536743 0 0.209752798 2.17237377 -0.763997912 1
Late 496 499.5 arm_L_0 0.467416137 2.38418579e-06 0.884037614 0 0.85996753 0.231759906 -0.454690456 0 -0.204885468 0.972772956 0.108326167 0 -0.0897998139 0.946024477 -0.211094558 1
Late 496 499.5 arm_L_1 0.444059789 3.93390656e-06 0.895997405 0 0.79552114 0.460109591 -0.394265652 0 -0.412258327 0.887862146 0.20431301 0 0.119110972 0.912325978 -0.321549267 1
Late 496 499.5 arm_L_2 0.388400942 8.34465027e-06 0.921490729 0 0.598747849 0.760136843 -0.2523745 0 -0.70046097 0.649762869 0.295232862 0 0.270244539 0.999740422 -0.396450669 1
Late 496 499.5 hand_L 0.905458868 1.49011612e-07 -0.424434036 0 -0.149368092 0.936028957 -0.318651915 0 0.397282392 0.35192278 0.847536087 0 0.363601476 1.20826066 -0.435797125 1
Late 496 499.5 foot_R 0 4.37113883e-08 1 0 0.99999994 0 0 0 0 1 -4.37113883e-08 0 0.0799999833 0.0688500032 0.49000001 1
Late 496 499.5 foot_L -1.34358828e-07 4.37113918e-08 1 0 0.99999994 2.9365061e-15 1.34358842e-07 0 2.93650547e-15 1 -4.37113883e-08 0 0.0799999833 0.0688500032 -0.340000063 1
Late 496 500.0 root 1 0 0 0 0 1 0 0 0 0 1 0 0 0 0 1
Late 496 500.0 pelvis 0.992912173 1.2075196e-08 -0.118850529 0 2.25932197e-08 1 2.90350272e-07 0 0.118850529 -2.90977539e-07 0.992912173 0 0.00535396067 0.544848621 0.0508943275 1
Late 496 500.0 chest 0.940740108 -3.45229381e-07 -0.339128315 0 -3.37581412e-08 1 -1.11163547e-06 0 0.339128315 1.05720824e-06 0.940740108 0 0.00535396393 0.944848359 0.0508943312 1
Late 496 500.0 head 0.999999642 9.09494702e-12 0.000818371773 0 -1.17637455e-10 1 1.32606488e-07 0 -0.000818371773 -1.32606715e-07 0.999999642 0 0.00535396393 1.32385087 0.0508943312 1
Late 496 500.0 arm_R_0 0.795821071 4.82425094e-07 0.605531633 0 0.60548687 0.012165525 -0.7957623 0 -0.00736697484 0.999925971 0.00968132913 0 0.0986149758 0.944848359 0.309597164 1
Late 496 500.0 arm_R_1 0.921477795 5.40167093e-07 0.388430864 0 0.384832293 0.135804489 -0.912940979 0 -0.05275115 0.990735531 0.125140652 0 0.253363818 0.857957423 0.10621798 1
Late 496 500.0 arm_R_2 0.98854506 3.24565917e-07 0.150924921 0 0.146364197 0.24397628 -0.958672643 0 -0.0368224271 0.969781101 0.241181567 0 0.350334734 0.892177522 -0.123827726 1
Late 496 500.0 hand_R 0.905458748 1.08033419e-07 -0.424434125 0 -0.149366736 0.936030149 -0.318648875 0 0.397282958 0.351919651 0.847536802 0 0.389527828 1.04750693 -0.380540192 1
Late 496 500.0 bat_grip 0.905458748 5.77830299e-08 -0.424434066 0 -0.149366707 0.93603009 -0.318648994 0 0.397282928 0.35191974 0.847536802 0 0.389527828 1.04750693 -0.380540192 1
Late 496 500.0 bat_barrel 0.905458808 4.16187085e-08 -0.424433947 0 -0.149366334 0.936030269 -0.318648368 0 0.397282928 0.351919055 0.8475371 0 0.261072427 1.85249281 -0.654578328 1
Late 496 500.0 bat_tip 0.905458689 2.63189541e-08 -0.424434155 0 -0.149366707 0.93603009 -0.318648994 0 0.397283018 0.35191974 0.847536743 0 0.21028778 2.17074323 -0.762918949 1
Late 496 500.0 arm_L_0 0.470632911 7.4505806e-07 0.882329166 0 0.858418405 0.231223851 -0.457879215 0 -0.204015866 0.97290051 0.108820781 0 -0.0879069939 0.944848359 -0.207808197 1
Late 496 500.0 arm_L_1 0.448616743 1.51991844e-06 0.893724382 0 0.793715775 0.459651113 -0.398416996 0 -0.410801947 0.888099551 0.20620583 0 0.120551474 0.910999119 -0.318997025 1
Late 496 500.0 arm_L_2 0.396142781 5.2601099e-06 0.918188989 0 0.596599638 0.760140359 -0.2574009 0 -0.697953939 0.649758816 0.301120847 0 0.271232337 0.998263061 -0.394632012 1
Late 496 500.0 hand_L 0.905458808 -8.94069672e-08 -0.424433887 0 -0.149366751 0.936030149 -0.318649083 0 0.397283137 0.3519198 0.847536802 0 0.364135832 1.20663238 -0.434710532 1
Late 496 500.0 foot_R 0 4.37113883e-08 1 0 0.99999994 0 0 0 0 1 -4.37113883e-08 0 0.0799999833 0.0688500032 0.49000001 1
Late 496 500.0 foot_L -1.34358828e-07 4.37113918e-08 1 0 0.99999994 2.9365061e-15 1.34358842e-07 0 2.93650547e-15 1 -4.37113883e-08 0 0.0799999833 0.0688500032 -0.340000063 1
Late 496 500.5 root 1 0 0 0 0 1 0 0 0 0 1 0 0 0 0 1
Late 496 500.5 pelvis 0.995416045 -4.24034807e-09 -0.095639497 0 6.28500008e-09 1 2.1077506e-08 0 0.095639497 -2.15819806e-08 0.995416045 0 0.00710405037 0.543329358 0.0553383566 1
Late 496 500.5 chest 0.941775084 -4.55983411e-07 -0.336243629 0 -4.85204694e-08 1 -1.4920098e-06 0 0.336243629 1.42145234e-06 0.941775084 0 0.00710405409 0.943329155 0.0553383604 1
Late 496 500.5 head 0.999999166 4.35537117e-09 0.00129771233 0 -4.49108484e-09 1 1.04669084e-07 0 -0.00129771233 -1.04674768e-07 0.999999166 0 0.0071040499 1.32233155 0.0553383604 1
Late 496 500.5 arm_R_0 0.797584414 2.58069485e-06 0.60320729 0 0.603167415 0.0115000708 -0.797531664 0 -0.00693896553 0.999933779 0.00917075761 0 0.0995718241 0.943329155 0.314325631 1
Late 496 500.5 arm_R_1 0.922276258 1.86264515e-06 0.386531591 0 0.383011132 0.134652555 -0.913876891 0 -0.0520491749 0.990892768 0.124186166 0 0.254233003 0.856277823 0.109826192 1
Late 496 500.5 arm_R_2 0.988693535 2.00234354e-08 0.149949744 0 0.145475611 0.242454663 -0.959193647 0 -0.0363560282 0.97016269 0.239713416 0 0.351115525 0.890337884 -0.121340215 1
Late 496 500.5 hand_R 0.905458868 -1.28895044e-06 -0.424433589 0 -0.149365395 0.936030269 -0.318649203 0 0.397283196 0.351919502 0.847536802 0 0.390219271 1.04550755 -0.379173517 1
Late 496 500.5 bat_grip 0.905458868 -1.33920082e-06 -0.424433529 0 -0.149365366 0.936030209 -0.318649322 0 0.397283167 0.351919591 0.847536802 0 0.390219271 1.04550755 -0.379173517 1
Late 496 500.5 bat_barrel 0.905458927 -1.35536516e-06 -0.42443341 0 -0.149364993 0.936030388 -0.318648696 0 0.397283167 0.351918906 0.8475371 0 0.261765003 1.85049355 -0.653211951 1
Late 496 500.5 bat_tip 0.905458808 -1.3706649e-06 -0.424433619 0 -0.149365366 0.936030209 -0.318649322 0 0.397283256 0.351919591 0.847536743 0 0.210980833 2.16874409 -0.761552632 1
Late 496 500.5 arm_L_0 0.474793226 3.03983688e-06 0.880097508 0 0.856358469 0.230690226 -0.461987436 0 -0.203031272 0.973027229 0.109527439 0 -0.0853636339 0.943329155 -0.203648597 1
Late 496 500.5 arm_L_1 0.454508543 4.97698784e-06 0.89074254 0 0.791249514 0.45925504 -0.403744012 0 -0.409079909 0.888304472 0.208731323 0 0.122477427 0.909318864 -0.315771192 1
Late 496 500.5 arm_L_2 0.406160116 1.01923943e-05 0.913802028 0 0.593583465 0.76029402 -0.263840139 0 -0.694760919 0.649579048 0.308794916 0 0.272541463 0.996421874 -0.392341048 1
Late 496 500.5 hand_L 0.905458927 -2.98023224e-08 -0.424433887 0 -0.149368688 0.936028361 -0.318653345 0 0.397282302 0.35192439 0.847535372 0 0.364829749 1.20463002 -0.433356583 1
Late 496 500.5 foot_R 0 4.37113883e-08 1 0 0.99999994 0 0 0 0 1 -4.37113883e-08 0 0.0799999833 0.0688500032 0.49000001 1
Late 496 500.5 foot_L -1.34358828e-07 4.37113918e-08 1 0 0.99999994 2.9365061e-15 1.34358842e-07 0 2.93650547e-15 1 -4.37113883e-08 0 0.0799999833 0.0688500032 -0.340000063 1
Late 496 501.0 root 1 0 0 0 0 1 0 0 0 0 1 0 0 0 0 1
Late 496 501.0 pelvis 0.997377396 -1.42626462e-08 -0.0723763257 0 -3.73284292e-09 1 -2.48502488e-07 0 0.0723763257 2.48120955e-07 0.997377396 0 0.0088541396 0.541810036 0.0597823858 1
Late 496 501.0 chest 0.942801118 -5.73312946e-07 -0.333355755 0 -5.40614593e-08 1 -1.8727203e-06 0 0.333355755 1.78362461e-06 0.942801118 0 0.00885414146 0.941809833 0.0597823896 1
Late 496 501.0 head 0.999998391 7.56415375e-10 0.00177687407 0 -8.92214302e-10 1 7.64315473e-08 0 -0.00177687407 -7.64327979e-08 0.999998391 0 0.00885413587 1.32081211 0.0597823896 1
Late 496 501.0 arm_R_0 0.799340904 6.95697963e-07 0.600877702 0 0.600842476 0.0108346026 -0.799293995 0 -0.00651080813 0.99994123 0.00866016001 0 0.100527793 0.941809714 0.319051653 1
Late 496 501.0 arm_R_1 0.923070669 8.7544322e-07 0.384630322 0 0.38118726 0.133501291 -0.914807916 0 -0.0513494387 0.991048574 0.123230837 0 0.25509575 0.854596794 0.113430582 1
Late 496 501.0 arm_R_2 0.988840997 5.72763383e-07 0.148973569 0 0.144584954 0.240933537 -0.959711432 0 -0.0358932763 0.970541596 0.238244921 0 0.351885706 0.88849473 -0.118857071 1
Late 496 501.0 hand_R 0.905458808 -3.7252903e-08 -0.424434036 0 -0.149366602 0.936030269 -0.318648756 0 0.397283018 0.351919681 0.847536802 0 0.390897661 1.04350185 -0.377811372 1
Late 496 501.0 bat_grip 0.905458808 -8.75032953e-08 -0.424433976 0 -0.149366572 0.936030209 -0.318648875 0 0.397282988 0.35191977 0.847536802 0 0.390897661 1.04350185 -0.377811372 1
Late 496 501.0 bat_barrel 0.905458868 -1.03667631e-07 -0.424433857 0 -0.1493662 0.936030388 -0.318648249 0 0.397282988 0.351919085 0.8475371 0 0.26244238 1.84848785 -0.651849389 1
Late 496 501.0 bat_tip 0.905458748 -1.18967378e-07 -0.424434066 0 -0.149366572 0.936030209 -0.318648875 0 0.397283077 0.35191977 0.847536743 0 0.211657777 2.16673827 -0.76018995 1
Late 496 501.0 arm_L_0 0.478942841 1.08778477e-06 0.877846181 0 0.854278982 0.230156541 -0.466085345 0 -0.20204249 0.973153591 0.110230818 0 -0.0828194022 0.941809893 -0.199486539 1
Late 496 501.0 arm_L_1 0.460380346 2.27987766e-06 0.887721956 0 0.788748562 0.458858728 -0.409053206 0 -0.407339752 0.888509274 0.211247683 0 0.1243999 0.90763849 -0.312539577 1
Late 496 501.0 arm_L_2 0.416128635 8.07642937e-06 0.90930593 0 0.590500295 0.760447264 -0.270239413 0 -0.691481233 0.649399698 0.316439003 0 0.2738415 0.994580626 -0.390038937 1
Late 496 501.0 hand_L 0.905459046 -2.08616257e-07 -0.42443347 0 -0.149366498 0.93603003 -0.318649471 0 0.397282749 0.351920038 0.847537041 0 0.365505993 1.20262754 -0.431981623 1
Late 496 501.0 foot_R 0 4.37113883e-08 1 0 0.99999994 0 0 0 0 1 -4.37113883e-08 0 0.0799999833 0.0688500032 0.49000001 1
Late 496 501.0 foot_L -1.34358828e-07 4.37113918e-08 1 0 0.99999994 2.9365061e-15 1.34358842e-07 0 2.93650547e-15 1 -4.37113883e-08 0 0.0799999833 0.0688500032 -0.340000063 1
Late 496 501.5 root 1 0 0 0 0 1 0 0 0 0 1 0 0 0 0 1
Late 496 501.5 pelvis 0.999155045 -7.43479944e-09 -0.0410994366 0 -2.16690887e-09 1 -2.33576856e-07 0 0.0410994366 2.33468569e-07 0.999155045 0 0.0110258181 0.540073395 0.0648675859 1
Late 496 501.5 chest 0.944013894 -5.25376606e-07 -0.329905599 0 -3.12984838e-08 1 -1.68206532e-06 0 0.329905599 1.59821866e-06 0.944013894 0 0.011025819 0.940073311 0.0648675859 1
Late 496 501.5 head 0.999996781 -1.87884552e-09 0.00251412392 0 2.1096298e-09 1 -9.17866601e-08 0 -0.00251412392 9.17916623e-08 0.999996781 0 0.0110258171 1.31907594 0.0648675859 1
Late 496 501.5 arm_R_0 0.801344991 3.39094549e-06 0.598202348 0 0.598172128 0.0100479247 -0.801304638 0 -0.00601338921 0.999949455 0.00804986246 0 0.101750694 0.940073133 0.32447046 1
Late 496 501.5 arm_R_1 0.923991263 2.48104334e-06 0.382413507 0 0.379057676 0.132180497 -0.915883958 0 -0.0505498648 0.991225541 0.122132726 0 0.256188571 0.852667272 0.117586985 1
Late 496 501.5 arm_R_2 0.989020884 1.96974725e-07 0.147775158 0 0.143485069 0.239204526 -0.960309029 0 -0.035348665 0.9709692 0.236578286 0 0.352847546 0.886372805 -0.115963586 1
Late 496 501.5 hand_R 0.905458927 -1.65775418e-06 -0.424433649 0 -0.149365082 0.936030269 -0.31864953 0 0.397283196 0.351919562 0.847536922 0 0.391727597 1.04118764 -0.376181066 1
Late 496 501.5 bat_grip 0.905458927 -1.70800456e-06 -0.424433589 0 -0.149365053 0.936030209 -0.31864965 0 0.397283167 0.351919651 0.847536922 0 0.391727597 1.04118764 -0.376181066 1
Late 496 501.5 bat_barrel 0.905458987 -1.7241689e-06 -0.42443347 0 -0.14936468 0.936030388 -0.318649024 0 0.397283167 0.351918966 0.84753722 0 0.263273627 1.84617364 -0.650219798 1
Late 496 501.5 bat_tip 0.905458868 -1.73946864e-06 -0.424433678 0 -0.149365053 0.936030209 -0.31864965 0 0.397283256 0.351919651 0.847536862 0 0.212489545 2.16442394 -0.758560538 1
Late 496 501.5 arm_L_0 0.483709455 3.87430191e-06 0.875228643 0 0.851856112 0.22955355 -0.470793456 0 -0.200913593 0.973296046 0.111033797 0 -0.0796989724 0.940073371 -0.194734946 1
Late 496 501.5 arm_L_1 0.467121035 6.02006912e-06 0.884193361 0 0.785793543 0.458462447 -0.415139586 0 -0.405371845 0.888713837 0.214152604 0 0.126756504 0.905708134 -0.308832347 1
Late 496 501.5 arm_L_2 0.427574635 1.10119581e-05 0.903980017 0 0.586759925 0.760712326 -0.277541876 0 -0.687671781 0.649089098 0.325254709 0 0.275434941 0.992456436 -0.38737756 1
Late 496 501.5 hand_L 0.905458927 1.78813934e-07 -0.424433589 0 -0.149369419 0.936027646 -0.318655044 0 0.397281617 0.351926148 0.847534776 0 0.366338283 1.20030963 -0.430369169 1
Late 496 501.5 foot_R 0 4.37113883e-08 1 0 0.99999994 0 0 0 0 1 -4.37113883e-08 0 0.0799999833 0.0688500032 0.49000001 1
Late 496 501.5 foot_L -5.00651431e-08 4.37113883e-08 1 0 0.99999994 1.0942086e-15 5.00651467e-08 0 1.09420828e-15 1 -4.37113883e-08 0 0.0799999833 0.0688500032 -0.340000033 1
Late 496 502.0 root 1 0 0 0 0 1 0 0 0 0 1 0 0 0 0 1
Late 496 502.0 pelvis 0.999952137 -1.06926723e-09 -0.00978220906 0 -1.06926723e-09 1 -2.18609472e-07 0 0.00978220906 2.18609472e-07 0.999952137 0 0.0131974965 0.538336813 0.069952786 1
Late 496 502.0 chest 0.945214033 -4.72373017e-07 -0.326451123 0 -1.51639536e-08 1 -1.49090067e-06 0 0.326451123 1.41417081e-06 0.945214033 0 0.0131974965 0.93833679 0.069952786 1
Late 496 502.0 head 0.999994695 7.83671794e-10 0.00325125456 0 6.03961325e-11 1 -2.59574563e-07 0 -0.00325125456 2.5957354e-07 0.999994695 0 0.0131974975 1.31733966 0.069952786 1
Late 496 502.0 arm_R_0 0.803340256 5.84870577e-07 0.595520198 0 0.595494747 0.00926124491 -0.803305745 0 -0.00551570673 0.999957025 0.00743961707 0 0.102972403 0.938336611 0.329885811 1
Late 496 502.0 arm_R_1 0.92490685 7.30156898e-07 0.380194008 0 0.376924574 0.130860627 -0.916953087 0 -0.0497530997 0.991400719 0.121033654 0 0.257273018 0.85073626 0.121738352 1
Late 496 502.0 arm_R_2 0.98919946 4.96860594e-07 0.14657554 0 0.142382383 0.237476319 -0.960901618 0 -0.0348086841 0.971393287 0.234911382 0 0.353795469 0.884246767 -0.113075703 1
Late 496 502.0 hand_R 0.905458808 4.09781933e-08 -0.424433887 0 -0.149366707 0.936030209 -0.318648815 0 0.397283107 0.351919681 0.847536743 0 0.392540276 1.03886592 -0.374556273 1
Late 496 502.0 bat_grip 0.905458808 -9.27219723e-09 -0.424433827 0 -0.149366677 0.936030149 -0.318648934 0 0.397283077 0.35191977 0.847536743 0 0.392540276 1.03886592 -0.374556273 1
Late 496 502.0 bat_barrel 0.905458868 -2.54365169e-08 -0.424433708 0 -0.149366304 0.936030328 -0.318648309 0 0.397283077 0.351919085 0.847537041 0 0.264084905 1.8438518 -0.648594379 1
Late 496 502.0 bat_tip 0.905458748 -4.07362748e-08 -0.424433917 0 -0.149366677 0.936030149 -0.318648934 0 0.397283167 0.35191977 0.847536683 0 0.213300273 2.16210222 -0.756934941 1
Late 496 502.0 arm_L_0 0.488461912 9.53674316e-07 0.872585237 0 0.849407554 0.228950441 -0.475487769 0 -0.199779198 0.973438025 0.111832634 0 -0.076577343 0.93833679 -0.189979866 1
Late 496 502.0 arm_L_1 0.473834932 1.8030405e-06 0.880613804 0 0.782793224 0.458065808 -0.421201378 0 -0.403379738 0.888918221 0.217046037 0 0.129108816 0.903777838 -0.305116862 1
Late 496 502.0 arm_L_2 0.438952684 5.87105751e-06 0.898510218 0 0.582932472 0.760976911 -0.284787416 0 -0.683747232 0.648778856 0.334029198 0 0.277017087 0.990332425 -0.384700149 1
Late 496 502.0 hand_L 0.905458987 0 -0.424433619 0 -0.149366662 0.93603003 -0.31864959 0 0.39728272 0.351919949 0.847536743 0 0.367148429 1.19799149 -0.428726763 1
Late 496 502.0 foot_R 0 4.37113883e-08 1 0 0.99999994 0 0 0 0 1 -4.37113883e-08 0 0.0799999833 0.0688500032 0.49000001 1
Late 496 502.0 foot_L 3.42285418e-08 4.37113918e-08 1 0 0.99999994 -7.48088699e-16 -3.42285453e-08 0 -7.48088541e-16 1 -4.37113918e-08 0 0.0799999833 0.0688500032 -0.340000004 1
Late 496 502.5 root 1 0 0 0 0 1 0 0 0 0 1 0 0 0 0 1
Late 496 502.5 pelvis 0.999608815 5.50679191e-09 0.0279674567 0 -2.39637687e-09 1 -1.11249037e-07 0 -0.0279674567 1.11138505e-07 0.999608815 0 0.0156661123 0.536587 0.0752344429 1
Late 496 502.5 chest 0.947497547 -4.00189833e-07 -0.319763064 0 -4.37517755e-08 1 -1.38116172e-06 0 0.319763064 1.32263744e-06 0.947497547 0 0.0156661104 0.936586916 0.0752344504 1
Late 496 502.5 head 0.999990821 -1.40940415e-09 0.00427478552 0 1.81717041e-09 1 -9.54032657e-08 0 -0.00427478552 9.54099733e-08 0.999990821 0 0.0156661123 1.3155899 0.0752344579 1
Late 496 502.5 arm_R_0 0.804968894 5.60842454e-06 0.593316972 0 0.593297064 0.00818027928 -0.804941952 0 -0.00485799368 0.999966502 0.0065815784 0 0.103601858 0.936586797 0.335795611 1
Late 496 502.5 arm_R_1 0.925518334 3.96743417e-06 0.37870276 0 0.37552911 0.129179701 -0.91776365 0 -0.0489243269 0.991621196 0.11955674 0 0.258012742 0.848715901 0.126303732 1
Late 496 502.5 arm_R_2 0.989249647 1.06263906e-06 0.146235555 0 0.142125532 0.235407338 -0.961448669 0 -0.034425918 0.971896768 0.232876524 0 0.354644001 0.881956458 -0.109855562 1
Late 496 502.5 hand_R 0.905459046 -5.47617674e-07 -0.424433261 0 -0.149366647 0.936029553 -0.318650603 0 0.397282302 0.35192126 0.847536504 0 0.393496007 1.0363059 -0.372682124 1
Late 496 502.5 bat_grip 0.905459046 -5.97867995e-07 -0.424433202 0 -0.149366617 0.936029494 -0.318650723 0 0.397282273 0.35192135 0.847536504 0 0.393496007 1.0363059 -0.372682124 1
Late 496 502.5 bat_barrel 0.905459106 -6.14032103e-07 -0.424433082 0 -0.149366245 0.936029673 -0.318650097 0 0.397282273 0.351920664 0.847536802 0 0.265040696 1.84129131 -0.646721721 1
Late 496 502.5 bat_tip 0.905458987 -6.29332192e-07 -0.424433291 0 -0.149366617 0.936029494 -0.318650723 0 0.397282362 0.35192135 0.847536445 0 0.214256078 2.15954161 -0.755062938 1
Late 496 502.5 arm_L_0 0.493509054 4.36604023e-06 0.869740903 0 0.846759081 0.228358924 -0.480470061 0 -0.198615178 0.973576963 0.112693369 0 -0.0722695813 0.936586857 -0.185326383 1
Late 496 502.5 arm_L_1 0.480945528 5.40912151e-06 0.876750886 0 0.779349625 0.45808515 -0.427518666 0 -0.401628792 0.888908327 0.220309645 0 0.132297918 0.901755989 -0.301399112 1
Late 496 502.5 arm_L_2 0.450942576 2.78651714e-06 0.892553449 0 0.577882588 0.76210773 -0.291964769 0 -0.680222511 0.647450209 0.343664974 0 0.279087901 0.988038898 -0.381920397 1
Late 496 502.5 hand_L 0.905459046 4.76837158e-07 -0.424433649 0 -0.149371818 0.936026096 -0.318658888 0 0.397281021 0.351930648 0.847533703 0 0.368102193 1.19542658 -0.426889002 1
Late 496 502.5 foot_R 0 4.37113883e-08 1 0 0.99999994 0 0 0 0 1 -4.37113883e-08 0 0.0799999833 0.0688500032 0.49000001 1
Late 496 502.5 foot_L 1.18522259e-07 4.37113883e-08 1 0 0.99999994 -2.59038705e-15 -1.18522266e-07 0 -2.59038557e-15 1 -4.37113883e-08 0 0.0799999833 0.0688500032 -0.339999914 1
Late 496 503.0 root 1 0 0 0 0 1 0 0 0 0 1 0 0 0 0 1
Late 496 503.0 pelvis 0.997840941 8.02172639e-09 0.0656772628 0 -7.77480569e-09 1 -4.01519351e-09 0 -0.0656772628 3.49589646e-09 0.997840941 0 0.0181347299 0.534837246 0.0805161074 1
Late 496 503.0 chest 0.949733675 -3.25929904e-07 -0.313059121 0 -7.64735475e-08 1 -1.27311228e-06 0 0.313059121 1.23305824e-06 0.949733675 0 0.0181347299 0.934837043 0.0805161148 1
Late 496 503.0 head 0.999985993 6.44178044e-10 0.00529825687 0 -1.00092734e-09 1 6.73318254e-08 0 -0.00529825687 -6.73360319e-08 0.999985993 0 0.0181347318 1.31384015 0.0805161297 1
Late 496 503.0 arm_R_0 0.80659157 3.63215804e-08 0.591109216 0 0.591094375 0.00709930714 -0.806571245 0 -0.00419647526 0.999974787 0.00572625548 0 0.104226939 0.934836984 0.341692388 1
Late 496 503.0 arm_R_1 0.926127791 1.49011612e-08 0.377209961 0 0.374131322 0.127500653 -0.918569148 0 -0.0480945297 0.991838455 0.118081957 0 0.258741051 0.846693039 0.130853593 1
Late 496 503.0 arm_R_2 0.989300132 -1.86264515e-08 0.14589408 0 0.141866714 0.233340576 -0.961990714 0 -0.0340429991 0.972395062 0.230843961 0 0.355477095 0.879659891 -0.106651641 1
Late 496 503.0 hand_R 0.905458927 -1.86264515e-08 -0.424433917 0 -0.149366632 0.936030149 -0.318648964 0 0.397282898 0.35191974 0.847536981 0 0.394435197 1.03373563 -0.37082389 1
Late 496 503.0 bat_grip 0.905458927 -6.88768367e-08 -0.424433857 0 -0.149366602 0.93603009 -0.318649083 0 0.397282869 0.35191983 0.847536981 0 0.394435197 1.03373563 -0.37082389 1
Late 496 503.0 bat_barrel 0.905458987 -8.5041151e-08 -0.424433738 0 -0.14936623 0.936030269 -0.318648458 0 0.397282869 0.351919144 0.847537279 0 0.265979886 1.83872151 -0.644862115 1
Late 496 503.0 bat_tip 0.905458868 -1.0034092e-07 -0.424433947 0 -0.149366602 0.93603009 -0.318649083 0 0.397282958 0.35191983 0.847536922 0 0.215195283 2.15697193 -0.753202736 1
Late 496 503.0 arm_L_0 0.498539686 -8.94069672e-08 0.866867006 0 0.844081879 0.227767393 -0.485436022 0 -0.197443932 0.973715544 0.113551021 0 -0.067957446 0.934836924 -0.18065986 1
Late 496 503.0 arm_L_1 0.488024592 -2.23517418e-07 0.872830093 0 0.77585721 0.458104551 -0.433804303 0 -0.399847209 0.888898373 0.223566398 0 0.13548708 0.899734735 -0.297659397 1
Late 496 503.0 arm_L_2 0.462851644 -2.08616257e-07 0.886435866 0 0.572743773 0.763236046 -0.299057543 0 -0.676559746 0.646119714 0.353265136 0 0.281153738 0.985745907 -0.379105181 1
Late 496 503.0 hand_L 0.905458987 -5.96046448e-08 -0.424434006 0 -0.149366543 0.936030149 -0.318649083 0 0.397283137 0.351919562 0.847536981 0 0.369043112 1.19286084 -0.424994498 1
Late 496 503.0 foot_R 0 4.37113883e-08 1 0 0.99999994 0 0 0 0 1 -4.37113883e-08 0 0.0799999833 0.0688500032 0.49000001 1
Late 496 503.0 foot_L 2.02815968e-07 4.37113883e-08 1 0 0.99999994 -4.43268477e-15 -2.02815983e-07 0 -4.43268266e-15 1 -4.37113883e-08 0 0.0799999833 0.0688500032 -0.339999855 1
Late 496 503.5 root 1 0 0 0 0 1 0 0 0 0 1 0 0 0 0 1
Late 496 503.5 pelvis 0.994321227 4.53676041e-10 0.106420264 0 -1.27012498e-08 1 1.14409083e-07 0 -0.106420264 -1.15111057e-07 0.994321227 0 0.0206768885 0.533417046 0.0852766037 1
Late 496 503.5 chest 0.95429343 -1.59581276e-07 -0.298871309 0 -7.42934247e-09 1 -5.57668386e-07 0 0.298871309 5.34399703e-07 0.95429343 0 0.0206768848 0.933416724 0.0852766111 1
Late 496 503.5 head 0.999978006 -1.13498544e-08 0.00663465261 0 1.16797452e-08 1 -4.96792723e-08 0 -0.00663465261 4.97555845e-08 0.999978006 0 0.0206768829 1.31241977 0.0852766186 1
Late 496 503.5 arm_R_0 0.806842327 1.26576051e-05 0.590766847 0 0.590758204 0.00540616177 -0.806830525 0 -0.0032039769 0.999985397 0.00435448065 0 0.102864206 0.933416665 0.347696185 1
Late 496 503.5 arm_R_1 0.925746441 8.80658627e-06 0.378144979 0 0.375172079 0.125124335 -0.918471396 0 -0.0473232195 0.992141068 0.115830138 0 0.258192271 0.844837666 0.135560766 1
Late 496 503.5 arm_R_2 0.988965929 4.21423465e-06 0.148143038 0 0.144146085 0.230694816 -0.962289929 0 -0.0341798775 0.973026216 0.228148744 0 0.355739176 0.877369642 -0.103243053 1
Late 496 503.5 hand_R 0.905459344 4.54485416e-06 -0.424432874 0 -0.149373621 0.936027288 -0.318654716 0 0.397279263 0.351927966 0.847535372 0 0.395506263 1.03100967 -0.36871478 1
Late 496 503.5 bat_grip 0.905459344 4.49460413e-06 -0.424432814 0 -0.149373591 0.936027229 -0.318654835 0 0.397279233 0.351928055 0.847535372 0 0.395506263 1.03100967 -0.36871478 1
Late 496 503.5 bat_barrel 0.905459404 4.47844104e-06 -0.424432695 0 -0.149373218 0.936027408 -0.318654209 0 0.397279233 0.35192737 0.84753567 0 0.267044961 1.83599305 -0.642757952 1
Late 496 503.5 bat_tip 0.905459285 4.46313925e-06 -0.424432904 0 -0.149373591 0.936027229 -0.318654835 0 0.397279322 0.351928055 0.847535312 0 0.21625796 2.15424252 -0.75110054 1
Late 496 503.5 arm_L_0 0.503466487 6.03497028e-06 0.864014804 0 0.841410339 0.227240294 -0.490296483 0 -0.196341902 0.973838627 0.114402682 0 -0.0615103692 0.933416605 -0.17714265 1
Late 496 503.5 arm_L_1 0.494950116 3.94880772e-06 0.868921578 0 0.771917343 0.459140331 -0.439697385 0 -0.398958623 0.888363779 0.22724846 0 0.140136942 0.897875965 -0.294638395 1
Late 496 503.5 arm_L_2 0.474485576 -1.56611204e-05 0.880263329 0 0.565428019 0.766425371 -0.30476743 0 -0.674651384 0.642333329 0.363666564 0 0.284005225 0.983451068 -0.376583993 1
Late 496 503.5 hand_L 0.905458868 1.1920929e-06 -0.424433947 0 -0.149376333 0.936022639 -0.318666756 0 0.397279382 0.351939857 0.847530246 0 0.370094895 1.19013238 -0.42297709 1
Late 496 503.5 foot_R 0 4.37113883e-08 1 0 0.99999994 0 0 0 0 1 -4.37113883e-08 0 0.0799999833 0.0688500032 0.49000001 1
Late 496 503.5 foot_L 3.42285738e-08 4.37113883e-08 1 0 0.99999994 -7.48089758e-16 -3.42285773e-08 0 -7.48088858e-16 1 -4.37113883e-08 0 0.0799999833 0.0688500032 -0.339999974 1
Late 496 504.0 root 1 0 0 0 0 1 0 0 0 0 1 0 0 0 0 1
Late 496 504.0 pelvis 0.989138663 -1.19574342e-08 0.146985322 0 -2.24654944e-08 1 2.32532926e-07 0 -0.146985322 -2.33309407e-07 0.989138663 0 0.0232190453 0.531996846 0.0900371075 1
Late 496 504.0 chest 0.95864135 2.32002648e-08 -0.284616888 0 2.33799629e-08 1 1.60261948e-07 0 0.284616888 -1.60288067e-07 0.95864135 0 0.0232190415 0.931996584 0.0900371149 1
Late 496 504.0 head 0.999968231 1.66416569e-09 0.00797137618 0 -3.48904905e-10 1 -1.64999022e-07 0 -0.00797137618 1.64991022e-07 0.999968231 0 0.0232190341 1.31099939 0.0900371 1
Late 496 504.0 arm_R_0 0.807092726 -6.51925802e-07 0.590424657 0 0.590420604 0.00371302851 -0.807087123 0 -0.00219172076 0.999993086 0.00299718417 0 0.101483464 0.931996584 0.353641629 1
Late 496 504.0 arm_R_1 0.925364316 -1.78441405e-06 0.379078925 0 0.37621215 0.122752964 -0.918365896 0 -0.0465314165 0.992437243 0.113591917 0 0.257622153 0.842977166 0.14020811 1
Late 496 504.0 arm_R_2 0.988626719 -2.66265124e-06 0.150388971 0 0.146426424 0.22805652 -0.962574363 0 -0.034294609 0.973647892 0.225463197 0 0.35598278 0.875068724 -0.0998919681 1
Late 496 504.0 hand_R 0.905458689 2.60770321e-08 -0.424433887 0 -0.149366692 0.936030209 -0.318648875 0 0.397282898 0.35191974 0.847536862 0 0.396565676 1.02826905 -0.366658837 1
Late 496 504.0 bat_grip 0.905458689 -2.41733566e-08 -0.424433827 0 -0.149366662 0.936030149 -0.318648994 0 0.397282869 0.35191983 0.847536862 0 0.396565676 1.02826905 -0.366658837 1
Late 496 504.0 bat_barrel 0.905458748 -4.0337671e-08 -0.424433708 0 -0.149366289 0.936030328 -0.318648368 0 0.397282869 0.351919144 0.84753716 0 0.268110335 1.83325505 -0.640697002 1
Late 496 504.0 bat_tip 0.905458629 -5.56374395e-08 -0.424433917 0 -0.149366662 0.936030149 -0.318648994 0 0.397282958 0.35191983 0.847536802 0 0.217325687 2.15150547 -0.749037564 1
Late 496 504.0 arm_L_0 0.508376837 9.983778e-07 0.861134768 0 0.838712037 0.226713181 -0.495139867 0 -0.19523105 0.973961532 0.11525479 0 -0.0550452918 0.931996465 -0.173567072 1
Late 496 504.0 arm_L_1 0.501844227 -1.62422657e-06 0.864958107 0 0.767934322 0.460175574 -0.445550799 0 -0.398031771 0.887827933 0.23093763 0 0.144805267 0.896018863 -0.29154247 1
Late 496 504.0 arm_L_2 0.486037046 -8.88109207e-06 0.873938322 0 0.558040202 0.769595802 -0.310343951 0 -0.672576547 0.638531208 0.374056965 0 0.286878079 0.981154919 -0.373964399 1
Late 496 504.0 hand_L 0.905459106 -8.94069672e-08 -0.424433529 0 -0.149366572 0.936029911 -0.318649501 0 0.39728263 0.351919979 0.847537041 0 0.371173978 1.18739438 -0.420829266 1
Late 496 504.0 foot_R 0 4.37113883e-08 1 0 0.99999994 0 0 0 0 1 -4.37113883e-08 0 0.0799999833 0.0688500032 0.49000001 1
Late 496 504.0 foot_L -1.34358828e-07 4.37113918e-08 1 0 0.99999994 2.9365061e-15 1.34358842e-07 0 2.93650547e-15 1 -4.37113883e-08 0 0.0799999833 0.0688500032 -0.340000063 1
Late 496 504.5 root 1 0 0 0 0 1 0 0 0 0 1 0 0 0 0 1
Late 496 504.5 pelvis 0.982566535 -5.98720407e-09 0.185911149 0 -4.27117648e-08 1 2.57942304e-07 0 -0.185911149 -2.61386077e-07 0.982566535 0 0.0255778767 0.53118223 0.0936788321 1
Late 496 504.5 chest 0.964392364 5.08787679e-09 -0.264475495 0 2.30129018e-08 1 1.03152672e-07 0 0.264475495 -1.05566002e-07 0.964392364 0 0.025577873 0.931182027 0.0936788395 1
Late 496 504.5 head 0.999954283 6.61825617e-09 0.00956049562 0 -3.55151997e-09 1 -3.2079015e-07 0 -0.00956049562 3.20741549e-07 0.999954283 0 0.0255778693 1.31018472 0.0936788321 1
Late 496 504.5 arm_R_0 0.805778444 2.11810693e-05 0.592216969 0 0.592216492 0.0012188945 -0.805777788 0 -0.000738900388 0.999999225 0.000969655812 0 0.0983001664 0.931182027 0.358851463 1
Late 496 504.5 arm_R_1 0.923953056 1.46478415e-05 0.382505983 0 0.379758209 0.119608678 -0.917320609 0 -0.0457644612 0.992821038 0.11050728 0 0.255888849 0.841504514 0.144444078 1
Late 496 504.5 arm_R_2 0.987904489 8.78144056e-06 0.155063093 0 0.151090235 0.224853188 -0.962607086 0 -0.0348748602 0.974392653 0.222132221 0 0.355695546 0.872936666 -0.0966324583 1
Late 496 504.5 hand_R 0.905459762 1.26212835e-05 -0.42443186 0 -0.149384409 0.936023474 -0.318660557 0 0.397274286 0.35193795 0.847533345 0 0.397722512 1.02547491 -0.364377141 1
Late 496 504.5 bat_grip 0.905459762 1.25710339e-05 -0.424431801 0 -0.149384379 0.936023414 -0.318660676 0 0.397274256 0.351938039 0.847533345 0 0.397722512 1.02547491 -0.364377141 1
Late 496 504.5 bat_barrel 0.905459821 1.25548722e-05 -0.424431682 0 -0.149384007 0.936023593 -0.318660051 0 0.397274256 0.351937354 0.847533643 0 0.269251913 1.83045506 -0.63842535 1
Late 496 504.5 bat_tip 0.905459702 1.25395682e-05 -0.42443189 0 -0.149384379 0.936023414 -0.318660676 0 0.397274345 0.351938039 0.847533286 0 0.21846126 2.1487031 -0.746769905 1
Late 496 504.5 arm_L_0 0.512587726 1.26063824e-05 0.858634889 0 0.836444199 0.225869358 -0.499343812 0 -0.193945557 0.974157631 0.115767226 0 -0.0471443757 0.931181908 -0.171493471 1
Late 496 504.5 arm_L_1 0.507782638 8.28504562e-06 0.861485302 0 0.764157951 0.461719215 -0.450419873 0 -0.397767901 0.88702625 0.23444663 0 0.150449425 0.894540071 -0.289443493 1
Late 496 504.5 arm_L_2 0.496099859 -2.36034393e-05 0.86826551 0 0.549424708 0.774336636 -0.313903183 0 -0.672322273 0.632773936 0.384161174 0 0.290262133 0.9790169 -0.371844083 1
Late 496 504.5 hand_L 0.905458987 2.59280205e-06 -0.424433559 0 -0.149381533 0.936018944 -0.31867522 0 0.397277117 0.351949781 0.847527146 0 0.372291923 1.18460298 -0.418691337 1
Late 496 504.5 foot_R 0 4.37113883e-08 1 0 0.99999994 0 0 0 0 1 -4.37113883e-08 0 0.0799999833 0.0688500032 0.49000001 1
Late 496 504.5 foot_L -5.00651431e-08 4.37113883e-08 1 0 0.99999994 1.0942086e-15 5.00651467e-08 0 1.09420828e-15 1 -4.37113883e-08 0 0.0799999833 0.0688500032 -0.340000033 1
Late 496 505.0 root 1 0 0 0 0 1 0 0 0 0 1 0 0 0 0 1
Late 496 505.0 pelvis 0.974463165 -1.1297937e-09 0.224547327 0 -6.39451656e-08 1 2.82532881e-07 0 -0.224547327 -2.8967662e-07 0.974463165 0 0.0279367063 0.530367613 0.0973205641 1
Late 496 505.0 chest 0.969720304 -1.45127359e-08 -0.244217932 0 2.66638942e-08 1 4.64494008e-08 0 0.244217932 -5.15547356e-08 0.969720304 0 0.0279367026 0.930367529 0.0973205566 1
Late 496 505.0 head 0.999937773 5.82211079e-09 0.0111497641 0 -5.12301312e-10 1 -4.76228223e-07 0 -0.0111497641 4.76192895e-07 0.999937773 0 0.0279367026 1.30937004 0.0973205566 1
Late 496 505.0 arm_R_0 0.804460049 -3.68990004e-06 0.594006479 0 0.594006062 -0.0012752153 -0.804459512 0 0.000760473777 0.999999166 -0.00102363154 0 0.0950854868 0.93036741 0.363944799 1
Late 496 505.0 arm_R_1 0.922529578 -5.98654151e-06 0.385926038 0 0.383300006 0.116473436 -0.916250408 0 -0.0449446402 0.993193805 0.107452556 0 0.254124969 0.8400231 0.148567766 1
Late 496 505.0 arm_R_2 0.987160623 -6.89551234e-06 0.159729466 0 0.155757427 0.22166498 -0.962602735 0 -0.035399802 0.975122929 0.21882011 0 0.355386287 0.870789647 -0.0934757665 1
Late 496 505.0 hand_R 0.905458748 -2.60770321e-08 -0.424433857 0 -0.149366632 0.936030269 -0.318648905 0 0.397282779 0.3519198 0.847536802 0 0.398869753 1.02266479 -0.362185985 1
Late 496 505.0 bat_grip 0.905458748 -7.63274244e-08 -0.424433798 0 -0.149366602 0.936030209 -0.318649024 0 0.397282749 0.351919889 0.847536802 0 0.398869753 1.02266479 -0.362185985 1
Late 496 505.0 bat_barrel 0.905458808 -9.24917458e-08 -0.424433678 0 -0.14936623 0.936030388 -0.318648398 0 0.397282749 0.351919204 0.8475371 0 0.270414442 1.82765079 -0.636224151 1
Late 496 505.0 bat_tip 0.905458689 -1.07791514e-07 -0.424433887 0 -0.149366602 0.936030209 -0.318649024 0 0.397282839 0.351919889 0.847536743 0 0.219629839 2.1459012 -0.744564772 1
Late 496 505.0 arm_L_0 0.516786218 1.81794167e-06 0.856114507 0 0.834157348 0.225025401 -0.503532648 0 -0.192648351 0.974352896 0.116288394 0 -0.0392120779 0.93036747 -0.169303358 1
Late 496 505.0 arm_L_1 0.513696969 -2.4586916e-06 0.857971787 0 0.760353684 0.463261306 -0.455248535 0 -0.397463858 0.886221766 0.237977728 0 0.156128824 0.893064797 -0.287208974 1
Late 496 505.0 arm_L_2 0.506096244 -1.59293413e-05 0.862477064 0 0.540763259 0.779034138 -0.317302376 0 -0.671893835 0.626981556 0.394274831 0 0.293691933 0.976875722 -0.369560987 1
Late 496 505.0 hand_L 0.905458927 -1.49011612e-07 -0.424433589 0 -0.149366587 0.93603003 -0.318649471 0 0.39728272 0.351920009 0.847536981 0 0.373478264 1.18179035 -0.416356385 1
Late 496 505.0 foot_R 0 4.37113883e-08 1 0 0.99999994 0 0 0 0 1 -4.37113883e-08 0 0.0799999833 0.0688500032 0.49000001 1
Late 496 505.0 foot_L 3.42285418e-08 4.37113918e-08 1 0 0.99999994 -7.48088699e-16 -3.42285453e-08 0 -7.48088541e-16 1 -4.37113918e-08 0 0.0799999833 0.0688500032 -0.340000004 1
Late 496 505.5 root 1 0 0 0 0 1 0 0 0 0 1 0 0 0 0 1
Late 496 505.5 pelvis 0.965848446 -9.94854599e-09 0.259107709 0 -4.12926084e-08 1 1.92317486e-07 0 -0.259107709 -1.96448781e-07 0.965848446 0 0.0300370194 0.530185103 0.099706769 1
Late 496 505.5 chest 0.975517154 0.000108030705 -0.219923422 0 -0.000105417894 1 2.36161504e-05 0 0.219923422 1.45910775e-07 0.975517154 0 0.030037012 0.93018496 0.0997067764 1
Late 496 505.5 head 0.999916315 -4.0877805e-07 0.0129344761 0 3.9189672e-07 1 1.30776061e-06 0 -0.0129344761 -1.30257888e-06 0.999916315 0 0.0299969837 1.30918777 0.0997153595 1
Late 496 505.5 arm_R_0 0.800097466 2.0807609e-05 0.599870026 0 0.599863529 -0.004692683 -0.800088584 0 0.00279836869 0.999988973 -0.00376704708 0 0.0905047357 0.930184722 0.367919952 1
Late 496 505.5 arm_R_1 0.919109762 1.21444464e-05 0.394001842 0 0.391498625 0.112516046 -0.913273692 0 -0.0443426147 0.99364984 0.103409879 0 0.252125323 0.838917434 0.152375191 1
Late 496 505.5 arm_R_2 0.985642135 8.83173198e-06 0.168847501 0 0.164783359 0.218032718 -0.961929381 0 -0.0368227698 0.97594136 0.214900821 0 0.355965197 0.868757546 -0.0898382738 1
Late 496 505.5 hand_R 0.898081183 0.000277660787 -0.43982935 0 -0.159100384 0.932486951 -0.324276119 0 0.410045147 0.361203283 0.83749336 0 0.402027279 1.0197016 -0.35871917 1
Late 496 505.5 bat_grip 0.898081183 0.000277610961 -0.43982929 0 -0.159100369 0.932486892 -0.324276239 0 0.410045117 0.361203372 0.83749336 0 0.402027279 1.0197016 -0.35871917 1
Late 496 505.5 bat_barrel 0.898081243 0.000277596118 -0.439829171 0 -0.159099981 0.93248713 -0.324275613 0 0.410045117 0.361202687 0.837493658 0 0.265200913 1.82164025 -0.637596726 1
Late 496 505.5 bat_tip 0.898081124 0.000277578656 -0.439829379 0 -0.159100369 0.932486892 -0.324276239 0 0.410045207 0.361203372 0.8374933 0 0.211106837 2.13868618 -0.747850597 1
Late 496 505.5 arm_L_0 0.519821644 3.66866589e-05 0.854274929 0 0.832842112 0.222572625 -0.506789625 0 -0.190156743 0.97491616 0.115667403 0 -0.0304307006 0.93018508 -0.168506101 1
Late 496 505.5 arm_L_1 0.51801306 3.49283218e-05 0.855372906 0 0.757844508 0.463701904 -0.458968997 0 -0.39665392 0.885991454 0.24017702 0 0.162475601 0.891741872 -0.285877615 1
Late 496 505.5 arm_L_2 0.513566494 7.1823597e-06 0.858049989 0 0.532650828 0.78399086 -0.318812877 0 -0.672705472 0.6207726 0.402627438 0 0.297598183 0.974419236 -0.367701024 1
Late 496 505.5 hand_L 0.898058057 0.000139474869 -0.439876974 0 -0.158977032 0.932509065 -0.324273944 0 0.41014415 0.361146837 0.837469399 0 0.374937981 1.17822051 -0.413990527 1
Late 496 505.5 foot_R 0 4.37113883e-08 1 0 0.99999994 0 0 0 0 1 -4.37113883e-08 0 0.0799999833 0.0688500032 0.49000001 1
Late 496 505.5 foot_L 3.42285418e-08 4.37113918e-08 1 0 0.99999994 -7.48088699e-16 -3.42285453e-08 0 -7.48088541e-16 1 -4.37113918e-08 0 0.0799999833 0.0688500032 -0.340000004 1
Late 496 506.0 root 1 0 0 0 0 1 0 0 0 0 1 0 0 0 0 1
Late 496 506.0 pelvis 0.956008375 -1.54416568e-08 0.293339461 0 -1.54416568e-08 1 1.02966062e-07 0 -0.293339461 -1.02966062e-07 0.956008375 0 0.0321373343 0.530002534 0.102092974 1
Late 496 506.0 chest 0.98070538 0.000216069675 -0.195491761 0 -0.000212192841 1 4.07741827e-05 0 0.195491761 1.49449261e-06 0.98070538 0 0.0321373194 0.930002272 0.102092996 1
Late 496 506.0 head 0.999891758 3.41191253e-09 0.0147190392 0 3.66487996e-09 1 -4.80986728e-07 0 -0.014719069 4.8098434e-07 0.999891698 0 0.0320567749 1.30900514 0.102107719 1
Late 496 506.0 arm_R_0 0.795691967 -1.27777457e-05 0.605701506 0 0.605681539 -0.00811201148 -0.795665801 0 0.00492363889 0.999967098 -0.00644688308 0 0.0858865157 0.930002213 0.371727705 1
Late 496 506.0 arm_R_1 0.915620327 -1.59442425e-05 0.402044415 0 0.399669498 0.108567461 -0.910207212 0 -0.0436344221 0.994089067 0.0994129702 0 0.250092894 0.837798953 0.156041011 1
Late 496 506.0 arm_R_2 0.984040618 -1.43283978e-05 0.177944571 0 0.173808903 0.214417666 -0.96115315 0 -0.0381406695 0.976742029 0.210998163 0 0.3565211 0.866706669 -0.0863122195 1
Late 496 506.0 hand_R 0.890428603 0.000196330249 -0.455122828 0 -0.168723419 0.928886771 -0.329699516 0 0.422693014 0.370363653 0.82714051 0 0.405171484 1.01672316 -0.355332196 1
Late 496 506.0 bat_grip 0.890428603 0.00019628086 -0.455122769 0 -0.168723404 0.928886712 -0.329699636 0 0.422692984 0.370363742 0.82714051 0 0.405171484 1.01672316 -0.355332196 1
Late 496 506.0 bat_barrel 0.890428662 0.000196267341 -0.45512265 0 -0.168723017 0.92888695 -0.32969901 0 0.422693014 0.370363057 0.827140808 0 0.260069311 1.81556582 -0.638873875 1
Late 496 506.0 bat_tip 0.890428543 0.00019624774 -0.455122828 0 -0.168723404 0.928886712 -0.329699636 0 0.422693074 0.370363742 0.82714045 0 0.202703401 2.13138723 -0.750971675 1
Late 496 506.0 arm_L_0 0.522850454 3.74019146e-06 0.852424502 0 0.831517041 0.220117137 -0.510027647 0 -0.187635064 0.975473464 0.115085125 0 -0.0216118656 0.930002213 -0.167541414 1
Late 496 506.0 arm_L_1 0.522315919 1.40070915e-06 0.852752268 0 0.755334675 0.464140952 -0.462647915 0 -0.395797729 0.88576144 0.242427051 0 0.168861017 0.890429735 -0.284363002 1
Late 496 506.0 arm_L_2 0.520998001 -9.93907452e-06 0.853557944 0 0.524537444 0.788896799 -0.320160091 0 -0.673365891 0.614525795 0.411018789 0 0.30155611 0.971971035 -0.365630955 1
Late 496 506.0 hand_L 0.890428722 0.0001963377 -0.455122709 0 -0.168723315 0.928886712 -0.329699844 0 0.422692776 0.370363891 0.82714057 0 0.376489043 1.1746341 -0.411381215 1
Late 496 506.0 foot_R 0 4.37113883e-08 1 0 0.99999994 0 0 0 0 1 -4.37113883e-08 0 0.0799999833 0.0688500032 0.49000001 1
Late 496 506.0 foot_L 3.42285418e-08 4.37113918e-08 1 0 0.99999994 -7.48088699e-16 -3.42285453e-08 0 -7.48088541e-16 1 -4.37113918e-08 0 0.0799999833 0.0688500032 -0.340000004 1
Late 496 506.5 root 1 0 0 0 0 1 0 0 0 0 1 0 0 0 0 1
Late 496 506.5 pelvis 0.945654452 -1.45777701e-08 0.325173229 0 -1.45777701e-08 1 8.72252315e-08 0 -0.325173229 -8.72252315e-08 0.945654452 0 0.0342122577 0.530002475 0.103977337 1
Late 496 506.5 chest 0.985569775 0.000679625606 -0.16926834 0 -0.000670000736 0.999999762 0.000113978531 0 0.16926837 1.07611334e-06 0.985569954 0 0.0342122465 0.930002332 0.103977345 1
Late 496 506.5 head 0.999861836 -1.33366427e-06 0.0166243315 0 1.22073652e-06 1 6.80514131e-06 0 -0.0166243464 -6.78394008e-06 0.999861777 0 0.0339581668 1.30900502 0.104019552 1
Late 496 506.5 arm_R_0 0.785778105 3.30340117e-06 0.618508458 0 0.61846149 -0.0123420339 -0.785718083 0 0.00763107045 0.999923825 -0.00970009901 0 0.0807526931 0.930001795 0.374956757 1
Late 496 506.5 arm_R_1 0.908311665 -7.17863441e-06 0.418294162 0 0.416030586 0.103905961 -0.90339452 0 -0.0434567668 0.994587064 0.0943820029 0 0.249569744 0.836629868 0.160514638 1
Late 496 506.5 arm_R_2 0.980775595 -3.05473804e-06 0.19513835 0 0.190760255 0.210651606 -0.95876807 0 -0.0411032587 0.977561176 0.206602544 0 0.360613465 0.864362419 -0.0805925131 1
Late 496 506.5 hand_R 0.865877569 0.00195024163 -0.500251889 0 -0.205569252 0.91304785 -0.352256984 0 0.456066906 0.407847852 0.790988624 0 0.413886875 1.0131973 -0.348363042 1
Late 496 506.5 bat_grip 0.865877569 0.00195019401 -0.500251889 0 -0.205569237 0.913047791 -0.352257073 0 0.456066877 0.407847941 0.790988624 0 0.413886875 1.0131973 -0.348363042 1
Late 496 506.5 bat_barrel 0.865877628 0.00195018598 -0.50025177 0 -0.20556882 0.913048029 -0.352256477 0 0.456066936 0.407847255 0.790988922 0 0.237097293 1.7984184 -0.651304126 1
Late 496 506.5 bat_tip 0.865877509 0.00195015757 -0.500251949 0 -0.205569237 0.913047791 -0.352257073 0 0.456066966 0.407847941 0.790988564 0 0.167203784 2.10885477 -0.771071434 1
Late 496 506.5 arm_L_0 0.524454355 9.43094492e-05 0.851438582 0 0.831817031 0.213389575 -0.512391925 0 -0.18173638 0.976967156 0.111834526 0 -0.0123281777 0.930002749 -0.167001739 1
Late 496 506.5 arm_L_1 0.524627745 9.81688499e-05 0.85133177 0 0.755804539 0.460193694 -0.465812773 0 -0.391823113 0.887818575 0.24135609 0 0.175853461 0.888287425 -0.282902956 1
Late 496 506.5 arm_L_2 0.525139868 8.98689032e-05 0.851015925 0 0.519886792 0.791672945 -0.320892274 0 -0.673755109 0.610945106 0.415692151 0 0.306248903 0.967689812 -0.363260984 1
Late 496 506.5 hand_L 0.865804553 0.00139215589 -0.500380397 0 -0.205131531 0.913092017 -0.35239771 0 0.456402898 0.407751203 0.79084456 0 0.378868997 1.16826928 -0.40815717 1
Late 496 506.5 foot_R 0 4.37113883e-08 1 0 0.99999994 0 0 0 0 1 -4.37113883e-08 0 0.0799999833 0.0688500032 0.49000001 1
Late 496 506.5 foot_L 3.42285418e-08 4.37113918e-08 1 0 0.99999994 -7.48088699e-16 -3.42285453e-08 0 -7.48088541e-16 1 -4.37113918e-08 0 0.0799999833 0.0688500032 -0.340000004 1
Late 496 507.0 root 1 0 0 0 0 1 0 0 0 0 1 0 0 0 0 1
Late 496 507.0 pelvis 0.934240937 -1.31875133e-08 0.356642544 0 -1.31875133e-08 1 7.15221091e-08 0 -0.356642544 -7.15221091e-08 0.934240937 0 0.0362871811 0.530002356 0.105861709 1
Late 496 507.0 chest 0.989732921 0.0011431739 -0.142924577 0 -0.00113198254 0.999999344 0.000159614312 0 0.142924637 3.81251675e-06 0.989733577 0 0.0362871811 0.930002213 0.105861709 1
Late 496 507.0 head 0.999828279 1.23948212e-08 0.0185294449 0 -6.16506668e-09 1 -3.3959077e-07 0 -0.0185294747 3.39365897e-07 0.999828339 0 0.0358579978 1.30900455 0.105920941 1
Late 496 507.0 arm_R_0 0.775657296 -1.90204009e-05 0.63115418 0 0.631067276 -0.0165771861 -0.775550842 0 0.0104775243 0.999862492 -0.01284617 0 0.07558541 0.930002153 0.377993166 1
Late 496 507.0 arm_R_1 0.900716066 -2.27615237e-05 0.434408039 0 0.432265401 0.0992443115 -0.896268249 0 -0.0430921353 0.995062947 0.0894008279 0 0.249009535 0.835442901 0.16489099 1
Late 496 507.0 arm_R_2 0.977211893 -1.76373869e-05 0.212264895 0 0.207675874 0.206890315 -0.956068397 0 -0.0438986942 0.978363931 0.202179402 0 0.364655584 0.861994386 -0.0748777092 1
Late 496 507.0 hand_R 0.838978171 0.000689953566 -0.544164062 0 -0.242397204 0.895780563 -0.372586221 0 0.487194598 0.444495618 0.751707911 0 0.422523618 1.00965488 -0.341313064 1
Late 496 507.0 bat_grip 0.838978171 0.000689907931 -0.544164062 0 -0.242397204 0.895780504 -0.37258631 0 0.487194568 0.444495708 0.751707911 0 0.422523618 1.00965488 -0.341313064 1
Late 496 507.0 bat_barrel 0.838978231 0.000689905311 -0.544163942 0 -0.242396787 0.895780802 -0.372585744 0 0.487194657 0.444495052 0.751708269 0 0.21406199 1.7800262 -0.661737263 1
Late 496 507.0 bat_tip 0.838978112 0.000689868175 -0.544164121 0 -0.242397204 0.895780504 -0.37258631 0 0.487194657 0.444495708 0.751707852 0 0.131646961 2.08459163 -0.788416564 1
Late 496 507.0 arm_L_0 0.526055455 3.12924385e-06 0.850450397 0 0.832093716 0.206645936 -0.514701664 0 -0.175743595 0.978415787 0.108704463 0 -0.00301100919 0.930002213 -0.166269392 1
Late 496 507.0 arm_L_1 0.526934862 3.66568565e-06 0.849905849 0 0.756297052 0.456231922 -0.468900263 0 -0.387755692 0.889860988 0.240401566 0 0.182863399 0.88617444 -0.281238258 1
Late 496 507.0 arm_L_2 0.529268503 -1.4603138e-06 0.848454535 0 0.515315175 0.794429243 -0.321453929 0 -0.674036503 0.607356787 0.4204669 0 0.310960114 0.963460207 -0.360653341 1
Late 496 507.0 hand_L 0.838978529 0.000690102577 -0.54416424 0 -0.242397308 0.895780861 -0.37258634 0 0.487194747 0.444495559 0.751708031 0 0.381316394 1.16193795 -0.404653072 1
Late 496 507.0 foot_R 0 4.37113883e-08 1 0 0.99999994 0 0 0 0 1 -4.37113883e-08 0 0.0799999833 0.0688500032 0.49000001 1
Late 496 507.0 foot_L 3.42285418e-08 4.37113918e-08 1 0 0.99999994 -7.48088699e-16 -3.42285453e-08 0 -7.48088541e-16 1 -4.37113918e-08 0 0.0799999833 0.0688500032 -0.340000004 1
Late 496 507.5 root 1 0 0 0 0 1 0 0 0 0 1 0 0 0 0 1
Late 496 507.5 pelvis 0.922445357 3.64713704e-09 0.386127651 0 3.64713704e-09 1 -1.81582998e-08 0 -0.386127651 1.81582998e-08 0.922445357 0 0.0383438542 0.530002296 0.107532948 1
Late 496 507.5 chest 0.993113697 0.00196773256 -0.117138177 0 -0.00195431174 0.999998093 0.000229429919 0 0.117138386 1.07441053e-06 0.993115664 0 0.0383438505 0.930002213 0.107532941 1
Late 496 507.5 head 0.999790549 -1.68063548e-06 0.0204671994 0 1.4372996e-06 1 1.19002179e-05 0 -0.0204672217 -1.1868422e-05 0.999790549 0 0.0376030654 1.30900395 0.107618704 1
Late 496 507.5 arm_R_0 0.761500537 -1.05318613e-05 0.648164272 0 0.648015797 -0.0213887412 -0.761326551 0 0.0138714481 0.999771178 -0.0162806734 0 0.0705533177 0.930001557 0.380604774 1
Late 496 507.5 arm_R_1 0.890102744 -2.15731561e-05 0.455760121 0 0.453740299 0.0940811858 -0.886153817 0 -0.0428593159 0.995564342 0.0837517455 0 0.249776423 0.834084153 0.170066416 1
Late 496 507.5 arm_R_2 0.972071528 -1.23120844e-05 0.234684572 0 0.229798928 0.203032807 -0.951824784 0 -0.0476369299 0.979171813 0.197365344 0 0.371234775 0.859268963 -0.0671327636 1
Late 496 507.5 hand_R 0.811341465 0.00302708149 -0.584564567 0 -0.295864254 0.864577234 -0.4061656 0 0.504171729 0.50249064 0.702363312 0 0.434929997 1.00555587 -0.330991358 1
Late 496 507.5 bat_grip 0.811341465 0.00302703888 -0.584564567 0 -0.295864254 0.864577174 -0.406165689 0 0.504171669 0.502490699 0.702363312 0 0.434929997 1.00555587 -0.330991358 1
Late 496 507.5 bat_barrel 0.811341524 0.00302704494 -0.584564507 0 -0.295863777 0.864577472 -0.406165153 0 0.504171789 0.502490044 0.70236367 0 0.180486709 1.74909222 -0.680293798 1
Late 496 507.5 bat_tip 0.811341405 0.00302699395 -0.584564626 0 -0.295864254 0.864577174 -0.406165689 0 0.504171729 0.502490699 0.702363253 0 0.0798928738 2.04304886 -0.818390131 1
Late 496 507.5 arm_L_0 0.525379658 0.000144273043 0.850868046 0 0.83458674 0.194600582 -0.515359819 0 -0.165653691 0.980882525 0.102118671 0 0.00613446347 0.930002809 -0.165538609 1
Late 496 507.5 arm_L_1 0.525955975 0.000140532851 0.850511968 0 0.761040926 0.446382314 -0.470701218 0 -0.379719466 0.894842386 0.23467043 0 0.190084994 0.882910848 -0.279108703 1
Late 496 507.5 arm_L_2 0.527492166 0.000133112073 0.849559963 0 0.516278744 0.794115186 -0.320682436 0 -0.674691081 0.607767224 0.418820828 0 0.316251427 0.956926763 -0.357139915 1
Late 496 507.5 hand_L 0.811292231 0.00223812461 -0.58463645 0 -0.295365244 0.864560485 -0.406564921 0 0.504543424 0.502523959 0.702072263 0 0.384630173 1.15216565 -0.399734795 1
Late 496 507.5 foot_R 0 4.37113883e-08 1 0 0.99999994 0 0 0 0 1 -4.37113883e-08 0 0.0799999833 0.0688500032 0.49000001 1
Late 496 507.5 foot_L 3.42285418e-08 4.37113918e-08 1 0 0.99999994 -7.48088699e-16 -3.42285453e-08 0 -7.48088541e-16 1 -4.37113918e-08 0 0.0799999833 0.0688500032 -0.340000004 1
Late 496 508.0 root 1 0 0 0 0 1 0 0 0 0 1 0 0 0 0 1
Late 496 508.0 pelvis 0.909719467 2.33209239e-08 0.41522342 0 2.33209239e-08 1 -1.07258955e-07 0 -0.41522342 1.07258955e-07 0.909719467 0 0.0404005311 0.530002236 0.109204181 1
Late 496 508.0 chest 0.995822012 0.00279229414 -0.0912723839 0 -0.00278091989 0.999996126 0.000251794467 0 0.0912727416 3.07866731e-06 0.995825887 0 0.0404005274 0.930002272 0.109204173 1
Late 496 508.0 head 0.999748945 1.94636982e-08 0.0224050209 0 -1.34286893e-08 1 -2.79474534e-07 0 -0.0224050134 2.79073674e-07 0.999748945 0 0.0393465161 1.30900323 0.109298475 1
Late 496 508.0 arm_R_0 0.746968985 -1.48843974e-05 0.664858818 0 0.664630234 -0.0262052026 -0.746712685 0 0.0174338836 0.999656618 -0.0195645392 0 0.0654988587 0.930002332 0.383031696 1
Late 496 508.0 arm_R_1 0.87898463 -1.72145665e-05 0.476850241 0 0.47496295 0.0889113471 -0.875502527 0 -0.0423823297 0.99603951 0.0781599358 0 0.250486672 0.832706392 0.175215304 1
Late 496 508.0 arm_R_2 0.966418684 -1.2498349e-05 0.256972492 0 0.251826406 0.199168473 -0.947056115 0 -0.0511689782 0.97996521 0.192483336 0 0.377696335 0.856521189 -0.0592675619 1
Late 496 508.0 hand_R 0.781646192 0.00043143332 -0.623721778 0 -0.34839344 0.829757988 -0.43603164 0 0.517350137 0.558123052 0.648727655 0 0.447128147 1.00144541 -0.320417285 1
Late 496 508.0 bat_grip 0.781646192 0.000431394292 -0.623721778 0 -0.34839344 0.829757929 -0.436031729 0 0.517350078 0.558123112 0.648727655 0 0.447128147 1.00144541 -0.320417285 1
Late 496 508.0 bat_barrel 0.781646252 0.000431409309 -0.623721719 0 -0.348392963 0.829758286 -0.436031252 0 0.517350256 0.558122516 0.648728073 0 0.147509754 1.71503723 -0.69540453 1
Late 496 508.0 bat_tip 0.781646132 0.000431344379 -0.623721838 0 -0.34839344 0.829757929 -0.436031729 0 0.517350137 0.558123112 0.648727596 0 0.0290559828 1.99715519 -0.843655348 1
Late 496 508.0 arm_L_0 0.524699748 -1.54972076e-06 0.851287365 0 0.836988389 0.182515338 -0.515886307 0 -0.155372113 0.983202994 0.0957669318 0 0.0153023265 0.930002093 -0.164623156 1
Late 496 508.0 arm_L_1 0.524972737 -1.25169754e-06 0.851119101 0 0.765768588 0.436468989 -0.472327858 0 -0.371486306 0.899719298 0.22913523 0 0.197279841 0.879695475 -0.276783377 1
Late 496 508.0 arm_L_2 0.525709987 -1.04308128e-07 0.85066396 0 0.517361403 0.793795049 -0.319729239 0 -0.675252676 0.608185291 0.417306036 0 0.321479321 0.950501978 -0.353389561 1
Late 496 508.0 hand_L 0.781646311 0.000431627035 -0.623721838 0 -0.34839344 0.829758048 -0.436031818 0 0.517350018 0.558123052 0.648727655 0 0.387901455 1.14250398 -0.394542605 1
Late 496 508.0 foot_R 0 4.37113883e-08 1 0 0.99999994 0 0 0 0 1 -4.37113883e-08 0 0.0799999833 0.0688500032 0.49000001 1
Late 496 508.0 foot_L 3.42285418e-08 4.37113918e-08 1 0 0.99999994 -7.48088699e-16 -3.42285453e-08 0 -7.48088541e-16 1 -4.37113918e-08 0 0.0799999833 0.0688500032 -0.340000004 1
Late 496 508.5 root 1 0 0 0 0 1 0 0 0 0 1 0 0 0 0 1
Late 496 508.5 pelvis 0.897226155 3.14016169e-09 0.441571295 0 3.14016169e-09 1 -1.3491813e-08 0 -0.441571295 1.3491813e-08 0.897226155 0 0.0423134416 0.530002117 0.110630587 1
Late 496 508.5 chest 0.99783653 0.00384968729 -0.065631777 0 -0.00384150865 0.999992609 0.000250812969 0 0.0656322539 1.8543634e-06 0.997843921 0 0.0423134379 0.930002153 0.110630579 1
Late 496 508.5 head 0.999705315 -1.26252473e-06 0.0242760479 0 9.21271862e-07 1 1.40748216e-05 0 -0.0242760479 -1.40487155e-05 0.999705315 0 0.0408575125 1.30900145 0.110724248 1
Late 496 508.5 arm_R_0 0.730993927 -1.39004551e-05 0.682383895 0 0.682049036 -0.0313143283 -0.730635703 0 0.0213785656 0.999509573 -0.0228810664 0 0.0603610426 0.930001736 0.385011196 1
Late 496 508.5 arm_R_1 0.86658442 -2.48737633e-05 0.499030679 0 0.497290313 0.0834857523 -0.863557935 0 -0.0416404791 0.996508896 0.0723598376 0 0.251176089 0.83123976 0.180620566 1
Late 496 508.5 arm_R_2 0.959861696 -1.39605254e-05 0.280473739 0 0.275080681 0.195206523 -0.941395283 0 -0.054737173 0.980762064 0.187375128 0 0.384229541 0.853579223 -0.0504293963 1
Late 496 508.5 hand_R 0.765134692 0.00219234824 -0.643866539 0 -0.397472531 0.788317561 -0.469649881 0 0.506541669 0.615264535 0.604040563 0 0.459521562 0.997021139 -0.308137894 1
Late 496 508.5 bat_grip 0.765134692 0.00219231308 -0.643866539 0 -0.397472531 0.788317502 -0.469649971 0 0.50654161 0.615264595 0.604040563 0 0.459521562 0.997021139 -0.308137894 1
Late 496 508.5 bat_barrel 0.765134752 0.00219233753 -0.643866479 0 -0.397472054 0.788317919 -0.469649523 0 0.506541789 0.615263999 0.60404098 0 0.117695153 1.6749742 -0.712036848 1
Late 496 508.5 bat_tip 0.765134633 0.00219225814 -0.643866599 0 -0.397472531 0.788317502 -0.469649971 0 0.506541669 0.615264595 0.604040504 0 -0.0174455047 1.94300234 -0.87171787 1
Late 496 508.5 arm_L_0 0.521249831 0.000157684088 0.853404284 0 0.841470838 0.166551441 -0.513991892 0 -0.142216682 0.986032844 0.0866821259 0 0.0242659133 0.930002511 -0.163749814 1
Late 496 508.5 arm_L_1 0.519863844 0.00012382865 0.854249358 0 0.774455309 0.421940595 -0.471365392 0 -0.360500693 0.906623662 0.219255611 0 0.204662904 0.875732183 -0.273923069 1
Late 496 508.5 arm_L_2 0.515871644 7.58767128e-05 0.856666088 0 0.523691714 0.791360497 -0.315429509 0 -0.677955449 0.611350119 0.408200502 0 0.327282816 0.942559123 -0.348557711 1
Late 496 508.5 hand_L 0.765143275 0.00166234374 -0.643857956 0 -0.397181481 0.78827703 -0.469964564 0 0.50675714 0.615318537 0.603805065 0 0.392088354 1.13062298 -0.387712926 1
Late 496 508.5 foot_R 0 4.37113883e-08 1 0 0.99999994 0 0 0 0 1 -4.37113883e-08 0 0.0799999833 0.0688500032 0.49000001 1
Late 496 508.5 foot_L 3.42285418e-08 4.37113918e-08 1 0 0.99999994 -7.48088699e-16 -3.42285453e-08 0 -7.48088541e-16 1 -4.37113918e-08 0 0.0799999833 0.0688500032 -0.340000004 1
Late 496 509.0 root 1 0 0 0 0 1 0 0 0 0 1 0 0 0 0 1
Late 496 509.0 pelvis 0.883969963 -1.97659631e-08 0.467543751 0 -1.97659631e-08 1 7.96470516e-08 0 -0.467543751 -7.96470516e-08 0.883969963 0 0.0442263484 0.530001998 0.112056993 1
Late 496 509.0 chest 0.999189794 0.00490707019 -0.0399476886 0 -0.00490332348 0.99998796 0.000191764906 0 0.0399481356 4.26693441e-06 0.999201834 0 0.0442263521 0.930002034 0.112056985 1
Late 496 509.0 head 0.999658167 2.80916197e-08 0.0261471681 0 -1.78433339e-08 1 -3.65223514e-07 0 -0.0261471793 3.64656444e-07 0.999658167 0 0.0423680618 1.30899942 0.112128012 1
Late 496 509.0 arm_R_0 0.714605153 -1.89789571e-05 0.699528098 0 0.69906348 -0.0364265628 -0.714131296 0 0.0254949741 0.999336243 -0.0260173026 0 0.0552113242 0.930002093 0.38680914 1
Late 496 509.0 arm_R_1 0.853625894 -2.16439366e-05 0.520886779 0 0.51929909 0.0780532509 -0.851020634 0 -0.0406384952 0.996949077 0.06663955 0 0.251789272 0.82975626 0.186010495 1
Late 496 509.0 arm_R_2 0.952735603 -1.53761357e-05 0.303800792 0 0.298196703 0.191235915 -0.93515116 0 -0.0580832548 0.981544018 0.182201877 0 0.390589207 0.850621402 -0.0414546616 1
Late 496 509.0 hand_R 0.747948706 0.000267848372 -0.66375643 0 -0.444345593 0.743067384 -0.500407696 0 0.493081748 0.669216394 0.555895448 0 0.471611112 0.992595911 -0.295586675 1
Late 496 509.0 bat_grip 0.747948706 0.000267817202 -0.663756371 0 -0.444345593 0.743067324 -0.500407815 0 0.493081689 0.669216454 0.555895388 0 0.471611112 0.992595911 -0.295586675 1
Late 496 509.0 bat_barrel 0.747948766 0.000267850846 -0.663756251 0 -0.444345146 0.743067741 -0.500407398 0 0.493081927 0.669215918 0.555895865 0 0.0894738734 1.63163376 -0.725937366 1
Late 496 509.0 bat_tip 0.747948647 0.000267757365 -0.66375643 0 -0.444345593 0.743067324 -0.500407815 0 0.493081748 0.669216454 0.555895329 0 -0.0616036355 1.88427687 -0.896076083 1
Late 496 509.0 arm_L_0 0.517784178 -1.10715628e-05 0.855511427 0 0.845763922 0.150531664 -0.511882842 0 -0.128775835 0.988605201 0.0779521763 0 0.0332414061 0.930001974 -0.162694916 1
Late 496 509.0 arm_L_1 0.514728367 -1.61975622e-05 0.857353449 0 0.783022821 0.407291323 -0.470095038 0 -0.34918493 0.913298368 0.209657028 0 0.211974293 0.871829629 -0.270872056 1
Late 496 509.0 arm_L_2 0.505956769 -2.07126141e-06 0.862559021 0 0.530056655 0.788904727 -0.31091696 0 -0.680476189 0.614515603 0.399152726 0 0.332929343 0.934770405 -0.343495131 1
Late 496 509.0 hand_L 0.747948825 0.000267773867 -0.66375649 0 -0.444345623 0.743067443 -0.500407815 0 0.493081748 0.669216514 0.555895448 0 0.396072477 1.11891758 -0.380655944 1
Late 496 509.0 foot_R 0 4.37113883e-08 1 0 0.99999994 0 0 0 0 1 -4.37113883e-08 0 0.0799999833 0.0688500032 0.49000001 1
Late 496 509.0 foot_L 3.42285418e-08 4.37113918e-08 1 0 0.99999994 -7.48088699e-16 -3.42285453e-08 0 -7.48088541e-16 1 -4.37113918e-08 0 0.0799999833 0.0688500032 -0.340000004 1
Late 496 509.5 root 1 0 0 0 0 1 0 0 0 0 1 0 0 0 0 1
Late 496 509.5 pelvis 0.871708572 -2.12769411e-08 0.490024716 0 -2.12769411e-08 1 8.12698531e-08 0 -0.490024716 -8.12698531e-08 0.871708572 0 0.045886144 0.530001879 0.113219179 1
Late 496 509.5 chest 0.999881744 0.00604642462 -0.0141448975 0 -0.00604594359 0.999981701 7.67840538e-05 0 0.0141451359 8.74349371e-06 0.999899983 0 0.0458861403 0.930001795 0.113219179 1
Late 496 509.5 head 0.999612272 -4.95318886e-07 0.0278470553 0 1.29302606e-07 0.99999994 1.31694105e-05 0 -0.0278470218 -1.31615889e-05 0.999612153 0 0.0435950868 1.30899656 0.113244794 1
Late 496 509.5 arm_R_0 0.69895792 -2.69152224e-05 0.715162814 0 0.714546502 -0.0414816886 -0.698357046 0 0.029684972 0.99913919 -0.0289746821 0 0.0497752801 0.930001795 0.388135582 1
Late 496 509.5 arm_R_1 0.841078281 -3.92012298e-05 0.540913403 0 0.539483845 0.0727148503 -0.838850081 0 -0.0392995588 0.99735266 0.06118007 0 0.251385689 0.828294516 0.191115573 1
Late 496 509.5 arm_R_2 0.945620954 -2.2996217e-05 0.325270444 0 0.319516033 0.187334001 -0.928878546 0 -0.0609128624 0.982296169 0.177154362 0 0.395232528 0.847689033 -0.0325648896 1
Late 496 509.5 hand_R 0.743433595 0.00109949708 -0.668808818 0 -0.476562887 0.70248729 -0.528582275 0 0.469248652 0.711695194 0.522776604 0 0.481314629 0.988186836 -0.282905817 1
Late 496 509.5 bat_grip 0.743433595 0.00109946937 -0.668808758 0 -0.476562858 0.70248723 -0.528582394 0 0.469248593 0.711695254 0.522776544 0 0.481314629 0.988186836 -0.282905817 1
Late 496 509.5 bat_barrel 0.743433654 0.00109951058 -0.668808639 0 -0.476562411 0.702487707 -0.528581977 0 0.469248861 0.711694717 0.522777021 0 0.0714705288 1.59232593 -0.73748666 1
Late 496 509.5 bat_tip 0.743433535 0.00109940569 -0.668808818 0 -0.476562858 0.70248723 -0.528582394 0 0.469248652 0.711695254 0.522776484 0 -0.0905608237 1.83117175 -0.917204738 1
Late 496 509.5 arm_L_0 0.5125615 0.000126108527 0.858650625 0 0.85090518 0.133939832 -0.507957637 0 -0.115071483 0.990989447 0.068544969 0 0.0419970192 0.930001736 -0.161696985 1
Late 496 509.5 arm_L_1 0.506804466 5.71757555e-05 0.862061203 0 0.793224633 0.391538084 -0.466361493 0 -0.337556332 0.920161963 0.198387787 0 0.219286919 0.86795187 -0.267525256 1
Late 496 509.5 arm_L_2 0.489588916 -1.85221434e-05 0.871953487 0 0.538572252 0.786450446 -0.302383482 0 -0.685742676 0.61765343 0.385047197 0 0.338804901 0.926996469 -0.337811589 1
Late 496 509.5 hand_L 0.743435204 0.000954806805 -0.668807387 0 -0.476484418 0.702490509 -0.52864933 0 0.469326258 0.711692572 0.52271086 0 0.40046221 1.10732412 -0.372624308 1
Late 496 509.5 foot_R 0 4.37113883e-08 1 0 0.99999994 0 0 0 0 1 -4.37113883e-08 0 0.0799999833 0.0688500032 0.49000001 1
Late 496 509.5 foot_L 3.42285418e-08 4.37113918e-08 1 0 0.99999994 -7.48088699e-16 -3.42285453e-08 0 -7.48088541e-16 1 -4.37113918e-08 0 0.0799999833 0.0688500032 -0.340000004 1
Late 496 510.0 root 1 0 0 0 0 1 0 0 0 0 1 0 0 0 0 1
Late 496 510.0 pelvis 0.858875573 -2.28289725e-08 0.512184322 0 -2.28289725e-08 1 8.28534183e-08 0 -0.512184322 -8.28534183e-08 0.858875573 0 0.047545936 0.53000176 0.114381365 1
Late 496 510.0 chest 0.999906123 0.0071857702 0.0116671324 0 -0.00718512945 0.999974191 -9.68254171e-05 0 -0.0116675496 1.29858718e-05 0.999931931 0 0.0475459285 0.930001557 0.114381365 1
Late 496 510.0 head 0.999563396 2.03446433e-08 0.0295469966 0 -5.12636689e-09 1 -5.34048013e-07 0 -0.0295470208 5.33060302e-07 0.999563396 0 0.044823505 1.3089931 0.114339367 1
Late 496 510.0 arm_R_0 0.682965636 -5.06646466e-05 0.730450451 0 0.729657531 -0.0465384163 -0.682227254 0 0.0340285897 0.998916447 -0.0317471251 0 0.0443380103 0.930001557 0.389278829 1
Late 496 510.0 arm_R_1 0.828062177 -5.72279096e-05 0.560636461 0 0.559365809 0.0673735291 -0.826178193 0 -0.0377247855 0.997727752 0.0558215231 0 0.250903517 0.826820552 0.196167201 1
Late 496 510.0 arm_R_2 0.938025177 -4.06000763e-05 0.346567243 0 0.340693951 0.183429763 -0.922106802 0 -0.063533321 0.983032763 0.172075585 0 0.399691045 0.844750404 -0.0236109477 1
Late 496 510.0 hand_R 0.738745451 0.000138446689 -0.673984468 0 -0.506663918 0.659569025 -0.55521214 0 0.444462448 0.751644015 0.487323821 0 0.490700603 0.983789802 -0.27005595 1
Late 496 510.0 bat_grip 0.738745511 0.000138422547 -0.673984408 0 -0.506663918 0.659568965 -0.555212259 0 0.444462389 0.751644075 0.487323791 0 0.490700603 0.983789802 -0.27005595 1
Late 496 510.0 bat_barrel 0.73874563 0.000138471194 -0.673984289 0 -0.506663442 0.659569442 -0.555211902 0 0.444462687 0.751643598 0.487324297 0 0.0549696088 1.55101919 -0.747538447 1
Late 496 510.0 bat_tip 0.738745451 0.000138355346 -0.673984468 0 -0.506663918 0.659568965 -0.555212259 0 0.444462448 0.751644075 0.487323731 0 -0.1172961 1.77527285 -0.936310709 1
Late 496 510.0 arm_L_0 0.507310987 -4.81158495e-05 0.86176312 0 0.855816841 0.117299587 -0.503804088 0 -0.101060137 0.99309653 0.0595484227 0 0.0507538617 0.930001497 -0.160515845 1
Late 496 510.0 arm_L_1 0.498826653 -7.47591257e-05 0.866701901 0 0.803237498 0.375657409 -0.462267697 0 -0.325548291 0.926758647 0.187447846 0 0.226508319 0.86413765 -0.263995528 1
Late 496 510.0 arm_L_2 0.473034561 -3.55392694e-05 0.88104403 0 0.546958506 0.783974946 -0.293631881 0 -0.690706015 0.620792389 0.370866627 0 0.344484895 0.919386804 -0.331920981 1
Late 496 510.0 hand_L 0.738745451 0.000138610601 -0.673984647 0 -0.506664038 0.659569025 -0.555212259 0 0.444462419 0.751643956 0.487323821 0 0.404567808 1.09591639 -0.364441901 1
Late 496 510.0 foot_R 0 4.37113883e-08 1 0 0.99999994 0 0 0 0 1 -4.37113883e-08 0 0.0799999833 0.0688500032 0.49000001 1
Late 496 510.0 foot_L 3.42285418e-08 4.37113918e-08 1 0 0.99999994 -7.48088699e-16 -3.42285453e-08 0 -7.48088541e-16 1 -4.37113918e-08 0 0.0799999833 0.0688500032 -0.340000004 1
Late 496 510.5 root 1 0 0 0 0 1 0 0 0 0 1 0 0 0 0 1
Late 496 510.5 pelvis 0.84793067 -3.26563709e-09 0.5301072 0 -3.26563909e-09 1 1.13838743e-08 0 -0.5301072 -1.13838752e-08 0.84793067 0 0.048871398 0.53000164 0.115273193 1
Late 496 510.5 chest 0.999363065 0.00824101362 0.0347218812 0 -0.00823532045 0.999966025 -0.000306992792 0 -0.0347232521 2.08506735e-05 0.999397039 0 0.0488713905 0.930001497 0.1152732 1
Late 496 510.5 head 0.999520361 1.33087866e-07 0.0309689064 0 -4.32455977e-07 0.99999994 9.64445826e-06 0 -0.030968925 -9.65398795e-06 0.999520421 0 0.0457518212 1.30898976 0.11514923 1
Late 496 510.5 arm_R_0 0.669628143 -5.85201196e-05 0.742696524 0 0.741723776 -0.0511127934 -0.668755114 0 0.0380004458 0.998692811 -0.0341831297 0 0.0393268354 0.930001795 0.389986783 1
Late 496 510.5 arm_R_1 0.817164898 -7.06277788e-05 0.576404035 0 0.575276434 0.0626166165 -0.815558791 0 -0.0360348746 0.998037457 0.0512087718 0 0.249568477 0.825508535 0.200446874 1
Late 496 510.5 arm_R_2 0.931589067 -4.38764691e-05 0.363512963 0 0.357585222 0.179965064 -0.916376293 0 -0.0653794259 0.983672857 0.167669252 0 0.402041614 0.842119038 -0.0157557242 1
Late 496 510.5 hand_R 0.741952002 0.000190600753 -0.670452893 0 -0.521882653 0.627928674 -0.577359557 0 0.420886546 0.778270721 0.46599251 0 0.496744245 0.979834914 -0.258621901 1
Late 496 510.5 bat_grip 0.741952062 0.000190579158 -0.670452833 0 -0.521882653 0.627928615 -0.577359676 0 0.420886487 0.778270781 0.465992481 0 0.496744245 0.979834914 -0.258621901 1
Late 496 510.5 bat_barrel 0.741952181 0.000190632956 -0.670452714 0 -0.521882236 0.627929151 -0.577359319 0 0.420886785 0.778270304 0.465992987 0 0.0479251146 1.51985359 -0.755151212 1
Late 496 510.5 bat_tip 0.741952002 0.000190509571 -0.670452893 0 -0.521882653 0.627928615 -0.577359676 0 0.420886546 0.778270781 0.465992421 0 -0.129514962 1.73334956 -0.951453567 1
Late 496 510.5 arm_L_0 0.502136886 4.47183847e-05 0.864788294 0 0.860176325 0.103112966 -0.499464452 0 -0.0891931057 0.994669735 0.0517382622 0 0.0584159717 0.93000114 -0.15944016 1
Late 496 510.5 arm_L_1 0.49075073 -4.47332859e-05 0.871300101 0 0.812214315 0.362001538 -0.457452863 0 -0.315391362 0.932177663 0.177688777 0 0.232808873 0.86097914 -0.260716289 1
Late 496 510.5 arm_L_2 0.45488596 -5.71012497e-05 0.890549719 0 0.554146707 0.782834947 -0.283003807 0 -0.697137177 0.622229576 0.356132209 0 0.349429697 0.913056433 -0.326445401 1
Late 496 510.5 hand_L 0.741927445 0.000235021114 -0.67048043 0 -0.521908045 0.627959609 -0.577303171 0 0.420898914 0.778246045 0.466022849 0 0.408128649 1.08643782 -0.3567231 1
Late 496 510.5 foot_R 0 4.37113883e-08 1 0 0.99999994 0 0 0 0 1 -4.37113883e-08 0 0.0799999833 0.0688500032 0.49000001 1
Late 496 510.5 foot_L 3.42285418e-08 4.37113918e-08 1 0 0.99999994 -7.48088699e-16 -3.42285453e-08 0 -7.48088541e-16 1 -4.37113918e-08 0 0.0799999833 0.0688500032 -0.340000004 1
Late 496 511.0 root 1 0 0 0 0 1 0 0 0 0 1 0 0 0 0 1
Late 496 511.0 pelvis 0.836611867 1.77941928e-08 0.54779613 0 1.77941892e-08 1 -5.96591008e-08 0 -0.54779613 5.96591008e-08 0.836611867 0 0.0501968563 0.530001521 0.11616502 1
Late 496 511.0 chest 0.99828732 0.00929626171 0.057757616 0 -0.00927920826 0.999956787 -0.000563450623 0 -0.0577603877 2.65405251e-05 0.998330474 0 0.0501968488 0.930001438 0.11616502 1
Late 496 511.0 head 0.9994753 3.01231466e-08 0.0323906355 0 -3.92503807e-09 1 -8.21197318e-07 0 -0.0323906615 8.20522473e-07 0.9994753 0 0.0466826297 1.30898595 0.115941577 1
Late 496 511.0 arm_R_0 0.656068623 -8.68863426e-05 0.754701078 0 0.753526866 -0.0556881428 -0.655054271 0 0.0420848317 0.998448133 -0.0364697352 0 0.0343224593 0.930001438 0.390548646 1
Late 496 511.0 arm_R_1 0.805968344 -9.47229564e-05 0.591958404 0 0.590971172 0.0578597039 -0.804614842 0 -0.0341743343 0.998324633 0.0466891229 0 0.248172954 0.824190438 0.204653576 1
Late 496 511.0 arm_R_2 0.924848974 -6.56824559e-05 0.38033393 0 0.374373525 0.176503241 -0.910324574 0 -0.0670704022 0.984299958 0.163263515 0 0.404245377 0.839490533 -0.00790796056 1
Late 496 511.0 hand_R 0.745057762 -0.00033646822 -0.666999698 0 -0.535803974 0.595266283 -0.598808825 0 0.397243917 0.803528368 0.443327457 0 0.502539933 0.975900292 -0.247136265 1
Late 496 511.0 bat_grip 0.745057821 -0.000336487225 -0.666999638 0 -0.535803974 0.595266223 -0.598808944 0 0.397243857 0.803528428 0.443327427 0 0.502539933 0.975900292 -0.247136265 1
Late 496 511.0 bat_barrel 0.74505794 -0.000336428406 -0.666999519 0 -0.535803556 0.595266759 -0.598808587 0 0.397244155 0.803528011 0.443327963 0 0.0417484641 1.48782921 -0.762112021 1
Late 496 511.0 bat_tip 0.745057762 -0.000336559053 -0.666999698 0 -0.535803974 0.595266223 -0.598808944 0 0.397243917 0.803528428 0.443327367 0 -0.140424848 1.69022 -0.965707064 1
Late 496 511.0 arm_L_0 0.496937513 -9.27820802e-05 0.867786407 0 0.86435473 0.0888971984 -0.49496305 0 -0.0770977437 0.996040821 0.0442563891 0 0.0660712793 0.930001378 -0.158218443 1
Late 496 511.0 arm_L_1 0.482622445 -0.000149309635 0.875828683 0 0.821025848 0.348257393 -0.452364385 0 -0.304946065 0.93739903 0.168199271 0 0.239032984 0.857871532 -0.257299304 1
Late 496 511.0 arm_L_2 0.436535895 -2.77161598e-05 0.899687052 0 0.561119258 0.781685889 -0.272236049 0 -0.703264832 0.623672366 0.341249287 0 0.354216695 0.906854212 -0.320825666 1
Late 496 511.0 hand_L 0.745057762 -0.000336498022 -0.666999817 0 -0.535804033 0.595266342 -0.598809183 0 0.397244036 0.803528309 0.443327367 0 0.411453605 1.07709563 -0.348934025 1
Late 496 511.0 foot_R 0 4.37113883e-08 1 0 0.99999994 0 0 0 0 1 -4.37113883e-08 0 0.0799999833 0.0688500032 0.49000001 1
Late 496 511.0 foot_L 3.42285418e-08 4.37113918e-08 1 0 0.99999994 -7.48088699e-16 -3.42285453e-08 0 -7.48088541e-16 1 -4.37113918e-08 0 0.0799999833 0.0688500032 -0.340000004 1
Late 496 511.5 root 1 0 0 0 0 1 0 0 0 0 1 0 0 0 0 1
Late 496 511.5 pelvis 0.828178465 6.3186687e-09 0.560464501 0 6.31866692e-09 1 -2.06108552e-08 0 -0.560464501 2.06108552e-08 0.828178465 0 0.0511468649 0.530001402 0.116794534 1
Late 496 511.5 chest 0.997137189 0.0100935157 0.0749370456 0 -0.0100640822 0.999949038 -0.000770403538 0 -0.0749410093 1.40253233e-05 0.997187972 0 0.0511468612 0.930001259 0.116794541 1
Late 496 511.5 head 0.999441147 1.51853271e-07 0.033428289 0 -3.27467319e-07 0.99999994 5.23487142e-06 0 -0.033428289 -5.24299776e-06 0.999441147 0 0.0473339558 1.30898309 0.116497621 1
Late 496 511.5 arm_R_0 0.646139503 -3.69506888e-05 0.763219237 0 0.761882901 -0.0591216087 -0.645010948 0 0.045146592 0.998250723 -0.0381726101 0 0.0305445343 0.930001497 0.390942603 1
Late 496 511.5 arm_R_1 0.79772681 -4.33400273e-05 0.603018999 0 0.602131009 0.054307811 -0.796548009 0 -0.0327141359 0.998524129 0.0433489382 0 0.246915996 0.823208511 0.207767904 1
Late 496 511.5 arm_R_2 0.919835389 -2.65836716e-05 0.392304361 0 0.386329979 0.173919499 -0.905815184 0 -0.0682053268 0.984759808 0.159987643 0 0.40551433 0.837522626 -0.00207139365 1
Late 496 511.5 hand_R 0.749226511 -6.91860914e-05 -0.662313819 0 -0.542965472 0.572584212 -0.614276528 0 0.379272938 0.819845796 0.428957701 0 0.506338418 0.97294426 -0.238575995 1
Late 496 511.5 bat_grip 0.74922657 -6.92033136e-05 -0.662313759 0 -0.542965472 0.572584152 -0.614276648 0 0.379272878 0.819845855 0.428957671 0 0.506338418 0.97294426 -0.238575995 1
Late 496 511.5 bat_barrel 0.749226689 -6.91411333e-05 -0.66231364 0 -0.542965055 0.572584689 -0.61427635 0 0.379273206 0.819845438 0.428958207 0 0.0393880606 1.4653666 -0.766853929 1
Late 496 511.5 bat_tip 0.749226511 -6.92766116e-05 -0.662313819 0 -0.542965472 0.572584152 -0.614276648 0 0.379272938 0.819845855 0.428957611 0 -0.14522016 1.66004539 -0.975708008 1
Late 496 511.5 arm_L_0 0.492947161 1.60187483e-05 0.870059311 0 0.867374837 0.0784848183 -0.491427809 0 -0.0682941824 0.996915221 0.0386748463 0 0.07174927 0.930000901 -0.157353431 1
Late 496 511.5 arm_L_1 0.476322562 -3.97264957e-05 0.879270852 0 0.827481806 0.338148475 -0.448251992 0 -0.297306061 0.94109273 0.161100492 0 0.243665755 0.855602145 -0.254767001 1
Late 496 511.5 arm_L_2 0.421911955 -3.15904617e-05 0.906636953 0 0.566075921 0.781138718 -0.263401568 0 -0.708200812 0.624357343 0.329589546 0 0.357807696 0.902308464 -0.316629648 1
Late 496 511.5 hand_L 0.749209225 -2.32458115e-05 -0.662333488 0 -0.542991161 0.572606206 -0.614233673 0 0.379270792 0.819830418 0.428989142 0 0.41408819 1.07021749 -0.342983514 1
Late 496 511.5 foot_R 0 4.37113883e-08 1 0 0.99999994 0 0 0 0 1 -4.37113883e-08 0 0.0799999833 0.0688500032 0.49000001 1
Late 496 511.5 foot_L 3.42285418e-08 4.37113918e-08 1 0 0.99999994 -7.48088699e-16 -3.42285453e-08 0 -7.48088541e-16 1 -4.37113918e-08 0 0.0799999833 0.0688500032 -0.340000004 1
Late 496 512.0 root 1 0 0 0 0 1 0 0 0 0 1 0 0 0 0 1
Late 496 512.0 pelvis 0.819553256 -5.74977488e-09 0.573003054 0 -5.74977488e-09 1 1.82582305e-08 0 -0.573003054 -1.82582305e-08 0.819553256 0 0.0520968698 0.530001283 0.117424048 1
Late 496 512.0 chest 0.995690823 0.0108907381 0.0920939147 0 -0.0108444579 0.999940693 -0.00100294733 0 -0.0920993686 -8.35644727e-08 0.995749831 0 0.0520968661 0.93000114 0.117424056 1
Late 496 512.0 head 0.999405921 -7.64152741e-10 0.034465868 0 1.02801323e-09 1 1.28895294e-09 0 -0.0344658494 -1.70157222e-09 0.999405861 0 0.0479868129 1.30898011 0.117043905 1
Late 496 512.0 arm_R_0 0.636098444 -5.12227416e-09 0.771607876 0 0.770096719 -0.0625557154 -0.634852648 0 0.0482684895 0.998041391 -0.0397915468 0 0.0267700125 0.93000114 0.391255051 1
Late 496 512.0 arm_R_1 0.789333999 -7.4505806e-09 0.613963902 0 0.61317265 0.0507562868 -0.788316667 0 -0.0311625451 0.99871099 0.0400637239 0 0.245624542 0.822223544 0.2108365 1
Late 496 512.0 arm_R_2 0.914667904 -2.04890966e-08 0.40420571 0 0.398228645 0.171338126 -0.901142299 0 -0.0692558661 0.985212207 0.156717584 0 0.406701118 0.835556984 0.00375140784 1
Late 496 512.0 hand_R 0.753317237 -7.4505806e-08 -0.657657623 0 -0.549477935 0.549478173 -0.629402637 0 0.361368448 0.835507989 0.413931251 0 0.51000005 0.970000446 -0.230000466 1
Late 496 512.0 bat_grip 0.753317297 -8.99468446e-08 -0.657657564 0 -0.549477935 0.549478114 -0.629402757 0 0.361368388 0.835508049 0.413931221 0 0.51000005 0.970000446 -0.230000466 1
Late 496 512.0 bat_barrel 0.753317416 -2.44626506e-08 -0.657657444 0 -0.549477518 0.54947865 -0.629402459 0 0.361368716 0.835507631 0.413931757 0 0.0374490023 1.44255161 -0.771286845 1
Late 496 512.0 bat_tip 0.753317237 -1.64647076e-07 -0.657657623 0 -0.549477935 0.549478114 -0.629402757 0 0.361368448 0.835508049 0.413931161 0 -0.149373531 1.62937438 -0.985283852 1
Late 496 512.0 arm_L_0 0.488942921 -2.98023224e-08 0.872315884 0 0.870293319 0.0680586398 -0.4878093 0 -0.059368521 0.99768126 0.0332767218 0 0.0774238408 0.93000102 -0.156406954 1
Late 496 512.0 arm_L_1 0.469993204 0 0.882670283 0 0.833840787 0.327993989 -0.443993181 0 -0.289510339 0.944679797 0.154154897 0 0.248256773 0.853360713 -0.252159536 1
Late 496 512.0 arm_L_2 0.40717119 -5.96046448e-08 0.913352013 0 0.570886493 0.780588388 -0.254500479 0 -0.712951899 0.6250453 0.317833036 0 0.361311793 0.897832334 -0.312357396 1
Late 496 512.0 hand_L 0.753317118 -5.96046448e-08 -0.657657504 0 -0.549478054 0.549478233 -0.629402697 0 0.361368716 0.835507929 0.413931251 0 0.416589141 1.06341147 -0.33699894 1
Late 496 512.0 foot_R 0 4.37113883e-08 1 0 0.99999994 0 0 0 0 1 -4.37113883e-08 0 0.0799999833 0.0688500032 0.49000001 1
Late 496 512.0 foot_L 3.42285418e-08 4.37113918e-08 1 0 0.99999994 -7.48088699e-16 -3.42285453e-08 0 -7.48088541e-16 1 -4.37113918e-08 0 0.0799999833 0.0688500032 -0.340000004 1
Late 496 512.5 root 1 0 0 0 0 1 0 0 0 0 1 0 0 0 0 1
Late 496 512.5 pelvis 0.812622845 6.84714418e-09 0.582790017 0 -1.13526937e-07 1 1.46549283e-07 0 -0.582790017 -1.8525165e-07 0.812622845 0 0.0528020784 0.530001163 0.117875032 1
Late 496 512.5 chest 0.994228959 0.0115907583 0.106651038 0 -0.0115228668 0.999932826 -0.00125280907 0 -0.106658429 1.66524569e-05 0.994295835 0 0.0528020784 0.93000102 0.11787504 1
Late 496 512.5 head 0.999376953 3.889038e-07 0.0352951512 0 -5.07998266e-07 1 3.34636388e-06 0 -0.0352951884 -3.3630713e-06 0.999377072 0 0.0484371558 1.30897653 0.117394455 1
Late 496 512.5 arm_R_0 0.622894228 -0.000129103515 0.782306015 0 0.780526042 -0.0673183575 -0.621488154 0 0.0527438074 0.997731507 -0.0418314189 0 0.0234815683 0.930001259 0.391216308 1
Late 496 512.5 arm_R_1 0.778843522 -0.000119563192 0.627218246 0 0.626549423 0.0463194139 -0.77800411 0 -0.0289593618 0.99892664 0.0361505412 0 0.244105726 0.820980906 0.215452641 1
Late 496 512.5 arm_R_2 0.908695042 -5.41564077e-05 0.417460501 0 0.411480755 0.168768942 -0.895656586 0 -0.0704058707 0.985655665 0.153381839 0 0.406960756 0.833066583 0.013026298 1
Late 496 512.5 hand_R 0.760283768 -0.000366121531 -0.649591029 0 -0.551567495 0.527868927 -0.645854235 0 0.343135327 0.849325776 0.401128262 0 0.512038231 0.966264069 -0.216067597 1
Late 496 512.5 bat_grip 0.760283828 -0.000366135326 -0.649590969 0 -0.551567495 0.527868867 -0.645854354 0 0.343135267 0.849325836 0.401128203 0 0.512038231 0.966264069 -0.216067597 1
Late 496 512.5 bat_barrel 0.760283947 -0.000366066844 -0.64959085 0 -0.551567137 0.527869463 -0.645854056 0 0.343135595 0.849325418 0.401128769 0 0.0376901329 1.42023134 -0.771502376 1
Late 496 512.5 bat_tip 0.760283768 -0.000366211258 -0.649591029 0 -0.551567495 0.527868867 -0.645854354 0 0.343135327 0.849325836 0.401128143 0 -0.149842799 1.59970689 -0.991092861 1
Late 496 512.5 arm_L_0 0.476970166 -0.000260427594 0.878919601 0 0.877577066 0.0553911477 -0.476225436 0 -0.0485602766 0.998464704 0.0266484022 0 0.0821226686 0.930000722 -0.155466184 1
Late 496 512.5 arm_L_1 0.45039618 -0.000551357865 0.892828882 0 0.847313225 0.315477133 -0.427240789 0 -0.281431377 0.948933125 0.142556831 0 0.252008349 0.850836039 -0.247774556 1
Late 496 512.5 arm_L_2 0.356880784 -0.000389844179 0.934149981 0 0.584553421 0.780108929 -0.222996205 0 -0.728651762 0.625643551 0.278633803 0 0.364140689 0.892773092 -0.304513365 1
Late 496 512.5 hand_L 0.760263681 0.000223875046 -0.649614692 0 -0.551720858 0.528125107 -0.645514011 0 0.342933238 0.849166512 0.401637793 0 0.418411225 1.05593646 -0.325696737 1
Late 496 512.5 foot_R 0 4.37113883e-08 1 0 0.99999994 0 0 0 0 1 -4.37113883e-08 0 0.0799999833 0.0688500032 0.49000001 1
Late 496 512.5 foot_L -5.00651467e-08 4.37113883e-08 1 0 0.99999994 1.0942086e-15 5.00651502e-08 0 1.09420849e-15 1 -4.37113883e-08 0 0.0799999833 0.0688500032 -0.340000033 1
Late 496 513.0 root 1 0 0 0 0 1 0 0 0 0 1 0 0 0 0 1
Late 496 513.0 pelvis 0.805575669 1.74405788e-08 0.592492938 0 -2.22834743e-07 1 2.73538546e-07 0 -0.592492938 -3.52384006e-07 0.805575669 0 0.0535072833 0.530001044 0.118326016 1
Late 496 513.0 chest 0.99255389 0.0122908149 0.121184796 0 -0.0121963937 0.999924481 -0.00152088376 0 -0.121194363 3.15403267e-05 0.992628813 0 0.0535072871 0.930000901 0.118326031 1
Late 496 513.0 head 0.99934727 3.97308213e-08 0.0361241698 0 2.88082447e-10 1 -1.05956678e-06 0 -0.0361241996 1.05761865e-06 0.999347329 0 0.0488895066 1.30897284 0.117738187 1
Late 496 513.0 arm_R_0 0.609508157 -0.000249356701 0.792779803 0 0.790706873 -0.0720772296 -0.607936978 0 0.0572929755 0.997399032 -0.0437344462 0 0.0202021152 0.930000961 0.391119301 1
Late 496 513.0 arm_R_1 0.768131971 -0.000230859965 0.640291691 0 0.639737189 0.041882012 -0.767451525 0 -0.0266395248 0.9991225 0.0323186293 0 0.242498025 0.819750786 0.220022574 1
Late 496 513.0 arm_R_2 0.902532339 -0.000116495416 0.43062222 0 0.42465052 0.166199908 -0.889971495 0 -0.0714656711 0.986092031 0.150050253 0 0.407015979 0.830611765 0.0222593211 1
Late 496 513.0 hand_R 0.767128229 -0.000838518143 -0.641493261 0 -0.55301106 0.505928636 -0.661978245 0 0.325105011 0.862574816 0.387648374 0 0.513756216 0.962582946 -0.2021707 1
Late 496 513.0 bat_grip 0.767128289 -0.000838530308 -0.641493201 0 -0.55301106 0.505928576 -0.661978364 0 0.325104952 0.862574875 0.387648314 0 0.513756216 0.962582946 -0.2021707 1
Late 496 513.0 bat_barrel 0.767128408 -0.000838458887 -0.641493082 0 -0.553010702 0.505929172 -0.661978066 0 0.32510528 0.862574518 0.38764888 0 0.038166672 1.39768147 -0.771472096 1
Late 496 513.0 bat_tip 0.767128289 -0.000838607433 -0.641493261 0 -0.55301106 0.505928576 -0.661978364 0 0.325105011 0.862574875 0.387648255 0 -0.149857104 1.56969738 -0.996544838 1
Late 496 513.0 arm_L_0 0.46490106 -0.000533819199 0.885362506 0 0.884565175 0.0427156687 -0.464456797 0 -0.0375707895 0.999087095 0.0203306675 0 0.0868125111 0.930000842 -0.154467151 1
Late 496 513.0 arm_L_1 0.430563629 -0.000898018479 0.902559876 0 0.860276282 0.302903026 -0.410091162 0 -0.273019671 0.95302099 0.131191447 0 0.255660176 0.848363101 -0.243361086 1
Late 496 513.0 arm_L_2 0.305520803 -0.000124812126 0.952185512 0 0.596293628 0.779657841 -0.191226393 0 -0.742354929 0.626205683 0.238276064 0 0.366729915 0.887837112 -0.296700239 1
Late 496 513.0 hand_L 0.767128229 -0.000838518143 -0.64149332 0 -0.553010881 0.505928636 -0.661978364 0 0.325104952 0.862574875 0.387648344 0 0.41974479 1.04859066 -0.31470713 1
Late 496 513.0 foot_R 0 4.37113883e-08 1 0 0.99999994 0 0 0 0 1 -4.37113883e-08 0 0.0799999833 0.0688500032 0.49000001 1
Late 496 513.0 foot_L -1.34358828e-07 4.37113918e-08 1 0 0.99999994 2.9365061e-15 1.34358842e-07 0 2.93650547e-15 1 -4.37113883e-08 0 0.0799999833 0.0688500032 -0.340000063 1
Late 496 513.5 root 1 0 0 0 0 1 0 0 0 0 1 0 0 0 0 1
Late 496 513.5 pelvis 0.798598588 8.26077429e-09 0.60186404 0 -1.51615708e-07 1 1.87449828e-07 0 -0.60186404 -2.4094922e-07 0.798598588 0 0.0541943163 0.530000925 0.118765384 1
Late 496 513.5 chest 0.990717173 0.0129729761 0.135319263 0 -0.0128498292 0.999915838 -0.00178347854 0 -0.135331064 2.80922777e-05 0.9908005 0 0.0541943163 0.930000842 0.118765391 1
Late 496 513.5 head 0.999317884 3.72942623e-07 0.0369320288 0 -4.76054993e-07 1 2.80277527e-06 0 -0.036932081 -2.81936445e-06 0.999317825 0 0.0493283011 1.3089695 0.118079655 1
Late 496 513.5 arm_R_0 0.596298993 -0.000218972389 0.80276227 0 0.800386608 -0.0767156482 -0.594555378 0 0.0617146231 0.997052908 -0.0455701724 0 0.0169993415 0.93000114 0.391080916 1
Late 496 513.5 arm_R_1 0.757483363 -0.000202797353 0.652854264 0 0.65239954 0.0375562981 -0.75694418 0 -0.0243653115 0.999294341 0.0285806321 0 0.241017625 0.81854111 0.224517927 1
Late 496 513.5 arm_R_2 0.896342576 -9.64459032e-05 0.443361729 0 0.437395602 0.163694233 -0.884245098 0 -0.0724905431 0.986510992 0.146768406 0 0.407266349 0.828187227 0.0312920175 1
Late 496 513.5 hand_R 0.773756325 -0.000671744347 -0.633483171 0 -0.554013133 0.484216213 -0.67720294 0 0.30719769 0.874947965 0.374293178 0 0.515737474 0.958945096 -0.188600987 1
Late 496 513.5 bat_grip 0.773756385 -0.000671754824 -0.633483112 0 -0.554013073 0.484216124 -0.677203059 0 0.30719763 0.874948025 0.374293119 0 0.515737474 0.958945096 -0.188600987 1
Late 496 513.5 bat_barrel 0.773756504 -0.000671680551 -0.633482993 0 -0.554012716 0.48421675 -0.677202761 0 0.307197958 0.874947667 0.374293685 0 0.0392861962 1.37537098 -0.770995617 1
Late 496 513.5 bat_tip 0.773756385 -0.000671833055 -0.633483171 0 -0.554013073 0.484216124 -0.677203059 0 0.30719769 0.874948025 0.374293059 0 -0.14907825 1.54000473 -1.00124466 1
Late 496 513.5 arm_L_0 0.453062654 -0.000453710556 0.891478598 0 0.891074121 0.0303569436 -0.452841818 0 -0.0268569589 0.999538958 0.0141578019 0 0.0913893357 0.930000544 -0.153550014 1
Late 496 513.5 arm_L_1 0.41104883 -0.000870794058 0.911613047 0 0.87237823 0.290593505 -0.393080324 0 -0.264566362 0.956846237 0.120207712 0 0.259313494 0.845905423 -0.239089653 1
Late 496 513.5 arm_L_2 0.254624903 -0.000414252281 0.967039824 0 0.60623759 0.779167891 -0.15929085 0 -0.753420353 0.626815081 0.198646665 0 0.369483262 0.882912457 -0.289061815 1
Late 496 513.5 hand_L 0.773737907 -0.000117868185 -0.633506 0 -0.55414921 0.484477192 -0.676905215 0 0.306999117 0.874803841 0.374792874 0 0.42169711 1.04120195 -0.303584486 1
Late 496 513.5 foot_R 0 4.37113883e-08 1 0 0.99999994 0 0 0 0 1 -4.37113883e-08 0 0.0799999833 0.0688500032 0.49000001 1
Late 496 513.5 foot_L -5.00651431e-08 4.37113883e-08 1 0 0.99999994 1.0942086e-15 5.00651467e-08 0 1.09420828e-15 1 -4.37113883e-08 0 0.0799999833 0.0688500032 -0.340000033 1
Late 496 514.0 root 1 0 0 0 0 1 0 0 0 0 1 0 0 0 0 1
Late 496 514.0 pelvis 0.79151243 3.83481913e-10 0.611153066 0 -7.93957895e-08 1 1.02199074e-07 0 -0.611153066 -1.29414815e-07 0.79151243 0 0.0548813492 0.530000806 0.119204745 1
Late 496 514.0 chest 0.988678634 0.0136551233 0.149426043 0 -0.0134983659 0.999906778 -0.00206325902 0 -0.149440289 2.28919253e-05 0.988770723 0 0.0548813418 0.930000782 0.119204745 1
Late 496 514.0 head 0.999287605 2.94342044e-08 0.0377399772 0 -3.94311428e-09 1 -6.9489397e-07 0 -0.0377399921 6.93431502e-07 0.999287605 0 0.0497689061 1.30896592 0.118414581 1
Late 496 514.0 arm_R_0 0.582924902 -0.000180263072 0.812526047 0 0.809824467 -0.0813500211 -0.581004739 0 0.0662037432 0.996685505 -0.0472749248 0 0.0138034103 0.930000782 0.390987039 1
Late 496 514.0 arm_R_1 0.746631086 -0.000166896731 0.665238321 0 0.664874971 0.033230491 -0.746214986 0 -0.0219816733 0.999447584 0.0249219388 0 0.239452124 0.817341745 0.228971928 1
Late 496 514.0 arm_R_2 0.889975429 -8.42045993e-05 0.456008285 0 0.450057387 0.161188543 -0.878331602 0 -0.0734293684 0.986923575 0.143491805 0 0.407323003 0.825793684 0.0402902141 1
Late 496 514.0 hand_R 0.780259728 -0.000606238842 -0.625455201 0 -0.554414749 0.462215662 -0.692084551 0 0.28951472 0.886767328 0.360312223 0 0.517416 0.9553563 -0.175058186 1
Late 496 514.0 bat_grip 0.780259788 -0.00060624769 -0.625455141 0 -0.55441469 0.462215573 -0.69208467 0 0.289514661 0.886767387 0.360312164 0 0.517416 0.9553563 -0.175058186 1
Late 496 514.0 bat_barrel 0.780259907 -0.000606170681 -0.625455022 0 -0.554414332 0.462216198 -0.692084372 0 0.289514989 0.88676703 0.36031276 0 0.0406193435 1.35286164 -0.770251036 1
Late 496 514.0 bat_tip 0.780259788 -0.000606326968 -0.625455201 0 -0.55441469 0.462215573 -0.69208467 0 0.28951472 0.886767387 0.360312104 0 -0.147881687 1.51001525 -1.00555992 1
Late 496 514.0 arm_L_0 0.441140234 -0.000385984778 0.897438169 0 0.897296071 0.0179941356 -0.441062689 0 -0.0159782469 0.999837995 0.00828413665 0 0.0959593132 0.930000722 -0.152577356 1
Late 496 514.0 arm_L_1 0.391334534 -0.000649273396 0.920248389 0 0.883979738 0.278241813 -0.375715047 0 -0.255807459 0.96051085 0.10945946 0 0.262872815 0.843494236 -0.234789357 1
Late 496 514.0 arm_L_2 0.203000531 -9.03606415e-05 0.979178667 0 0.614291012 0.778746545 -0.127281338 0 -0.762520552 0.627338648 0.158141315 0 0.372008532 0.878099322 -0.281446517 1
Late 496 514.0 hand_L 0.780260086 -0.000606060028 -0.62545526 0 -0.554414749 0.4622159 -0.692084551 0 0.289514869 0.886767149 0.360312223 0 0.423165679 1.03393292 -0.292712361 1
Late 496 514.0 foot_R 0 4.37113883e-08 1 0 0.99999994 0 0 0 0 1 -4.37113883e-08 0 0.0799999833 0.0688500032 0.49000001 1
Late 496 514.0 foot_L 3.42285418e-08 4.37113918e-08 1 0 0.99999994 -7.48088699e-16 -3.42285453e-08 0 -7.48088541e-16 1 -4.37113918e-08 0 0.0799999833 0.0688500032 -0.340000004 1
Late 496 514.5 root 1 0 0 0 0 1 0 0 0 0 1 0 0 0 0 1
Late 496 514.5 pelvis 0.78440994 -8.76459083e-09 0.620242774 0 -4.85757461e-08 1 7.55637828e-08 0 -0.620242774 -8.94017376e-08 0.78440994 0 0.0555365309 0.530000687 0.119620316 1
Late 496 514.5 chest 0.986415505 0.0143518308 0.163641155 0 -0.0141545944 0.999897003 -0.00237129722 0 -0.163658351 2.28101617e-05 0.986517072 0 0.0555365309 0.930000663 0.119620308 1
Late 496 514.5 head 0.999257088 4.91563242e-07 0.0385394767 0 -6.08819846e-07 1 2.99314524e-06 0 -0.0385394916 -3.01454929e-06 0.999257088 0 0.0501756929 1.30896211 0.118714005 1
Late 496 514.5 arm_R_0 0.566449344 -0.000267217983 0.824096382 0 0.820970297 -0.0868370086 -0.564328849 0 0.0717128664 0.996222436 -0.0489693582 0 0.0105510186 0.930000961 0.390791595 1
Late 496 514.5 arm_R_1 0.732979476 -0.000259719789 0.680250525 0 0.679989219 0.0279987548 -0.732687294 0 -0.0188558921 0.999607861 0.0206991583 0 0.23789379 0.815963745 0.234323815 1
Late 496 514.5 arm_R_2 0.881846547 -0.000122848898 0.47153616 0 0.465612561 0.158237904 -0.870727241 0 -0.0745079517 0.987401009 0.139598802 0 0.407472193 0.823030949 0.0511961691 1
Late 496 514.5 hand_R 0.786396265 -0.000450223684 -0.617722273 0 -0.554998159 0.438541651 -0.706864953 0 0.271215111 0.898710728 0.344617635 0 0.519274473 0.951211989 -0.158598661 1
Late 496 514.5 bat_grip 0.786396325 -0.000450230844 -0.617722213 0 -0.5549981 0.438541561 -0.706865072 0 0.271215051 0.898710787 0.344617575 0 0.519274473 0.951211989 -0.158598661 1
Late 496 514.5 bat_barrel 0.786396444 -0.000450150954 -0.617722094 0 -0.554997802 0.438542187 -0.706864834 0 0.271215379 0.898710489 0.344618171 0 0.0419760644 1.3283577 -0.766502619 1
Late 496 514.5 bat_tip 0.786396325 -0.0004503112 -0.617722273 0 -0.5549981 0.438541561 -0.706865072 0 0.271215111 0.898710787 0.344617516 0 -0.14672327 1.47746205 -1.00683689 1
Late 496 514.5 arm_L_0 0.423574775 -0.00073235482 0.905860841 0 0.905857801 0.00307095051 -0.423570991 0 -0.0024715066 0.999994993 0.00196406245 0 0.100522056 0.930000365 -0.1515508 1
Late 496 514.5 arm_L_1 0.361229956 -0.00162658095 0.932475507 0 0.900091767 0.261862755 -0.348228246 0 -0.243614003 0.965103745 0.0960566252 0 0.266513258 0.840746224 -0.229434222 1
Late 496 514.5 arm_L_2 0.125082597 -0.00411275029 0.992138028 0 0.632112086 0.771091878 -0.0764964521 0 -0.764714718 0.636710584 0.0990497768 0 0.374770403 0.872587204 -0.271734536 1
Late 496 514.5 hand_L 0.786405325 0.00045928359 -0.617710531 0 -0.555161476 0.439006329 -0.706448436 0 0.270854533 0.898483872 0.345491767 0 0.425179362 1.02566326 -0.278476715 1
Late 496 514.5 foot_R 0 4.37113883e-08 1 0 0.99999994 0 0 0 0 1 -4.37113883e-08 0 0.0799999833 0.0688500032 0.49000001 1
Late 496 514.5 foot_L -0.000330547249 -2.49811308e-07 0.99999994 0 0.999999881 -0.00014828908 0.00033054722 0 0.000148288964 1 2.98827842e-07 0 0.0800102204 0.0689069405 -0.340126932 1
Late 496 515.0 root 1 0 0 0 0 1 0 0 0 0 1 0 0 0 0 1
Late 496 515.0 pelvis 0.777203023 -1.74504926e-08 0.629249871 0 -1.74504926e-08 1 4.92857737e-08 0 -0.629249871 -4.92857737e-08 0.777203023 0 0.0561917126 0.530000567 0.120035887 1
Late 496 515.0 chest 0.983947515 0.0150485309 0.177822024 0 -0.0148049537 0.999886751 -0.00269667013 0 -0.177842468 2.07351222e-05 0.984058976 0 0.0561917126 0.930000603 0.120035879 1
Late 496 515.0 head 0.999225855 2.55527084e-08 0.0393389165 0 2.06478035e-09 0.99999994 -7.00501914e-07 0 -0.0393389314 7.00409146e-07 0.999225974 0 0.0505846739 1.30895805 0.119006872 1
Late 496 515.0 arm_R_0 0.549741864 -0.000326903421 0.835334361 0 0.831750751 -0.092317611 -0.547419548 0 0.0772950575 0.995729446 -0.0504789203 0 0.00730770733 0.930000663 0.390539914 1
Late 496 515.0 arm_R_1 0.719028473 -0.000323478132 0.694980383 0 0.694805741 0.0227637347 -0.718837082 0 -0.0155878253 0.999740779 0.0165925696 0 0.236210078 0.814602852 0.239628181 1
Late 496 515.0 arm_R_2 0.873450458 -0.000156247988 0.486912578 0 0.481027961 0.155280069 -0.862844229 0 -0.0754730329 0.987870395 0.135704666 0 0.407334566 0.820316017 0.0620499142 1
Late 496 515.0 hand_R 0.792406023 -0.00051048398 -0.609993815 0 -0.554936588 0.414571732 -0.721231699 0 0.253254324 0.910016418 0.328225851 0 0.520681143 0.947140038 -0.142195165 1
Late 496 515.0 bat_grip 0.792406082 -0.000510489393 -0.609993756 0 -0.554936528 0.414571643 -0.721231818 0 0.253254265 0.910016477 0.328225791 0 0.520681143 0.947140038 -0.142195165 1
Late 496 515.0 bat_barrel 0.792406201 -0.000510406622 -0.609993637 0 -0.55493623 0.414572299 -0.72123158 0 0.253254592 0.910016179 0.328226388 0 0.0434356928 1.3036716 -0.76245451 1
Late 496 515.0 bat_tip 0.792406082 -0.000510570768 -0.609993756 0 -0.554936528 0.414571643 -0.721231818 0 0.253254324 0.910016477 0.328225732 0 -0.145242751 1.44462621 -1.00767338 1
Late 496 515.0 arm_L_0 0.405839205 -0.00100735575 0.913944006 0 0.913875341 -0.0118515193 -0.405821949 0 0.0112405121 0.999929309 -0.00388932228 0 0.105075717 0.930000603 -0.150468022 1
Late 496 515.0 arm_L_1 0.330705494 -0.00211714208 0.943731785 0 0.915044546 0.245413676 -0.320102423 0 -0.230926752 0.969416201 0.083096832 0 0.270006269 0.838060558 -0.224068061 1
Late 496 515.0 arm_L_2 0.0462273657 -0.00632715225 0.998911023 0 0.645428956 0.763409913 -0.0250335932 0 -0.762419939 0.645883322 0.0393739939 0 0.37715897 0.867231965 -0.262113065 1
Late 496 515.0 hand_L 0.792405844 -0.000510424376 -0.609993935 0 -0.554936767 0.41457206 -0.721231937 0 0.253254652 0.910016358 0.32822594 0 0.426341861 1.01761699 -0.264804572 1
Late 496 515.0 foot_R 0 4.37113883e-08 1 0 0.99999994 0 0 0 0 1 -4.37113883e-08 0 0.0799999833 0.0688500032 0.49000001 1
Late 496 515.0 foot_L -0.000661128724 -4.9431236e-07 0.999999762 0 0.999999702 -0.000296578248 0.000661128608 0 0.000296577811 0.99999994 6.90388674e-07 0 0.0800204575 0.0689638853 -0.34025383 1
Late 496 515.5 root 1 0 0 0 0 1 0 0 0 0 1 0 0 0 0 1
Late 496 515.5 pelvis 0.769918263 -1.58212909e-08 0.638142526 0 -1.58212909e-08 1 4.38810943e-08 0 -0.638142526 -4.38810943e-08 0.769918263 0 0.0568120331 0.530000448 0.12042436 1
Late 496 515.5 chest 0.981197596 0.0157760512 0.192360014 0 -0.0154753551 0.999875546 -0.00306563824 0 -0.192384452 3.11570293e-05 0.981319666 0 0.0568120293 0.930000424 0.120424345 1
Late 496 515.5 head 0.999194086 6.82452537e-07 0.0401385874 0 -8.03288003e-07 1 2.98658051e-06 0 -0.0401386172 -3.01604814e-06 0.999194145 0 0.0509527847 1.3089534 0.11925225 1
Late 496 515.5 arm_R_0 0.528359413 -0.000508164871 0.849020541 0 0.844817281 -0.0990711451 -0.525802851 0 0.0843806416 0.995080233 -0.0519158244 0 0.00393941766 0.930000782 0.390124083 1
Late 496 515.5 arm_R_1 0.700794518 -0.000506285578 0.713362813 0 0.713275254 0.0161887165 -0.700696945 0 -0.0111936796 0.999868751 0.0117061175 0 0.234528929 0.812970757 0.246247262 1
Late 496 515.5 arm_R_2 0.862300754 -0.000243164599 0.506396115 0 0.50056994 0.151666522 -0.852306843 0 -0.076596126 0.988431633 0.130903929 0 0.407363445 0.817041874 0.0757166147 1
Late 496 515.5 hand_R 0.798054814 -0.000539332628 -0.6025846 0 -0.555214107 0.387986481 -0.735665321 0 0.234191418 0.921664774 0.309334993 0 0.522424817 0.942230105 -0.121480718 1
Late 496 515.5 bat_grip 0.798054874 -0.000539336121 -0.602584541 0 -0.555214047 0.387986392 -0.735665381 0 0.234191343 0.921664834 0.309334934 0 0.522424817 0.942230105 -0.121480718 1
Late 496 515.5 bat_barrel 0.798054934 -0.000539250323 -0.602584422 0 -0.555213749 0.387987047 -0.735665143 0 0.234191656 0.921664536 0.30933556 0 0.0449407101 1.27589846 -0.754152954 1
Late 496 515.5 bat_tip 0.798054874 -0.000539418543 -0.602584541 0 -0.555214047 0.387986392 -0.735665381 0 0.234191418 0.921664834 0.309334874 0 -0.143832147 1.40781403 -1.00427926 1
Late 496 515.5 arm_L_0 0.37978518 -0.00158823282 0.925073445 0 0.924623787 -0.0305701792 -0.379653215 0 0.0288828015 0.999531388 -0.0101417005 0 0.109684646 0.930000126 -0.149275288 1
Late 496 515.5 arm_L_1 0.284783423 -0.00362104177 0.958585203 0 0.934695601 0.222939163 -0.276844114 0 -0.212703452 0.97482574 0.0668738335 0 0.273692906 0.834870279 -0.217132479 1
Late 496 515.5 arm_L_2 -0.0700853765 -0.0114610791 0.997475266 0 0.665574789 0.744278431 0.0553168356 0 -0.743033171 0.66777122 -0.0445349514 0 0.380003154 0.860823929 -0.249382645 1
Late 496 515.5 hand_L 0.798096657 0.000878959894 -0.602528691 0 -0.555405378 0.388762295 -0.735111535 0 0.233594388 0.921337724 0.310757875 0 0.428483635 1.00800371 -0.246016607 1
Late 496 515.5 foot_R 0 4.37113883e-08 1 0 0.99999994 0 0 0 0 1 -4.37113883e-08 0 0.0799999833 0.0688500032 0.49000001 1
Late 496 515.5 foot_L -0.00145570317 -8.81255858e-07 0.999998927 0 0.999998689 -0.000652848103 0.00145570235 0 0.000652846065 0.999999762 1.83160773e-06 0 0.0800455064 0.069100678 -0.340558857 1
Late 496 516.0 root 1 0 0 0 0 1 0 0 0 0 1 0 0 0 0 1
Late 496 516.0 pelvis 0.762531757 -1.41300687e-08 0.646950781 0 -1.41300687e-08 1 3.84955001e-08 0 -0.646950781 -3.84955001e-08 0.762531757 0 0.0574323572 0.530000389 0.120812833 1
Late 496 516.0 chest 0.978232324 0.016503593 0.206855416 0 -0.01613844 0.999863803 -0.00345265586 0 -0.206884235 3.91762478e-05 0.978365421 0 0.0574323498 0.930000246 0.120812826 1
Late 496 516.0 head 0.999161661 4.98175723e-08 0.0409382135 0 -1.30467015e-08 1 -9.43673513e-07 0 -0.0409382284 9.43320629e-07 0.999161661 0 0.0513237678 1.3089484 0.119490847 1
Late 496 516.0 arm_R_0 0.506632626 -0.000624894397 0.862161756 0 0.857288182 -0.105814688 -0.503845453 0 0.0915442407 0.9943856 -0.0530734286 0 0.000584256137 0.930000246 0.389649451 1
Late 496 516.0 arm_R_1 0.682094872 -0.000618323684 0.731263459 0 0.731233954 0.00960333273 -0.682059169 0 -0.00660084188 0.999953628 0.00700255856 0 0.232649177 0.811366439 0.252806723 1
Late 496 516.0 arm_R_2 0.850723088 -0.000298663974 0.525613904 0 0.519860923 0.148030132 -0.841327488 0 -0.0775554404 0.988982737 0.126087949 0 0.406936228 0.813843548 0.0892973244 1
Late 496 516.0 hand_R 0.803571701 -0.000975817442 -0.595207334 0 -0.55476737 0.361084402 -0.74956727 0 0.215651453 0.932532609 0.28961587 0 0.523445427 0.937431574 -0.100878865 1
Late 496 516.0 bat_grip 0.803571761 -0.000975819014 -0.595207274 0 -0.554767311 0.361084312 -0.74956733 0 0.215651378 0.932532668 0.28961581 0 0.523445427 0.937431574 -0.100878865 1
Late 496 516.0 bat_barrel 0.80357182 -0.000975730247 -0.595207155 0 -0.554767013 0.361084968 -0.749567091 0 0.215651691 0.93253237 0.289616436 0 0.0463455021 1.24796414 -0.745506763 1
Late 496 516.0 bat_tip 0.803571761 -0.000975902367 -0.595207274 0 -0.554767311 0.361084312 -0.74956733 0 0.215651453 0.932532668 0.28961575 0 -0.142275512 1.3707329 -1.00035977 1
Late 496 516.0 arm_L_0 0.353411585 -0.00192572176 0.935465991 0 0.9342978 -0.0492775142 -0.353071749 0 0.0467775166 0.998783231 -0.0156161785 0 0.114280455 0.930000365 -0.148023725 1
Late 496 516.0 arm_L_1 0.238120869 -0.00404939055 0.971227229 0 0.951729834 0.200379625 -0.232505202 0 -0.193672419 0.979709983 0.0515683442 0 0.277131885 0.831765175 -0.210208923 1
Late 496 516.0 arm_L_2 -0.185844332 -0.0121416152 0.982504249 0 0.675026417 0.725029588 0.13664344 0 -0.714003682 0.688610673 -0.12654686 0 0.382205576 0.854641199 -0.236838862 1
Late 496 516.0 hand_L 0.80357188 -0.00097566843 -0.595206857 0 -0.554767132 0.3610847 -0.749567509 0 0.215651453 0.932532489 0.289616048 0 0.429135025 0.998816073 -0.228305116 1
Late 496 516.0 foot_R 0 4.37113883e-08 1 0 0.99999994 0 0 0 0 1 -4.37113883e-08 0 0.0799999833 0.0688500032 0.49000001 1
Late 496 516.0 foot_L -0.00225027604 -9.85116003e-07 0.999997497 0 0.999996901 -0.00100911781 0.00225027418 0 0.00100911292 0.999999464 3.2559069e-06 0 0.0800705552 0.0692374706 -0.340863883 1
Late 496 516.5 root 1 0 0 0 0 1 0 0 0 0 1 0 0 0 0 1
Late 496 516.5 pelvis 0.755108118 -1.37002383e-08 0.655600369 0 -1.37002401e-08 1 3.66769228e-08 0 -0.655600369 -3.66769264e-08 0.755108118 0 0.0580474436 0.530000329 0.121198006 1
Late 496 516.5 chest 0.975080073 0.0172249228 0.221183717 0 -0.0167919341 0.999851644 -0.00383792957 0 -0.221217006 2.81855228e-05 0.975224674 0 0.0580474436 0.930000186 0.121197991 1
Late 496 516.5 head 0.999128878 6.63644641e-07 0.0417310148 0 -7.92198989e-07 1 3.08192466e-06 0 -0.0417310148 -3.11308759e-06 0.999128938 0 0.051688835 1.30894375 0.119734131 1
Late 496 516.5 arm_R_0 0.484769762 -0.000464083394 0.874641716 0 0.869063735 -0.112502441 -0.481737882 0 0.0986228734 0.99365139 -0.0541344211 0 -0.00275463006 0.930000544 0.389237016 1
Late 496 516.5 arm_R_1 0.663096786 -0.000462971628 0.748533607 0 0.748530805 0.00308189634 -0.663092613 0 -0.00199991837 0.999995172 0.00239018351 0 0.23098132 0.809750319 0.259365201 1
Late 496 516.5 arm_R_2 0.838813305 -0.000222608447 0.544418871 0 0.538736463 0.144442752 -0.829999447 0 -0.0784525871 0.989513218 0.121280491 0 0.406961828 0.810601056 0.102839097 1
Late 496 516.5 hand_R 0.809039116 -0.000474989414 -0.58775425 0 -0.553851426 0.334103048 -0.762642622 0 0.196732774 0.942536533 0.27003938 0 0.525169373 0.932567894 -0.0803524256 1
Late 496 516.5 bat_grip 0.809039176 -0.000474989094 -0.58775419 0 -0.553851366 0.334102958 -0.762642682 0 0.1967327 0.942536592 0.27003932 0 0.525169373 0.932567894 -0.0803524256 1
Late 496 516.5 bat_barrel 0.809039235 -0.000474897475 -0.587754071 0 -0.553851128 0.334103644 -0.762642503 0 0.196733013 0.942536354 0.270039946 0 0.0488571525 1.21989644 -0.736225128 1
Late 496 516.5 bat_tip 0.809039176 -0.00047507335 -0.58775419 0 -0.553851366 0.334102958 -0.762642682 0 0.196732774 0.942536592 0.27003926 0 -0.139452398 1.33349156 -0.995523691 1
Late 496 516.5 arm_L_0 0.326988548 -0.00145238638 0.945027232 0 0.942820668 -0.0678137541 -0.32632935 0 0.0645599663 0.997696936 -0.0208050907 0 0.118849531 0.929999948 -0.14684093 1
Late 496 516.5 arm_L_1 0.19136256 -0.00332693756 0.981513858 0 0.965987206 0.177836031 -0.187732682 0 -0.173923746 0.984054565 0.0372448564 0 0.280787021 0.828607202 -0.203337565 1
Late 496 516.5 arm_L_2 -0.297825605 -0.0104433 0.95456326 0 0.675156951 0.704615355 0.218358859 0 -0.674880207 0.709512651 -0.202801675 0 0.385026634 0.848301113 -0.224238649 1
Late 496 516.5 hand_L 0.809079766 0.000903815031 -0.587698638 0 -0.554004669 0.334907055 -0.762178779 0 0.196135879 0.942250788 0.27146703 0 0.431496918 0.989219308 -0.209600061 1
Late 496 516.5 foot_R 0 4.37113883e-08 1 0 0.99999994 0 0 0 0 1 -4.37113883e-08 0 0.0799999833 0.0688500032 0.49000001 1
Late 496 516.5 foot_L -0.00303901685 -8.07970878e-07 0.99999541 0 0.999994397 -0.00136238476 0.00303901313 0 0.00136237592 0.999999046 4.94827691e-06 0 0.0800959915 0.0693730861 -0.341166615 1
Late 496 517.0 root 1 0 0 0 0 1 0 0 0 0 1 0 0 0 0 1
Late 496 517.0 pelvis 0.74758631 -1.3249708e-08 0.664164662 0 -1.32497116e-08 1 3.48633584e-08 0 -0.664164662 -3.48633584e-08 0.74758631 0 0.0586625338 0.53000021 0.121583179 1
Late 496 517.0 chest 0.971717417 0.0179462023 0.235463887 0 -0.0174379516 0.999838948 -0.00424078107 0 -0.235502124 1.48326553e-05 0.971873879 0 0.0586625375 0.930000067 0.121583164 1
Late 496 517.0 head 0.9990955 2.3175744e-08 0.0425236672 0 -3.53475116e-09 0.99999994 -3.79470293e-07 0 -0.0425237119 3.79268386e-07 0.9990955 0 0.052056618 1.30893886 0.119970694 1
Late 496 517.0 arm_R_0 0.462597847 -0.000240173889 0.886568129 0 0.880236447 -0.119176596 -0.459326386 0 0.105768502 0.992873073 -0.0549193881 0 -0.00608233968 0.930000067 0.388766438 1
Late 496 517.0 arm_R_1 0.6436674 -0.00023766607 0.76530534 0 0.765300214 -0.00344556104 -0.643664181 0 0.00278988108 0.999994099 -0.00203587487 0 0.229118407 0.808157563 0.265873879 1
Late 496 517.0 arm_R_2 0.826495409 -0.000114798546 0.562943399 0 0.557345986 0.140834361 -0.818248689 0 -0.0791878328 0.990033329 0.116462953 0 0.406541258 0.807425857 0.116314761 1
Late 496 517.0 hand_R 0.814368963 -0.00037509203 -0.58034718 0 -0.552256584 0.306848377 -0.775149405 0 0.178369358 0.951758504 0.249680579 0 0.526186347 0.927805424 -0.0599111095 1
Late 496 517.0 bat_grip 0.814369023 -0.000375089818 -0.580347121 0 -0.552256525 0.306848288 -0.775149465 0 0.178369284 0.951758504 0.249680519 0 0.526186347 0.927805424 -0.0599111058 1
Late 496 517.0 bat_barrel 0.814369082 -0.000374995434 -0.580347061 0 -0.552256286 0.306848973 -0.775149286 0 0.178369597 0.951758265 0.24968116 0 0.0512456894 1.19169497 -0.726539671 1
Late 496 517.0 bat_tip 0.814369023 -0.000375174917 -0.580347121 0 -0.552256525 0.306848288 -0.775149465 0 0.178369358 0.951758504 0.249680474 0 -0.136521637 1.29602361 -0.990090549 1
Late 496 517.0 arm_L_0 0.30031085 -0.00074018538 0.953841209 0 0.950262666 -0.0863125622 -0.299251318 0 0.0825501382 0.996267796 -0.0252173543 0 0.123407423 0.930000126 -0.145599991 1
Late 496 517.0 arm_L_1 0.144137442 -0.0015552938 0.989556611 0 0.977581561 0.155332342 -0.142149225 0 -0.15348883 0.987861156 0.0239095539 0 0.28419736 0.825522721 -0.196466655 1
Late 496 517.0 arm_L_2 -0.40603736 -0.00464344025 0.913844883 0 0.66462183 0.684840679 0.298782885 0 -0.62722522 0.728678167 -0.274984896 0 0.387209624 0.842156589 -0.211777836 1
Late 496 517.0 hand_L 0.814369202 -0.00037509203 -0.580347538 0 -0.552256703 0.306848317 -0.775149822 0 0.178369701 0.951758385 0.249680459 0 0.432302892 0.979969442 -0.191686153 1
Late 496 517.0 foot_R 0 4.37113883e-08 1 0 0.99999994 0 0 0 0 1 -4.37113883e-08 0 0.0799999833 0.0688500032 0.49000001 1
Late 496 517.0 foot_L -0.00382775511 -3.52188977e-07 0.999992669 0 0.999991119 -0.00171565113 0.00382774905 0 0.00171563704 0.99999851 6.9192788e-06 0 0.0801214278 0.069508709 -0.341469377 1
Late 496 517.5 root 1 0 0 0 0 1 0 0 0 0 1 0 0 0 0 1
Late 496 517.5 pelvis 0.73945123 1.01143049e-08 0.673210204 0 -2.91921936e-08 1 1.70405965e-08 0 -0.673210204 -3.2253169e-08 0.73945123 0 0.0592364483 0.53000015 0.12194176 1
Late 496 517.5 chest 0.968002439 0.0187079702 0.250242531 0 -0.0181060936 0.999825001 -0.00470724562 0 -0.250286758 2.57094562e-05 0.968171835 0 0.059236452 0.930000007 0.121941753 1
Late 496 517.5 head 0.999061048 9.88309239e-07 0.0433255136 0 -1.14206478e-06 1 3.57410318e-06 0 -0.0433254838 -3.6205729e-06 0.999061108 0 0.0523801073 1.3089335 0.120149478 1
Late 496 517.5 arm_R_0 0.439352363 -0.000396598596 0.898314714 0 0.891169965 -0.125680551 -0.435913414 0 0.113073573 0.992070675 -0.0548645668 0 -0.0095578311 0.930000365 0.388057292 1
Late 496 517.5 arm_R_1 0.622004509 -0.000460855663 0.783013523 0 0.782967985 -0.0104316752 -0.621974409 0 0.00845476985 0.999945462 -0.00612768531 0 0.227163762 0.806598902 0.272069663 1
Late 496 517.5 arm_R_2 0.811662138 -0.000272955745 0.584126949 0 0.578693092 0.136461198 -0.804047644 0 -0.079491213 0.990645409 0.110918365 0 0.406133741 0.80429697 0.129432157 1
Late 496 517.5 hand_R 0.817673206 -6.10351562e-05 -0.57568264 0 -0.551863015 0.284592986 -0.783871055 0 0.16388312 0.958648562 0.232670307 0 0.5273422 0.923108041 -0.0398651958 1
Late 496 517.5 bat_grip 0.817673266 -6.10314019e-05 -0.57568258 0 -0.551862955 0.284592897 -0.783871114 0 0.163883045 0.958648562 0.232670248 0 0.5273422 0.923108041 -0.039865192 1
Late 496 517.5 bat_barrel 0.817673326 -6.09347953e-05 -0.575682521 0 -0.551862717 0.284593582 -0.783870935 0 0.163883358 0.958648324 0.232670903 0 0.0527400076 1.16785789 -0.713994384 1
Late 496 517.5 bat_tip 0.817673266 -6.11171126e-05 -0.57568258 0 -0.551862955 0.284592897 -0.783871114 0 0.16388312 0.958648562 0.232670203 0 -0.134893477 1.26461971 -0.980510592 1
Late 496 517.5 arm_L_0 0.26985842 -0.00140239298 0.962899208 0 0.957561195 -0.10476777 -0.26851517 0 0.101257473 0.99449569 -0.0269296914 0 0.128030777 0.929999709 -0.144173682 1
Late 496 517.5 arm_L_1 0.0897250026 -0.00355999172 0.995960534 0 0.987469971 0.130660102 -0.0884931535 0 -0.129817069 0.991420865 0.0152387768 0 0.287697673 0.822678387 -0.189303637 1
Late 496 517.5 arm_L_2 -0.491796792 -0.0112080574 0.870638013 0 0.658144116 0.649881721 0.380131781 0 -0.570071876 0.759952784 -0.312233418 0 0.389666229 0.836447954 -0.198834196 1
Late 496 517.5 hand_L 0.817512751 0.000225514174 -0.575910091 0 -0.5520432 0.285203159 -0.783522308 0 0.164074868 0.958467126 0.233281583 0 0.433879018 0.971350312 -0.172769487 1
Late 496 517.5 foot_R 0 4.37113883e-08 1 0 0.99999994 0 0 0 0 1 -4.37113883e-08 0 0.0799999833 0.0688500032 0.49000001 1
Late 496 517.5 foot_L -0.00565896463 -4.20483093e-06 0.999983966 0 0.999980688 -0.00253698858 0.00565893622 0 0.00253692386 0.999996781 1.8561479e-05 0 0.080182761 0.0698239654 -0.342171669 1
Late 496 518.0 root 1 0 0 0 0 1 0 0 0 0 1 0 0 0 0 1
Late 496 518.0 pelvis 0.731206834 3.35083428e-08 0.682155848 0 -4.49166713e-08 1 -9.74798686e-10 0 -0.682155848 -2.99273886e-08 0.731206834 0 0.0598103628 0.530000091 0.122300342 1
Late 496 518.0 chest 0.964062214 0.019469751 0.264962286 0 -0.0187645331 0.999810457 -0.00519275153 0 -0.265013158 3.42426392e-05 0.964244783 0 0.0598103665 0.930000067 0.122300342 1
Late 496 518.0 head 0.999025941 3.16622391e-08 0.0441271365 0 3.91719368e-09 1 -8.22084985e-07 0 -0.0441271216 8.23340088e-07 0.999025941 0 0.0527073629 1.30892789 0.120321132 1
Late 496 518.0 arm_R_0 0.415805221 -0.000490186736 0.909453511 0 0.901447713 -0.132173508 -0.412216157 0 0.120407738 0.991226435 -0.0545165204 0 -0.0130157908 0.930000067 0.387286752 1
Late 496 518.0 arm_R_1 0.59985882 -0.000595659018 0.800105751 0 0.799978018 -0.0174285509 -0.59977597 0 0.0143019482 0.999847889 -0.00997813419 0 0.225023597 0.805059016 0.278210521 1
Late 496 518.0 arm_R_2 0.796294689 -0.000372722745 0.604908764 0 0.599650323 0.132055417 -0.789291263 0 -0.0795872808 0.99124229 0.105378561 0 0.405285001 0.80122894 0.142467737 1
Late 496 518.0 hand_R 0.820884883 -0.00025343895 -0.571093321 0 -0.551057875 0.262201935 -0.792202711 0 0.149942577 0.965013027 0.215098023 0 0.527768791 0.918510139 -0.0199419409 1
Late 496 518.0 bat_grip 0.820884943 -0.000253433653 -0.571093261 0 -0.551057816 0.262201846 -0.792202771 0 0.149942502 0.965013027 0.215097964 0 0.527768791 0.918510139 -0.0199419409 1
Late 496 518.0 bat_barrel 0.820885003 -0.000253334874 -0.571093202 0 -0.551057577 0.262202531 -0.792202592 0 0.149942815 0.965012848 0.215098619 0 0.0538590252 1.14400375 -0.701236308 1
Late 496 518.0 bat_tip 0.820884943 -0.000253519946 -0.571093261 0 -0.551057816 0.262201846 -0.792202771 0 0.149942577 0.965013027 0.215097919 0 -0.133500755 1.23315251 -0.970585406 1
Late 496 518.0 arm_L_0 0.239117742 -0.00177074969 0.970988989 0 0.9635427 -0.12318787 -0.237508744 0 0.120034769 0.992381811 -0.0277502835 0 0.132636592 0.930000126 -0.142685935 1
Late 496 518.0 arm_L_1 0.0349069759 -0.00427906215 0.999381542 0 0.993776619 0.105993941 -0.0342574567 0 -0.1057816 0.994357586 0.00795230269 0 0.29094249 0.819899619 -0.182160705 1
Late 496 518.0 arm_L_2 -0.573849082 -0.0139504969 0.818842351 0 0.64116168 0.61440897 0.459797084 0 -0.509518266 0.788864374 -0.343633711 0 0.391470551 0.830910146 -0.18607983 1
Late 496 518.0 hand_L 0.820885241 -0.000253379345 -0.571093321 0 -0.551057816 0.262202084 -0.792203069 0 0.149942875 0.965012908 0.215098068 0 0.434088975 0.96308428 -0.154616296 1
Late 496 518.0 foot_R 0 4.37113883e-08 1 0 0.99999994 0 0 0 0 1 -4.37113883e-08 0 0.0799999833 0.0688500032 0.49000001 1
Late 496 518.0 foot_L -0.00749015762 -6.553405e-06 0.999971926 0 0.999966264 -0.00335832988 0.00749009382 0 0.00335818622 0.999994338 3.17076046e-05 0 0.0802440941 0.0701392218 -0.342873991 1
Late 496 518.5 root 1 0 0 0 0 1 0 0 0 0 1 0 0 0 0 1
Late 496 518.5 pelvis 0.722590864 2.71359077e-08 0.691275954 0 -5.10952454e-08 1 1.41550576e-08 0 -0.691275954 -4.55492319e-08 0.722590864 0 0.0603701398 0.530000031 0.122649699 1
Late 496 518.5 chest 0.959809303 0.0202527307 0.279921472 0 -0.01943174 0.9997949 -0.00570808118 0 -0.279979676 3.93060873e-05 0.960005999 0 0.0603701435 0.929999888 0.122649692 1
Late 496 518.5 head 0.99898988 1.14570503e-06 0.0449366271 0 -1.29912132e-06 1 3.41097257e-06 0 -0.0449366271 -3.46711022e-06 0.99898988 0 0.0530152656 1.30892181 0.120474063 1
Late 496 518.5 arm_R_0 0.391520709 -0.000574896578 0.920169115 0 0.911251664 -0.138641357 -0.387813091 0 0.127796441 0.990342498 -0.0537570491 0 -0.0165653154 0.930000186 0.386451066 1
Late 496 518.5 arm_R_1 0.576336205 -0.000709019601 0.817212403 0 0.816953957 -0.0246588942 -0.576175392 0 0.0205600746 0.999695659 -0.0136325397 0 0.222940177 0.803517222 0.28428483 1
Late 496 518.5 arm_R_2 0.779366314 -0.000449184328 0.626568317 0 0.621513724 0.127320603 -0.772987783 0 -0.0794278383 0.991861463 0.0995086208 0 0.404695421 0.798133194 0.155470043 1
Late 496 518.5 hand_R 0.823328495 -1.38878822e-05 -0.567565084 0 -0.550729394 0.241736755 -0.798912108 0 0.137212574 0.970341921 0.199021101 0 0.528693736 0.913860321 -1.31130219e-06 1
Late 496 518.5 bat_grip 0.823328555 -1.38812029e-05 -0.567565024 0 -0.550729334 0.241736665 -0.798912168 0 0.1372125 0.970341921 0.199021041 0 0.528693736 0.913860321 -1.31080162e-06 1
Late 496 518.5 bat_barrel 0.823328614 -1.37805382e-05 -0.567564964 0 -0.550729096 0.241737381 -0.798912048 0 0.137212813 0.970341742 0.199021697 0 0.0550664663 1.12175381 -0.68706578 1
Late 496 518.5 bat_tip 0.823328555 -1.39679578e-05 -0.567565024 0 -0.550729334 0.241736665 -0.798912168 0 0.137212574 0.970341921 0.199020997 0 -0.132181644 1.20394444 -0.958696067 1
Late 496 518.5 arm_L_0 0.206463903 -0.00212299824 0.978452027 0 0.968518436 -0.141705453 -0.204675376 0 0.139086634 0.98990649 -0.0272010118 0 0.137305632 0.92999965 -0.141151607 1
Late 496 518.5 arm_L_1 -0.0231510997 -0.0054436326 0.999717414 0 0.996520042 0.0799710602 0.0235124342 0 -0.0800762773 0.996782303 0.00357320905 0 0.294397473 0.817174077 -0.174844816 1
Late 496 518.5 arm_L_2 -0.644508123 -0.0171575248 0.764405131 0 0.622184455 0.569312453 0.537373185 0 -0.444405258 0.821942091 -0.356251538 0 0.393792659 0.825444162 -0.172947779 1
Late 496 518.5 hand_L 0.823081136 -0.000245988369 -0.567924142 0 -0.550949216 0.24231711 -0.798584938 0 0.137814462 0.970197082 0.199310914 0 0.435405523 0.95483923 -0.135544002 1
Late 496 518.5 foot_R 0 4.37113883e-08 1 0 0.99999994 0 0 0 0 1 -4.37113883e-08 0 0.0799999833 0.0688500032 0.49000001 1
Late 496 518.5 foot_L -0.00976848695 -8.43463204e-06 0.999952316 0 0.99994266 -0.00437817629 0.00976835657 0 0.00437788479 0.999990404 5.12023034e-05 0 0.0803245604 0.0705305338 -0.343747437 1
Late 496 519.0 root 1 0 0 0 0 1 0 0 0 0 1 0 0 0 0 1
Late 496 519.0 pelvis 0.713861108 2.05679811e-08 0.700287342 0 -5.74631613e-08 1 2.92062108e-08 0 -0.700287342 -6.10898994e-08 0.713861108 0 0.0609299131 0.529999971 0.122999065 1
Late 496 519.0 chest 0.955323577 0.021035701 0.29481259 0 -0.0200879574 0.999778748 -0.00624311529 0 -0.294878691 4.20119832e-05 0.955534697 0 0.0609299131 0.929999828 0.122999057 1
Late 496 519.0 head 0.998953104 3.70700945e-08 0.0457464308 0 1.71512511e-08 1 -1.16018418e-06 0 -0.0457463861 1.15910734e-06 0.998953044 0 0.0533273667 1.3089155 0.120619573 1
Late 496 519.0 arm_R_0 0.36695683 -0.000596343772 0.93023771 0 0.920361876 -0.145096898 -0.363154024 0 0.135191187 0.989417255 -0.0526954047 0 -0.0200956706 0.929999888 0.385551631 1
Late 496 519.0 arm_R_1 0.552331209 -0.000724673271 0.833624601 0 0.83318764 -0.0318987146 -0.552069485 0 0.0269916169 0.999490798 -0.0170148313 0 0.220673487 0.80199033 0.290307134 1
Late 496 519.0 arm_R_2 0.761859238 -0.000453468412 0.64774245 0 0.642902434 0.122549191 -0.756080866 0 -0.0790374428 0.992462337 0.0936568081 0 0.403664738 0.795091391 0.168396115 1
Late 496 519.0 hand_R 0.82569313 -0.000308573246 -0.564119577 0 -0.550090075 0.221191615 -0.805279613 0 0.125027016 0.975230336 0.182466656 0 0.528878152 0.909304023 0.0198182166 1
Late 496 519.0 bat_grip 0.82569319 -0.000308565184 -0.564119518 0 -0.550090015 0.221191525 -0.805279672 0 0.125026941 0.975230336 0.182466596 0 0.528878152 0.909304023 0.0198182166 1
Late 496 519.0 bat_barrel 0.82569325 -0.000308462651 -0.564119458 0 -0.550089777 0.221192241 -0.805279553 0 0.125027254 0.975230157 0.182467267 0 0.0558007061 1.09952879 -0.67272234 1
Late 496 519.0 bat_tip 0.82569319 -0.000308652379 -0.564119518 0 -0.550090015 0.221191525 -0.805279672 0 0.125027016 0.975230336 0.182466552 0 -0.131229997 1.174734 -0.946517467 1
Late 496 519.0 arm_L_0 0.173568025 -0.00215433538 0.984819591 0 0.972047448 -0.160169452 -0.171667472 0 0.158107936 0.98708725 -0.0257062763 0 0.14195551 0.929999888 -0.139553472 1
Late 496 519.0 arm_L_1 -0.0812641457 -0.00520740449 0.996679127 0 0.995212138 0.0540604182 0.0814269334 0 -0.054304719 0.998524189 0.000789225101 0 0.297589213 0.814504266 -0.167547151 1
Late 496 519.0 arm_L_2 -0.710839391 -0.0169894993 0.703149199 0 0.592740953 0.523702443 0.611877441 0 -0.378636181 0.851731956 -0.362198055 0 0.395445168 0.82011956 -0.15998517 1
Late 496 519.0 hand_L 0.82569313 -0.000308334827 -0.564119577 0 -0.550090075 0.221191615 -0.805279791 0 0.125027061 0.975230396 0.182466716 0 0.435362875 0.946906447 -0.117079139 1
Late 496 519.0 foot_R 0 4.37113883e-08 1 0 0.99999994 0 0 0 0 1 -4.37113883e-08 0 0.0799999833 0.0688500032 0.49000001 1
Late 496 519.0 foot_L -0.0120467637 -7.99220197e-06 0.999927461 0 0.999912798 -0.00539801922 0.0120465457 0 0.00539753074 0.999985456 7.30201646e-05 0 0.0804050267 0.0709218532 -0.344620854 1
Late 496 519.5 root 1 0 0 0 0 1 0 0 0 0 1 0 0 0 0 1
Late 496 519.5 pelvis 0.704924643 2.90752649e-08 0.709282279 0 -9.83924497e-09 1 -3.12137232e-08 0 -0.709282279 1.50245238e-08 0.704924643 0 0.0614956096 0.529999971 0.123352081 1
Late 496 519.5 chest 0.950554907 0.0218266994 0.309788734 0 -0.0207455307 0.99976176 -0.00678441487 0 -0.309863031 2.22260569e-05 0.950781226 0 0.0614955947 0.929999828 0.123352066 1
Late 496 519.5 head 0.998915315 1.12475482e-06 0.0465645194 0 -1.30575881e-06 1 3.86997272e-06 0 -0.0465645492 -3.92723268e-06 0.998915315 0 0.0536385402 1.30890942 0.120774195 1
Late 496 519.5 arm_R_0 0.341873676 -0.000330226962 0.939745724 0 0.928864896 -0.15161632 -0.337968469 0 0.14259243 0.988439381 -0.0515268557 0 -0.0236819629 0.930000186 0.3847076 1
Late 496 519.5 arm_R_1 0.52759254 -0.00041243434 0.849497437 0 0.848836243 -0.0391968265 -0.527200699 0 0.0335150436 0.999231398 -0.0203298368 0 0.21856907 0.800434351 0.296441227 1
Late 496 519.5 arm_R_2 0.743571579 -0.00026448071 0.668656051 0 0.664026797 0.117761731 -0.738376975 0 -0.0785468221 0.993041813 0.0877399221 0 0.403070211 0.791967154 0.181525633 1
Late 496 519.5 hand_R 0.828132033 0.000118523836 -0.560533226 0 -0.549193025 0.200302422 -0.811335862 0 0.112180069 0.979734182 0.165941954 0 0.529814899 0.904609919 0.039954327 1
Late 496 519.5 bat_grip 0.828132093 0.000118533302 -0.560533166 0 -0.549192965 0.200302333 -0.811335921 0 0.112180002 0.979734182 0.165941894 0 0.529814899 0.904609919 0.0399543233 1
Late 496 519.5 bat_barrel 0.828132153 0.000118637661 -0.560533106 0 -0.549192786 0.200303048 -0.811335802 0 0.112180315 0.979734004 0.165942565 0 0.0575089157 1.07686996 -0.657794595 1
Late 496 519.5 bat_tip 0.828132093 0.000118445707 -0.560533166 0 -0.549192965 0.200302333 -0.811335921 0 0.112180077 0.979734182 0.165941849 0 -0.12921679 1.14497292 -0.933648884 1
Late 496 519.5 arm_L_0 0.140140966 -0.00124040246 0.990130901 0 0.974152446 -0.178758413 -0.138103426 0 0.177165672 0.983892202 -0.0238431692 0 0.146673158 0.929999471 -0.138003483 1
Late 496 519.5 arm_L_1 -0.139564455 -0.00330343843 0.990207672 0 0.989819884 0.0277116075 0.139602184 0 -0.0279011577 0.999610484 -0.000597864389 0 0.301083446 0.811755776 -0.160161465 1
Late 496 519.5 arm_L_2 -0.771270931 -0.0100470483 0.63642776 0 0.556360483 0.475073278 0.681739211 0 -0.309198976 0.879888892 -0.360820621 0 0.397802353 0.814612925 -0.146744311 1
Late 496 519.5 hand_L 0.827882469 -0.000123620033 -0.560901999 0 -0.54944551 0.200898841 -0.811017632 0 0.11278519 0.979611993 0.166252553 0 0.436827451 0.93860364 -0.0977760106 1
Late 496 519.5 foot_R 0 4.37113883e-08 1 0 0.99999994 0 0 0 0 1 -4.37113883e-08 0 0.0799999833 0.0688500032 0.49000001 1
Late 496 519.5 foot_L -0.014355381 -5.16451109e-06 0.999896944 0 0.999876261 -0.00642868597 0.0143550523 0 0.00642794883 0.999979317 9.74501017e-05 0 0.0804912299 0.0713171586 -0.345505536 1
Late 496 520.0 root 1 0 0 0 0 1 0 0 0 0 1 0 0 0 0 1
Late 496 520.0 pelvis 0.69587487 3.85469257e-08 0.718163073 0 3.85469221e-08 1 -9.10249582e-08 0 -0.718163073 9.10249582e-08 0.69587487 0 0.0620613024 0.529999971 0.123705097 1
Late 496 520.0 chest 0.945550799 0.0226176176 0.32468769 0 -0.0213915687 0.999744177 -0.00734557398 0 -0.324770808 3.31346541e-08 0.945792794 0 0.0620612763 0.929999828 0.123705082 1
Late 496 520.0 head 0.99887681 -2.41653364e-08 0.0473827124 0 2.93791267e-08 0.99999994 -9.8318921e-08 0 -0.0473828018 9.84027793e-08 0.99887687 0 0.0539538786 1.3089031 0.12092112 1
Late 496 520.0 arm_R_0 0.316543251 5.16884029e-08 0.948578 0 0.936644971 -0.158119306 -0.312561184 0 0.149988487 0.987419963 -0.0500516184 0 -0.0272506475 0.929999828 0.383797944 1
Late 496 520.0 arm_R_1 0.50240618 4.47034836e-08 0.864631712 0 0.863696456 -0.0464980826 -0.501862764 0 0.0402036756 0.998918295 -0.0233609267 0 0.216277301 0.798889041 0.302531868 1
Late 496 520.0 arm_R_2 0.724722266 -7.4505806e-09 0.689040899 0 0.684632361 0.112941079 -0.720085382 0 -0.0778210461 0.99360162 0.0818509609 0 0.402027279 0.78888905 0.194599241 1
Late 496 520.0 hand_R 0.830488861 -3.27825546e-07 -0.557035267 0 -0.548003256 0.179346353 -0.817023277 0 0.0999025106 0.983785868 0.148944885 0 0.529999614 0.900000393 0.0599997193 1
Late 496 520.0 bat_grip 0.83048892 -3.16971494e-07 -0.557035208 0 -0.548003197 0.179346263 -0.817023337 0 0.0999024436 0.983785868 0.148944825 0 0.529999614 0.900000393 0.0599997155 1
Late 496 520.0 bat_barrel 0.83048898 -2.10830393e-07 -0.557035148 0 -0.548003018 0.179346979 -0.817023218 0 0.0999027565 0.983785748 0.148945495 0 0.0587168336 1.0542382 -0.642640352 1
Late 496 520.0 bat_tip 0.83048892 -4.04928812e-07 -0.557035208 0 -0.548003197 0.179346263 -0.817023337 0 0.0999025181 0.983785868 0.14894478 0 -0.127604365 1.11521602 -0.920428395 1
Late 496 520.0 arm_L_0 0.10656631 -1.04308128e-07 0.99430567 0 0.974769175 -0.197257847 -0.10447263 0 0.196134716 0.980351686 -0.021021083 0 0.151373208 0.929999769 -0.136387825 1
Late 496 520.0 arm_L_1 -0.197439238 1.1920929e-07 0.980315268 0 0.980313838 0.00167879835 0.197438776 0 -0.00164551288 0.999998689 -0.000331684947 0 0.304306358 0.809051812 -0.1527787 1
Late 496 520.0 arm_L_2 -0.825747073 -1.49011612e-07 0.564040661 0 0.51008904 0.426795185 0.746762931 0 -0.24072963 0.904348373 -0.352425039 0 0.399461746 0.809214711 -0.133613855 1
Late 496 520.0 hand_L 0.83048892 -1.1920929e-07 -0.557035267 0 -0.548003137 0.179346442 -0.817023396 0 0.0999026597 0.983785987 0.148944885 0 0.436839044 0.930489182 -0.0788939297 1
Late 496 520.0 foot_R 0 4.37113883e-08 1 0 0.99999994 0 0 0 0 1 -4.37113883e-08 0 0.0799999833 0.0688500032 0.49000001 1
Late 496 520.0 foot_L -0.0166639164 4.28329194e-08 0.999861121 0 0.999833286 -0.00745933456 0.0166634545 0 0.00745829893 0.999972165 0.000124258906 0 0.0805774331 0.0717124715 -0.346390218 1
Late 496 520.5 root 1 0 0 0 0 1 0 0 0 0 1 0 0 0 0 1
Late 496 520.5 pelvis 0.68577981 3.18253193e-08 0.727809131 0 3.18253193e-08 1 -7.37150501e-08 0 -0.727809131 7.37150501e-08 0.68577981 0 0.0625541508 0.529999971 0.124019042 1
Late 496 520.5 chest 0.940098643 0.0234578345 0.340094775 0 -0.0220504515 0.999724805 -0.00800301973 0 -0.34018895 2.43825871e-05 0.940357149 0 0.0625541434 0.929999948 0.124019027 1
Late 496 520.5 head 0.998837352 1.76846243e-06 0.0482091904 0 -1.98860562e-06 0.99999994 4.5044435e-06 0 -0.0482091904 -4.59667353e-06 0.998837292 0 0.0542040989 1.30889535 0.12097913 1
Late 496 520.5 arm_R_0 0.293887377 -0.00025116629 0.955839992 0 0.942915022 -0.163819432 -0.289956272 0 0.156658038 0.98649025 -0.0479075946 0 -0.0309545398 0.930000186 0.38250035 1
Late 496 520.5 arm_R_1 0.478339314 -0.000376522541 0.87817502 0 0.876902401 -0.0536146276 -0.477668911 0 0.0472628996 0.998561561 -0.0253157951 0 0.21340248 0.797514141 0.307294905 1
Late 496 520.5 arm_R_2 0.704849541 -0.000322345644 0.709356666 0 0.70529151 0.107226297 -0.700761318 0 -0.0758358091 0.994234502 0.0758057609 0 0.400004268 0.786128581 0.20543924 1
Late 496 520.5 hand_R 0.851946712 -0.000711411238 -0.523627937 0 -0.515919983 0.169814289 -0.839636564 0 0.0895169228 0.985475779 0.144305587 0 0.528855085 0.895848811 0.0769336298 1
Late 496 520.5 bat_grip 0.851946771 -0.000711399771 -0.523627877 0 -0.515919924 0.169814199 -0.839636624 0 0.0895168558 0.985475779 0.144305527 0 0.528855085 0.895848811 0.0769336298 1
Late 496 520.5 bat_barrel 0.851946831 -0.000711292843 -0.523627818 0 -0.515919745 0.169814914 -0.839636505 0 0.0895171389 0.985475659 0.144306213 0 0.0851639211 1.04188907 -0.64515388 1
Late 496 520.5 bat_tip 0.851946771 -0.000711487897 -0.523627877 0 -0.515919924 0.169814199 -0.839636624 0 0.0895169303 0.985475779 0.144305483 0 -0.0902489424 1.09962606 -0.930630445 1
Late 496 520.5 arm_L_0 0.0815158337 -0.000572577119 0.996672034 0 0.974598706 -0.209247604 -0.0798308253 0 0.208597139 0.977862418 -0.0164991319 0 0.156062841 0.92999965 -0.134462312 1
Late 496 520.5 arm_L_1 -0.233819827 -0.00141203403 0.972279131 0 0.972145438 -0.0169814341 0.233762905 0 0.0161808804 0.999854743 0.00534316897 0 0.308942437 0.807137847 -0.146995455 1
Late 496 520.5 arm_L_2 -0.840568483 -0.00156834722 0.541703463 0 0.497502506 0.393416524 0.773120224 0 -0.21432735 0.919358969 -0.329913497 0 0.404080749 0.805395365 -0.123983294 1
Late 496 520.5 hand_L 0.851790309 -0.000603467226 -0.523883164 0 -0.516183197 0.169854447 -0.839466989 0 0.0894907713 0.985468924 0.144368649 0 0.441231519 0.924768448 -0.0658113658 1
Late 496 520.5 foot_R 0 4.37113883e-08 1 0 0.99999994 0 0 0 0 1 -4.37113883e-08 0 0.0799999833 0.0688500032 0.49000001 1
Late 496 520.5 foot_L -0.0203094557 -1.31449242e-05 0.999793768 0 0.999752343 -0.0090934094 0.0203084983 0 0.0090912655 0.999958634 0.000197823858 0 0.0807240009 0.0723389611 -0.347784579 1
Late 496 521.0 root 1 0 0 0 0 1 0 0 0 0 1 0 0 0 0 1
Late 496 521.0 pelvis 0.675550997 2.48626826e-08 0.737313211 0 2.48626826e-08 1 -5.65006673e-08 0 -0.737313211 5.65006673e-08 0.675550997 0 0.0630470067 0.529999971 0.124332979 1
Late 496 521.0 chest 0.934394538 0.0242980905 0.355410159 0 -0.0226940904 0.999704778 -0.0086820256 0 -0.355516136 4.67288628e-05 0.934670091 0 0.0630470067 0.930000067 0.124332964 1
Late 496 521.0 head 0.99879694 1.03755156e-08 0.049035579 0 4.64424375e-08 1 -1.16820956e-06 0 -0.0490355492 1.17123273e-06 0.998796999 0 0.0544603094 1.3088876 0.121029191 1
Late 496 521.0 arm_R_0 0.271060914 -0.000465851976 0.962561965 0 0.948610902 -0.169510752 -0.267214149 0 0.1632891 0.985528171 -0.0455057621 0 -0.0346295983 0.930000007 0.381135076 1
Late 496 521.0 arm_R_1 0.453909904 -0.000667922199 0.891047299 0 0.889383972 -0.0607389212 -0.453107953 0 0.0544238798 0.998153329 -0.0269759111 0 0.210401356 0.796147466 0.31199047 1
Late 496 521.0 arm_R_2 0.684418321 -0.000555869192 0.7290892 0 0.725364745 0.101472199 -0.680844426 0 -0.0736038685 0.994838119 0.0698526725 0 0.397654414 0.783405721 0.216179341 1
Late 496 521.0 hand_R 0.872029483 -0.0013153255 -0.489451408 0 -0.482954621 0.160102412 -0.860884309 0 0.0794947892 0.987099409 0.13897872 0 0.527129829 0.89177537 0.0937013328 1
Late 496 521.0 bat_grip 0.872029543 -0.00131531327 -0.489451349 0 -0.482954562 0.160102323 -0.860884368 0 0.0794947222 0.987099409 0.138978645 0 0.527129829 0.89177537 0.0937013328 1
Late 496 521.0 bat_barrel 0.872029603 -0.00131520547 -0.489451259 0 -0.482954413 0.160103038 -0.860884249 0 0.0794949755 0.98709929 0.138979346 0 0.111788869 1.02946341 -0.646659255 1
Late 496 521.0 bat_tip 0.872029543 -0.00131540152 -0.489451349 0 -0.482954562 0.160102323 -0.860884368 0 0.0794947967 0.987099409 0.138978601 0 -0.0524157882 1.08389831 -0.939360023 1
Late 496 521.0 arm_L_0 0.0564031936 -0.00104542077 0.998407543 0 0.973661423 -0.221206501 -0.0552368611 0 0.220912084 0.975226402 -0.0114589781 0 0.160723627 0.930000007 -0.132469147 1
Late 496 521.0 arm_L_1 -0.269973695 -0.00236010551 0.962864816 0 0.962280512 -0.0355791077 0.26972267 0 0.0336215049 0.999364078 0.0118764043 0 0.313429236 0.805216193 -0.141144454 1
Late 496 521.0 arm_L_2 -0.855095446 -0.00335797668 0.518459678 0 0.482717872 0.359748095 0.798476517 0 -0.189195946 0.933043361 -0.305998147 0 0.408357143 0.801543415 -0.114264093 1
Late 496 521.0 hand_L 0.872029483 -0.00131526589 -0.489451528 0 -0.482954502 0.160102263 -0.860884488 0 0.0794948637 0.987099409 0.138978571 0 0.445027471 0.918992758 -0.0526490696 1
Late 496 521.0 foot_R 0 4.37113883e-08 1 0 0.99999994 0 0 0 0 1 -4.37113883e-08 0 0.0799999833 0.0688500032 0.49000001 1
Late 496 521.0 foot_L -0.0239547417 -2.03742729e-05 0.999713063 0 0.999655485 -0.010727495 0.0239531454 0 0.010723928 0.999942482 0.000277341635 0 0.0808705688 0.0729654506 -0.34917891 1
Late 496 521.5 root 1 0 0 0 0 1 0 0 0 0 1 0 0 0 0 1
Late 496 521.5 pelvis 0.665409863 2.69887899e-08 0.746478319 0 2.69887899e-08 1 -6.02126136e-08 0 -0.746478319 6.02126136e-08 0.665409863 0 0.063529484 0.529999971 0.124640308 1
Late 496 521.5 chest 0.928568184 0.0251209363 0.370310992 0 -0.0233176239 0.999684393 -0.00934621878 0 -0.370428979 4.38268762e-05 0.928860962 0 0.063529484 0.930000007 0.124640301 1
Late 496 521.5 head 0.998757124 1.70851763e-06 0.0498445928 0 -1.90143874e-06 1 3.87827095e-06 0 -0.0498446822 -3.96781979e-06 0.998757184 0 0.054705359 1.30887997 0.121085957 1
Late 496 521.5 arm_R_0 0.248568296 -0.000444997568 0.96861428 0 0.953633249 -0.175085306 -0.244804278 0 0.169699088 0.984553099 -0.0430962667 0 -0.0382542238 0.930000246 0.379864514 1
Late 496 521.5 arm_R_1 0.429654032 -0.000654131174 0.9029935 0 0.900902271 -0.0677098557 -0.428708076 0 0.0614219606 0.997704685 -0.0285024941 0 0.207586393 0.794802845 0.316649705 1
Late 496 521.5 arm_R_2 0.663869739 -0.000553708524 0.747848153 0 0.744439423 0.0958618075 -0.66077286 0 -0.0713242516 0.995394349 0.0640519857 0 0.395670712 0.780706704 0.226782709 1
Late 496 521.5 hand_R 0.890395641 -0.00126487017 -0.455186188 0 -0.44981724 0.150713563 -0.880312562 0 0.0697163194 0.988576651 0.133625716 0 0.526002765 0.887715936 0.110264763 1
Late 496 521.5 bat_grip 0.890395641 -0.00126485736 -0.455186129 0 -0.449817181 0.150713474 -0.880312562 0 0.0697162598 0.988576651 0.133625641 0 0.526002765 0.887715936 0.110264763 1
Late 496 521.5 bat_barrel 0.890395641 -0.00126474886 -0.455186039 0 -0.449817032 0.150714189 -0.880312383 0 0.0697164908 0.988576531 0.133626357 0 0.139159948 1.01732957 -0.646804035 1
Late 496 521.5 bat_tip 0.890395641 -0.00126494572 -0.455186129 0 -0.449817181 0.150713474 -0.880312562 0 0.0697163418 0.988576651 0.133625597 0 -0.0137779713 1.06857228 -0.946110487 1
Late 496 521.5 arm_L_0 0.0317855887 -0.00100722909 0.999494433 0 0.97200346 -0.232893839 -0.0311462134 0 0.232807502 0.972501636 -0.00642377138 0 0.165313169 0.92999965 -0.130583882 1
Late 496 521.5 arm_L_1 -0.304937303 -0.00238609314 0.952369809 0 0.951028168 -0.0538801923 0.304372609 0 0.050587751 0.998544514 0.0186992288 0 0.317965209 0.803344309 -0.135485202 1
Late 496 521.5 arm_L_2 -0.868451715 -0.00297039747 0.495765388 0 0.467830747 0.326066673 0.821471334 0 -0.164092451 0.945341945 -0.28178367 0 0.412874579 0.797809839 -0.104844287 1
Late 496 521.5 hand_L 0.890265465 -0.00116464496 -0.455441773 0 -0.450080037 0.150760204 -0.880170584 0 0.0696879625 0.988569498 0.133692265 0 0.449615449 0.91341424 -0.0393993296 1
Late 496 521.5 foot_R 0 4.37113883e-08 1 0 0.99999994 0 0 0 0 1 -4.37113883e-08 0 0.0799999833 0.0688500032 0.49000001 1
Late 496 521.5 foot_L -0.0275386944 -2.15836517e-05 0.999620736 0 0.99954474 -0.012327251 0.0275363363 0 0.0123219797 0.999924004 0.000361050217 0 0.0810260773 0.0735783949 -0.350548804 1
Late 496 522.0 root 1 0 0 0 0 1 0 0 0 0 1 0 0 0 0 1
Late 496 522.0 pelvis 0.655144513 2.91654239e-08 0.755503654 0 2.91654239e-08 1 -6.38951221e-08 0 -0.755503654 6.38951221e-08 0.655144513 0 0.0640119612 0.529999971 0.124947637 1
Late 496 522.0 chest 0.922503471 0.0259437449 0.385115981 0 -0.0239262227 0.999663413 -0.0100307185 0 -0.385246575 3.90024288e-05 0.922813773 0 0.0640119687 0.929999948 0.124947645 1
Late 496 522.0 head 0.998716354 2.11493898e-08 0.050653547 0 2.64590199e-08 1 -9.1624679e-07 0 -0.0506535172 9.17072612e-07 0.998716414 0 0.0549560413 1.30887234 0.121134989 1
Late 496 522.0 arm_R_0 0.225938693 -0.000389324501 0.974141538 0 0.95809871 -0.180649385 -0.222289994 0 0.17606461 0.98354739 -0.0404426306 0 -0.0418532416 0.929999948 0.378528237 1
Late 496 522.0 arm_R_1 0.40508917 -0.000558234751 0.914277196 0 0.911707103 -0.0746829733 -0.40399605 0 0.068506442 0.997207105 -0.0297442712 0 0.204649061 0.79346329 0.321250021 1
Late 496 522.0 arm_R_2 0.642819643 -0.000464558601 0.766017437 0 0.762920618 0.0902189463 -0.640166342 0 -0.0688119158 0.99592185 0.0583490022 0 0.393373519 0.778037429 0.23730512 1
Late 496 522.0 hand_R 0.907386839 -0.00109922886 -0.420295358 0 -0.415945917 0.14116244 -0.898366451 0 0.0603174567 0.989985883 0.127631634 0 0.524320185 0.883722961 0.126693338 1
Late 496 522.0 bat_grip 0.907386839 -0.00109921547 -0.420295298 0 -0.415945858 0.141162351 -0.898366451 0 0.0603173971 0.989985883 0.12763156 0 0.524320185 0.883722961 0.126693338 1
Late 496 522.0 bat_barrel 0.907386839 -0.00109910616 -0.420295209 0 -0.415945709 0.141163066 -0.898366272 0 0.0603175983 0.989985764 0.127632275 0 0.166606724 1.00512254 -0.645901799 1
Late 496 522.0 bat_tip 0.907386839 -0.00109930395 -0.420295298 0 -0.415945858 0.141162351 -0.898366451 0 0.0603174791 0.989985883 0.127631515 0 0.0251850486 1.05311799 -0.951346517 1
Late 496 522.0 arm_L_0 0.00714606792 -0.000873669982 0.999974251 0 0.969612122 -0.244543314 -0.00714287162 0 0.244543344 0.96963799 -0.000900506973 0 0.169877112 0.929999828 -0.128632858 1
Late 496 522.0 arm_L_1 -0.339563072 -0.0019723177 0.940581501 0 0.938185036 -0.0720763654 0.338546783 0 0.06712614 0.997397244 0.0263248086 0 0.322359979 0.801460981 -0.129755095 1
Late 496 522.0 arm_L_2 -0.881445229 -0.00280612707 0.472277999 0 0.450946778 0.292188704 0.843369961 0 -0.140360653 0.956356645 -0.256283045 0 0.417065084 0.79403317 -0.0953215882 1
Late 496 522.0 hand_L 0.90738678 -0.00109910965 -0.420295358 0 -0.415945798 0.141162574 -0.89836657 0 0.0603175461 0.989985883 0.127631783 0 0.453609347 0.907720447 -0.0260288455 1
Late 496 522.0 foot_R 0 4.37113883e-08 1 0 0.99999994 0 0 0 0 1 -4.37113883e-08 0 0.0799999833 0.0688500032 0.49000001 1
Late 496 522.0 foot_L -0.0311222915 -1.70573076e-05 0.999515593 0 0.999418616 -0.0139269708 0.0311190374 0 0.0139196916 0.999903023 0.00045048655 0 0.0811815858 0.0741913393 -0.351918668 1
Late 496 522.5 root 1 0 0 0 0 1 0 0 0 0 1 0 0 0 0 1
Late 496 522.5 pelvis 0.644932747 -9.51763557e-09 0.76423943 0 -9.51763557e-09 1 2.04855635e-08 0 -0.76423943 -2.04855635e-08 0.644932747 0 0.064463459 0.529999971 0.125238895 1
Late 496 522.5 chest 0.915924191 0.0267587956 0.400458574 0 -0.0245050956 0.999641895 -0.0107486974 0 -0.400602758 3.17168342e-05 0.916251898 0 0.064463459 0.929999948 0.12523891 1
Late 496 522.5 head 0.998675823 1.79054496e-06 0.0514466763 0 -1.99981787e-06 0.99999994 4.04497405e-06 0 -0.0514466166 -4.14238821e-06 0.998675823 0 0.0551864803 1.30886412 0.121157289 1
Late 496 522.5 arm_R_0 0.203472883 -0.000286375638 0.979080558 0 0.961988866 -0.185977235 -0.199975178 0 0.182143956 0.982553959 -0.0375657752 0 -0.0456320867 0.930000246 0.377049446 1
Late 496 522.5 arm_R_1 0.380191624 -0.000447131693 0.924907744 0 0.921816766 -0.0815048665 -0.378960341 0 0.075553894 0.99667275 -0.0305752642 0 0.201571658 0.792163968 0.325605333 1
Late 496 522.5 arm_R_2 0.620613396 -0.000421829522 0.784116626 0 0.78133893 0.0844340026 -0.618369341 0 -0.0659453124 0.996428967 0.0527304932 0 0.391018569 0.775429726 0.247508094 1
Late 496 522.5 hand_R 0.928349435 -0.00128862262 -0.371706784 0 -0.368296534 0.131998897 -0.920290172 0 0.0502508432 0.991249025 0.122066498 0 0.522714913 0.879799664 0.142761871 1
Late 496 522.5 bat_grip 0.928349435 -0.00128860865 -0.371706724 0 -0.368296474 0.131998807 -0.920290172 0 0.0502507873 0.991249025 0.122066423 0 0.522714913 0.879799664 0.142761871 1
Late 496 522.5 bat_barrel 0.928349435 -0.00128849864 -0.371706665 0 -0.368296355 0.131999537 -0.920289993 0 0.0502509512 0.991248906 0.122067153 0 0.205979913 0.993318617 -0.648687661 1
Late 496 522.5 bat_tip 0.928349435 -0.00128869724 -0.371706724 0 -0.368296474 0.131998807 -0.920290172 0 0.0502508692 0.991249025 0.122066393 0 0.0807590485 1.03819835 -0.961586416 1
Late 496 522.5 arm_L_0 -0.0162724294 -0.000545457006 0.999867499 0 0.966970086 -0.254412651 0.0155982077 0 0.25437063 0.967095613 0.0046672523 0 0.174558982 0.92999953 -0.126571521 1
Late 496 522.5 arm_L_1 -0.369081557 -0.0012575537 0.929396331 0 0.925815821 -0.0882025808 0.36754021 0 0.0815131888 0.996101737 0.033718124 0 0.327647656 0.799647093 -0.124024309 1
Late 496 522.5 arm_L_2 -0.889675558 -0.00107902288 0.456592292 0 0.440536946 0.260831237 0.859007657 0 -0.120020181 0.965383768 -0.231580004 0 0.42298916 0.790421307 -0.0859386697 1
Late 496 522.5 hand_L 0.928269625 -0.000978022814 -0.371907115 0 -0.368534893 0.131965756 -0.920199513 0 0.0499793589 0.991253734 0.122139111 0 0.460177153 0.902324319 -0.0136466399 1
Late 496 522.5 foot_R 0 4.37113883e-08 1 0 0.99999994 0 0 0 0 1 -4.37113883e-08 0 0.0799999833 0.0688500032 0.49000001 1
Late 496 522.5 foot_L -0.0349340998 -1.80609495e-05 0.999389589 0 0.999267578 -0.0156237008 0.0349295549 0 0.0156135326 0.99987793 0.000563847716 0 0.0813595057 0.0748410225 -0.353373766 1
Late 496 523.0 root 1 0 0 0 0 1 0 0 0 0 1 0 0 0 0 1
Late 496 523.0 pelvis 0.634604573 -4.93311205e-08 0.772836983 0 -4.93311205e-08 1 1.04338788e-07 0 -0.772836983 -1.04338788e-07 0.634604573 0 0.0649149567 0.529999971 0.125530168 1
Late 496 523.0 chest 0.909089029 0.0275737979 0.415688366 0 -0.0250675138 0.999619782 -0.011486277 0 -0.415847093 2.17720499e-05 0.909434557 0 0.0649149567 0.929999888 0.125530168 1
Late 496 523.0 head 0.998634577 2.08774509e-08 0.0522395372 0 2.63935362e-09 1 -4.85209966e-07 0 -0.0522396564 4.82592441e-07 0.998634577 0 0.0554230623 1.30885577 0.121172078 1
Late 496 523.0 arm_R_0 0.180897534 -0.000155684073 0.983501911 0 0.965333998 -0.191294491 -0.177586138 0 0.188166171 0.981532693 -0.034454383 0 -0.0493812971 0.929999828 0.375500083 1
Late 496 523.0 arm_R_1 0.355020434 -0.000258244574 0.934858561 0 0.93119669 -0.0883259028 -0.353654176 0 0.0826635659 0.996091604 -0.031116996 0 0.198381186 0.790867448 0.329897583 1
Late 496 523.0 arm_R_2 0.597910225 -0.000285588205 0.801563025 0 0.799095392 0.0786194205 -0.59604162 0 -0.062848188 0.996904671 0.0472355895 0 0.388365895 0.772845924 0.25762853 1
Late 496 523.0 hand_R 0.946691155 -0.00120767951 -0.322140187 0 -0.319570273 0.122592628 -0.939598858 0 0.040626809 0.992456317 0.115671426 0 0.520572782 0.875935853 0.158692539 1
Late 496 523.0 bat_grip 0.946691155 -0.00120766484 -0.322140127 0 -0.319570214 0.122592539 -0.939598858 0 0.0406267568 0.992456317 0.115671344 0 0.520572782 0.875935853 0.158692539 1
Late 496 523.0 bat_barrel 0.946691155 -0.00120755413 -0.322140068 0 -0.319570094 0.122593269 -0.939598739 0 0.0406268835 0.992456198 0.115672082 0 0.245742351 0.981365442 -0.649362504 1
Late 496 523.0 bat_tip 0.946691155 -0.00120775355 -0.322140127 0 -0.319570214 0.122592539 -0.939598858 0 0.0406268425 0.992456317 0.115671314 0 0.137088448 1.02304709 -0.968826234 1
Late 496 523.0 arm_L_0 -0.0396816432 -0.000156283379 0.999212384 0 0.963696241 -0.264250219 0.0382296965 0 0.264036298 0.964454174 0.0106363893 0 0.179211229 0.929999888 -0.124439597 1
Late 496 523.0 arm_L_1 -0.398273557 -0.000279024243 0.917266846 0 0.912281215 -0.104240216 0.396077007 0 0.0955057889 0.994552135 0.041770637 0 0.332796156 0.797808588 -0.118186913 1
Late 496 523.0 arm_L_2 -0.897782505 0.000198185444 0.440439194 0 0.428750694 0.229241997 0.873854101 0 -0.100793749 0.973369479 -0.205894515 0 0.428603053 0.786728382 -0.0763785988 1
Late 496 523.0 hand_L 0.946691334 -0.0012075901 -0.322140396 0 -0.319570452 0.122592539 -0.939598858 0 0.0406269431 0.992456377 0.115671314 0 0.466245711 0.896776795 -0.0010390766 1
Late 496 523.0 foot_R 0 4.37113883e-08 1 0 0.99999994 0 0 0 0 1 -4.37113883e-08 0 0.0799999833 0.0688500032 0.49000001 1
Late 496 523.0 foot_L -0.038745407 -1.2592719e-05 0.999249101 0 0.999099195 -0.0173203815 0.0387393795 0 0.0173068866 0.999849975 0.000683666614 0 0.0815374255 0.0754907057 -0.354828864 1
Late 496 523.5 root 1 0 0 0 0 1 0 0 0 0 1 0 0 0 0 1
Late 496 523.5 pelvis 0.624248505 -3.25863887e-08 0.78122592 0 -3.25863887e-08 1 6.77504488e-08 0 -0.78122592 -6.77504488e-08 0.624248505 0 0.0652969629 0.529999971 0.125787705 1
Late 496 523.5 chest 0.90086019 0.0284013618 0.433179289 0 -0.0255760346 0.999596596 -0.0123493299 0 -0.433355361 4.60104202e-05 0.901223183 0 0.0652969554 0.929999948 0.125787705 1
Late 496 523.5 head 0.998593509 2.14348984e-06 0.0530199409 0 -2.34664367e-06 1 3.78924233e-06 0 -0.0530200005 -3.90792411e-06 0.99859345 0 0.0556210838 1.30884659 0.121097654 1
Late 496 523.5 arm_R_0 0.158121407 -0.000318360049 0.987419546 0 0.968221903 -0.196181878 -0.155110493 0 0.193763211 0.980567455 -0.0307122972 0 -0.0537521243 0.930000603 0.373374194 1
Late 496 523.5 arm_R_1 0.328456938 -0.00055424124 0.944518805 0 0.940225601 -0.0950479358 -0.327019751 0 0.0899558067 0.995472491 -0.0306980237 0 0.194437504 0.789641738 0.333575875 1
Late 496 523.5 arm_R_2 0.571842134 -0.000632297248 0.820363343 0 0.818255603 0.0720853359 -0.570317328 0 -0.0587755814 0.997398198 0.0417388529 0 0.384870321 0.770385623 0.26712507 1
Late 496 523.5 hand_R 0.97293663 -0.00279739499 -0.231056094 0 -0.229253799 0.113530308 -0.966723084 0 0.0289361924 0.993530512 0.109816462 0 0.517558694 0.872231185 0.174033463 1
Late 496 523.5 bat_grip 0.97293663 -0.00279737986 -0.231056035 0 -0.229253739 0.113530219 -0.966723084 0 0.0289361496 0.993530512 0.10981638 0 0.517558694 0.872231185 0.174033463 1
Late 496 523.5 bat_barrel 0.97293663 -0.00279726833 -0.23105596 0 -0.22925365 0.113530949 -0.966722965 0 0.0289362036 0.993530452 0.109817125 0 0.320400447 0.96986717 -0.657348394 1
Late 496 523.5 bat_tip 0.97293663 -0.0027974688 -0.231056049 0 -0.229253739 0.113530219 -0.966723084 0 0.0289362371 0.993530512 0.109816357 0 0.242454141 1.00846756 -0.986034453 1
Late 496 523.5 arm_L_0 -0.0605724007 -0.00031490624 0.998163819 0 0.961216688 -0.269574165 0.0582450777 0 0.269060969 0.962979555 0.0166313648 0 0.184346035 0.929999292 -0.121798649 1
Late 496 523.5 arm_L_1 -0.415543109 -0.000544533134 0.909573495 0 0.903556406 -0.115082279 0.412725121 0 0.104451254 0.99335587 0.0483136326 0 0.340426147 0.796070099 -0.112015426 1
Late 496 523.5 arm_L_2 -0.895167232 0.000827521086 0.44573006 0 0.436439514 0.20474185 0.876128674 0 -0.0905343294 0.978815675 -0.183639467 0 0.438742399 0.783276737 -0.0666733682 1
Late 496 523.5 hand_L 0.972918451 -0.00206762552 -0.231140792 0 -0.229421899 0.113406353 -0.96669805 0 0.0282119811 0.993546486 0.109860614 0 0.478679955 0.891601384 0.0101742819 1
Late 496 523.5 foot_R 0 4.37113883e-08 1 0 0.99999994 0 0 0 0 1 -4.37113883e-08 0 0.0799999833 0.0688500032 0.49000001 1
Late 496 523.5 foot_L -0.043319352 -2.99553649e-05 0.999061286 0 0.998874009 -0.0193597227 0.0433106571 0 0.0193402506 0.999812603 0.000868572213 0 0.0817686766 0.0762710869 -0.356570929 1
Late 496 524.0 root 1 0 0 0 0 1 0 0 0 0 1 0 0 0 0 1
Late 496 524.0 pelvis 0.613781631 -1.53555177e-08 0.789475858 0 -1.53555177e-08 1 3.13884883e-08 0 -0.789475858 -3.13884883e-08 0.613781631 0 0.0656789765 0.529999971 0.126045227 1
Late 496 524.0 chest 0.892294288 0.0292290468 0.450507015 0 -0.0260626283 0.999572754 -0.0132318111 0 -0.450701296 6.52722738e-05 0.892674863 0 0.0656789616 0.930000067 0.126045227 1
Late 496 524.0 head 0.998551726 1.86410034e-08 0.0538000166 0 4.41050361e-08 1 -1.18862226e-06 0 -0.0538000166 1.19063407e-06 0.998551786 0 0.0558276065 1.30883718 0.121016182 1
Late 496 524.0 arm_R_0 0.135258064 -0.00046876166 0.990810335 0 0.970564246 -0.20106028 -0.132589355 0 0.199274734 0.979578733 -0.0267400239 0 -0.0580734424 0.930000067 0.371158004 1
Late 496 524.0 arm_R_1 0.301632762 -0.000777505338 0.953423917 0 0.948450089 -0.101770267 -0.300142169 0 0.0972635448 0.994807541 -0.0299597979 0 0.190402612 0.788417995 0.337162018 1
Late 496 524.0 arm_R_2 0.545194566 -0.000859960914 0.83830905 0 0.836539149 0.0655149221 -0.543976307 0 -0.0544539914 0.997851193 0.036437802 0 0.381100684 0.767946661 0.276499391 1
Late 496 524.0 hand_R 0.990431964 -0.00364953279 -0.137953967 0 -0.136833012 0.103872836 -0.985133052 0 0.0179249644 0.994583845 0.10237962 0 0.514021158 0.868586838 0.189169914 1
Late 496 524.0 bat_grip 0.990431964 -0.0036495172 -0.137953907 0 -0.136832952 0.103872746 -0.985133052 0 0.017924929 0.994583845 0.102379531 0 0.514021158 0.868586838 0.189169914 1
Late 496 524.0 bat_barrel 0.990431964 -0.0036494052 -0.137953833 0 -0.136832863 0.103873476 -0.985132933 0 0.0179249123 0.994583786 0.102380283 0 0.396344781 0.957917392 -0.658044577 1
Late 496 524.0 bat_tip 0.990431964 -0.00364960614 -0.137953922 0 -0.136832952 0.103872746 -0.985133052 0 0.0179250184 0.994583845 0.102379516 0 0.349821568 0.993234277 -0.992989838 1
Late 496 524.0 arm_L_0 -0.0814389437 -0.000470608473 0.996678352 0 0.9582932 -0.274887621 0.0781725943 0 0.273937911 0.961476207 0.0228374228 0 0.189431354 0.930000126 -0.119067453 1
Late 496 524.0 arm_L_1 -0.432687551 -0.000840350986 0.901543796 0 0.894414842 -0.12591055 0.429148734 0 0.113153487 0.992041171 0.0552314818 0 0.347910702 0.794299781 -0.105647668 1
Late 496 524.0 arm_L_2 -0.892603636 0.000596404076 0.450842172 0 0.443580031 0.179927811 0.877987981 0 -0.0805951059 0.983679533 -0.160868928 0 0.448612183 0.779710412 -0.0566722825 1
Late 496 524.0 hand_L 0.990432024 -0.00364953279 -0.137954175 0 -0.136833102 0.103872761 -0.98513329 0 0.0179253221 0.994583726 0.102379397 0 0.490759522 0.88624531 0.0216973424 1
Late 496 524.0 foot_R 0 4.37113883e-08 1 0 0.99999994 0 0 0 0 1 -4.37113883e-08 0 0.0799999833 0.0688500032 0.49000001 1
Late 496 524.0 foot_L -0.0478924066 -3.79804624e-05 0.998852491 0 0.998623729 -0.0213990379 0.0478806309 0 0.0213726629 0.999770999 0.0010627798 0 0.0819999278 0.0770514682 -0.358312994 1
Late 496 524.5 root 1 0 0 0 0 1 0 0 0 0 1 0 0 0 0 1
Late 496 524.5 pelvis 0.603444636 -4.84985101e-08 0.797405005 0 -4.84985065e-08 1 9.75221965e-08 0 -0.797405005 -9.75221965e-08 0.603444636 0 0.0660523996 0.529999971 0.126296967 1
Late 496 524.5 chest 0.88359791 0.0300383102 0.467282176 0 -0.0265266858 0.999548733 -0.0140939206 0 -0.467494696 5.79111547e-05 0.88399595 0 0.0660523772 0.930000007 0.126296967 1
Late 496 524.5 head 0.99851048 2.03116178e-06 0.0545626879 0 -2.21416121e-06 0.99999994 3.34385913e-06 0 -0.0545626581 -3.46029628e-06 0.998510361 0 0.0560213439 1.30882812 0.120943464 1
Late 496 524.5 arm_R_0 0.112840541 -0.000404980034 0.993613064 0 0.972328246 -0.205830395 -0.110507153 0 0.204560518 0.978587627 -0.0228321943 0 -0.0623437911 0.930000663 0.369079739 1
Late 496 524.5 arm_R_1 0.275174737 -0.000696927309 0.961394072 0 0.955714822 -0.108338483 -0.273627669 0 0.104346655 0.994113803 -0.0291459151 0 0.186548039 0.787220895 0.340754479 1
Late 496 524.5 arm_R_2 0.518589079 -0.000790089369 0.855023265 0 0.853552699 0.0591129884 -0.517642498 0 -0.0501340255 0.998250961 0.0313297734 0 0.377681911 0.765544534 0.285774529 1
Late 496 524.5 hand_R 0.998950481 -0.00350451469 -0.045671761 0 -0.0451338589 0.0948581994 -0.994467139 0 0.00781747699 0.995484591 0.0946004987 0 0.511069834 0.864970207 0.204151243 1
Late 496 524.5 bat_grip 0.998950481 -0.00350449816 -0.045671694 0 -0.0451337956 0.09485811 -0.994467139 0 0.00781745091 0.995484591 0.0946004093 0 0.511069834 0.864970207 0.204151243 1
Late 496 524.5 bat_barrel 0.998950481 -0.00350438524 -0.0456716195 0 -0.0451337211 0.0948588476 -0.99446702 0 0.00781736523 0.995484531 0.0946011543 0 0.472254753 0.946548164 -0.651090503 1
Late 496 524.5 bat_tip 0.998950481 -0.0035045871 -0.0456717014 0 -0.0451337956 0.09485811 -0.994467139 0 0.00781754032 0.995484591 0.0946004018 0 0.456909239 0.978800058 -0.989209414 1
Late 496 524.5 arm_L_0 -0.101800948 -0.000402137637 0.9948048 0 0.955001712 -0.280077577 0.0976144969 0 0.278583407 0.959977269 0.0288960859 0 0.194448531 0.929999471 -0.116485752 1
Late 496 524.5 arm_L_1 -0.449277908 -0.000701129436 0.893391967 0 0.885075092 -0.136483476 0.44498831 0 0.1216214 0.99064213 0.0619394779 0 0.355364889 0.792600632 -0.0996150896 1
Late 496 524.5 arm_L_2 -0.889985383 0.000920057297 0.455988228 0 0.450552344 0.15573436 0.879061699 0 -0.0702040493 0.987798572 -0.139015988 0 0.458516717 0.77633667 -0.0471856669 1
Late 496 524.5 hand_L 0.998948693 -0.00279721618 -0.0457550734 0 -0.0452837124 0.0948710591 -0.994459093 0 0.00712275505 0.995485604 0.0946444869 0 0.503328741 0.881242871 0.0355840698 1
Late 496 524.5 foot_R 0 4.37113883e-08 1 0 0.99999994 0 0 0 0 1 -4.37113883e-08 0 0.0799999833 0.0688500032 0.49000001 1
Late 496 524.5 foot_L -0.0523615628 -3.68026158e-05 0.998628199 0 0.998354912 -0.0233924557 0.0523463748 0 0.0233584363 0.999726355 0.00126160763 0 0.082244426 0.0778137073 -0.360013545 1
Late 496 525.0 root 1 0 0 0 0 1 0 0 0 0 1 0 0 0 0 1
Late 496 525.0 pelvis 0.5930053 -8.25002218e-08 0.80519855 0 -8.25002218e-08 1 1.63218488e-07 0 -0.80519855 -1.63218473e-07 0.5930053 0 0.0664258227 0.529999971 0.126548693 1
Late 496 525.0 chest 0.874585509 0.030847501 0.483889103 0 -0.0269694403 0.999524117 -0.0149739627 0 -0.484120756 4.57919959e-05 0.875001192 0 0.0664258003 0.929999948 0.126548693 1
Late 496 525.0 head 0.998468459 -8.3255145e-09 0.0553249121 0 6.10452844e-08 1 -9.54696588e-07 0 -0.0553249121 9.58127202e-07 0.998468399 0 0.0562230833 1.30881882 0.120863795 1
Late 496 525.0 arm_R_0 0.0903637409 -0.000329677016 0.995908678 0 0.973568559 -0.210591137 -0.088406384 0 0.209758669 0.977574229 -0.0187087953 0 -0.0665701777 0.929999948 0.366913497 1
Late 496 525.0 arm_R_1 0.248510614 -0.000546723604 0.968628943 0 0.962198019 -0.114902452 -0.246925473 0 0.111432806 0.993376672 -0.0280283839 0 0.182603315 0.78602314 0.344263017 1
Late 496 525.0 arm_R_2 0.491485059 -0.00060466677 0.87088567 0 0.869692087 0.0526842028 -0.490774751 0 -0.0455851816 0.998611212 0.0264194086 0 0.373998761 0.76315701 0.294945955 1
Late 496 525.0 hand_R 0.998894751 -0.00256201625 0.0469313264 0 0.0469785631 0.0854159892 -0.995237112 0 -0.00145879388 0.996342301 0.0854418576 0 0.507616639 0.86140269 0.218962014 1
Late 496 525.0 bat_grip 0.998894751 -0.00256199925 0.0469313934 0 0.0469786264 0.0854158998 -0.995237112 0 -0.00145881181 0.996342301 0.0854417607 0 0.507616639 0.86140269 0.218961999 1
Late 496 525.0 bat_barrel 0.998894751 -0.00256188586 0.046931468 0 0.046978686 0.0854166374 -0.995236993 0 -0.00145896594 0.996342242 0.0854424983 0 0.548018217 0.934860349 -0.63694191 1
Late 496 525.0 bat_tip 0.998894751 -0.00256208843 0.046931386 0 0.0469786264 0.0854158998 -0.995237112 0 -0.00145872252 0.996342301 0.0854417682 0 0.563990951 0.963901877 -0.975322664 1
Late 496 525.0 arm_L_0 -0.122121379 -0.00033095479 0.992515087 0 0.951288819 -0.285257012 0.116953552 0 0.283083379 0.958451033 0.0351507068 0 0.199421749 0.930000126 -0.113816097 1
Late 496 525.0 arm_L_1 -0.465733051 -0.000590950251 0.884925246 0 0.875346839 -0.147041708 0.4605937 0 0.129848957 0.989130199 0.0689993873 0 0.362685621 0.790869534 -0.0933902636 1
Late 496 525.0 arm_L_2 -0.887422144 0.000419259071 0.460957617 0 0.457016915 0.131278396 0.879716694 0 -0.0601446629 0.991345525 -0.116691098 0 0.468171477 0.772849739 -0.0374088697 1
Late 496 525.0 hand_L 0.99889487 -0.00256189704 0.0469310656 0 0.0469785556 0.0854160488 -0.99523747 0 -0.00145867467 0.996342063 0.085441798 0 0.515603006 0.875923395 0.0497719571 1
Late 496 525.0 foot_R 0 4.37113883e-08 1 0 0.99999994 0 0 0 0 1 -4.37113883e-08 0 0.0799999833 0.0688500032 0.49000001 1
Late 496 525.0 foot_L -0.0568296574 -2.67023697e-05 0.99838388 0 0.998062134 -0.0253857579 0.0568106696 0 0.0253432114 0.999677718 0.00146931468 0 0.0824889243 0.0785759464 -0.361714125 1
Late 496 525.5 root 1 0 0 0 0 1 0 0 0 0 1 0 0 0 0 1
Late 496 525.5 pelvis 0.582899511 -4.20603889e-08 0.812544286 0 -4.20603889e-08 1 8.19369106e-08 0 -0.812544286 -8.19369106e-08 0.582899511 0 0.066761449 0.529999971 0.126782805 1
Late 496 525.5 chest 0.864825964 0.0316474885 0.50107336 0 -0.0273621157 0.999499083 -0.015902197 0 -0.501325607 4.22077173e-05 0.865258813 0 0.066761449 0.929999948 0.126782805 1
Late 496 525.5 head 0.998426855 2.05664583e-06 0.0560706258 0 -2.24653013e-06 0.99999994 3.32291893e-06 0 -0.0560706258 -3.43756983e-06 0.998426974 0 0.0564088151 1.30880964 0.120749079 1
Late 496 525.5 arm_R_0 0.0682885647 -0.000229424331 0.997665584 0 0.974389732 -0.214732051 -0.0667447895 0 0.214246064 0.976673007 -0.0144401649 0 -0.0709670335 0.930000782 0.364496648 1
Late 496 525.5 arm_R_1 0.221732348 -0.000427953899 0.975107491 0 0.967954695 -0.120803729 -0.22015889 0 0.11789082 0.992676318 -0.0263718292 0 0.178600937 0.784935653 0.347402722 1
Late 496 525.5 arm_R_2 0.462738335 -0.000558540225 0.886494637 0 0.885547221 0.0465164445 -0.462214589 0 -0.0409784131 0.998917341 0.0220195912 0 0.370410115 0.76097548 0.303652316 1
Late 496 525.5 hand_R 0.991497397 -0.00216849148 0.130108207 0 0.129889831 0.0767570138 -0.988553047 0 -0.00784301758 0.997047424 0.0763860345 0 0.504474342 0.858117759 0.23326008 1
Late 496 525.5 bat_grip 0.991497397 -0.00216847379 0.130108267 0 0.129889891 0.0767569244 -0.988553047 0 -0.00784302782 0.997047424 0.0763859376 0 0.504474342 0.858117759 0.233260065 1
Late 496 525.5 bat_barrel 0.991497397 -0.0021683597 0.130108342 0 0.129889935 0.076757662 -0.988552928 0 -0.00784324296 0.997047365 0.0763866603 0 0.616179645 0.924128711 -0.616895556 1
Late 496 525.5 bat_tip 0.991497397 -0.00216856296 0.130108267 0 0.129889891 0.0767569244 -0.988553047 0 -0.00784293935 0.997047424 0.0763859525 0 0.660342216 0.950226188 -0.953003705 1
Late 496 525.5 arm_L_0 -0.143808275 -0.000276848674 0.989605665 0 0.947042823 -0.290158749 0.137541801 0 0.287104785 0.956978321 0.0419893041 0 0.204489857 0.929999292 -0.110931017 1
Late 496 525.5 arm_L_1 -0.484208763 -0.000440269709 0.874952674 0 0.864275753 -0.155985802 0.478221536 0 0.136269793 0.987759054 0.0759101361 0 0.36954838 0.789288223 -0.0867073908 1
Late 496 525.5 arm_L_2 -0.887603879 0.000348925591 0.460607767 0 0.45780471 0.110819794 0.88211894 0 -0.0507364571 0.993840277 -0.0985239893 0 0.47684443 0.76970613 -0.0269308183 1
Late 496 525.5 hand_L 0.99150449 -0.00169205666 0.130061045 0 0.129805923 0.0768324435 -0.988558352 0 -0.00832000375 0.997042418 0.0763992667 0 0.526421964 0.87130177 0.0655651316 1
Late 496 525.5 foot_R 0 4.37113883e-08 1 0 0.99999994 0 0 0 0 1 -4.37113883e-08 0 0.0799999833 0.0688500032 0.49000001 1
Late 496 525.5 foot_L -0.0615145415 -2.9462617e-05 0.998106182 0 0.997729421 -0.0274741948 0.0614905134 0 0.0274203494 0.999622524 0.00171945803 0 0.082764715 0.0793739259 -0.363493264 1
Late 496 526.0 root 1 0 0 0 0 1 0 0 0 0 1 0 0 0 0 1
Late 496 526.0 pelvis 0.572702706 -6.08235795e-10 0.819763184 0 -6.08235795e-10 1 1.16689092e-09 0 -0.819763184 -1.16689092e-09 0.572702706 0 0.0670970753 0.529999971 0.127016917 1
Late 496 526.0 chest 0.854728222 0.0324474163 0.518060565 0 -0.0277313255 0.999473453 -0.0168466456 0 -0.518334448 3.27969028e-05 0.855177999 0 0.0670970902 0.929999948 0.127016932 1
Late 496 526.0 head 0.998384655 -4.73319233e-08 0.0568163693 0 7.880044e-08 1 -5.87448085e-07 0 -0.0568164289 5.90349373e-07 0.998384595 0 0.0566033274 1.30880022 0.120628171 1
Late 496 526.0 arm_R_0 0.0461785011 -0.000125544146 0.998933136 0 0.974713027 -0.218864664 -0.0450863577 0 0.218636841 0.975755095 -0.00998443179 0 -0.0753110573 0.930000007 0.361986607 1
Late 496 526.0 arm_R_1 0.194788605 -0.000250056386 0.980845213 0 0.972934604 -0.12669906 -0.193249941 0 0.124320462 0.991941035 -0.0244362317 0 0.174523473 0.783845544 0.350456864 1
Late 496 526.0 arm_R_2 0.433507144 -0.000393092632 0.901149929 0 0.900423825 0.0403269902 -0.433140337 0 -0.0361704379 0.999186337 0.0178360045 0 0.366580009 0.758801758 0.312260628 1
Late 496 526.0 hand_R 0.977200389 -0.00108842552 0.212315559 0 0.211899802 0.0677670836 -0.974938989 0 -0.0133268237 0.997700572 0.0664525926 0 0.500859082 0.854869723 0.247397482 1
Late 496 526.0 bat_grip 0.977200389 -0.00108840736 0.212315619 0 0.211899862 0.0677669942 -0.974938989 0 -0.0133268256 0.997700572 0.0664524958 0 0.500859082 0.854869723 0.247397467 1
Late 496 526.0 bat_barrel 0.977200389 -0.00108829257 0.212315693 0 0.211899891 0.0677677318 -0.974938869 0 -0.0133271003 0.997700512 0.0664531961 0 0.683092952 0.913149357 -0.591050088 1
Late 496 526.0 bat_tip 0.977200389 -0.00108849653 0.212315619 0 0.211899862 0.0677669942 -0.974938989 0 -0.013326738 0.997700572 0.0664525181 0 0.755138934 0.936190248 -0.922529519 1
Late 496 526.0 arm_L_0 -0.165427431 -0.000218942761 0.986222029 0 0.942327857 -0.295050085 0.157999068 0 0.290950477 0.955481768 0.0490155965 0 0.209505111 0.930000067 -0.107952684 1
Late 496 526.0 arm_L_1 -0.502484977 -0.000299304724 0.864586115 0 0.852772713 -0.164914742 0.495562077 0 0.142434865 0.986307859 0.0831223503 0 0.376257658 0.787681937 -0.079844065 1
Late 496 526.0 arm_L_2 -0.887846947 -0.00030836463 0.460139006 0 0.458237976 0.0902133882 0.884239435 0 -0.041783005 0.995922446 -0.079954505 0 0.485232294 0.766474724 -0.0161797758 1
Late 496 526.0 hand_L 0.977200627 -0.0010882616 0.212315455 0 0.211899757 0.0677670836 -0.974939167 0 -0.0133265853 0.997700572 0.0664524734 0 0.536881864 0.86638999 0.0816577598 1
Late 496 526.0 foot_R 0 4.37113883e-08 1 0 0.99999994 0 0 0 0 1 -4.37113883e-08 0 0.0799999833 0.0688500032 0.49000001 1
Late 496 526.0 foot_L -0.0661980435 -2.24181422e-05 0.997806489 0 0.997370362 -0.0295624901 0.0661684498 0 0.0294961613 0.999562919 0.00197933847 0 0.0830405056 0.0801719129 -0.365272403 1
Late 496 526.5 root 1 0 0 0 0 1 0 0 0 0 1 0 0 0 0 1
Late 496 526.5 pelvis 0.563045561 3.39134267e-08 0.82642591 0 3.39134267e-08 1 -6.41415383e-08 0 -0.82642591 6.41415383e-08 0.563045561 0 0.0673667192 0.529999971 0.127221987 1
Late 496 526.5 chest 0.843158841 0.0332492888 0.536635578 0 -0.028016869 0.999447107 -0.017904589 0 -0.536934197 6.15631216e-05 0.843624115 0 0.0673667416 0.930000007 0.127221987 1
Late 496 526.5 head 0.998342991 2.24727955e-06 0.0575456023 0 -2.40786176e-06 1 2.67611904e-06 0 -0.0575456023 -2.81068424e-06 0.998342872 0 0.0567772724 1.30878997 0.120429255 1
Late 496 526.5 arm_R_0 0.0244229045 -0.000217626337 0.999701679 0 0.974776685 -0.221903384 -0.0238621645 0 0.221842378 0.975068569 -0.00520733185 0 -0.0800541341 0.93000114 0.358859181 1
Late 496 526.5 arm_R_1 0.167241797 -0.000461921096 0.985915899 0 0.977347136 -0.13147755 -0.16584973 0 0.129702389 0.991318941 -0.0215370506 0 0.170143932 0.782945156 0.352789938 1
Late 496 526.5 arm_R_2 0.400834382 -0.000755272806 0.916150331 0 0.915617406 0.0344400033 -0.400572807 0 -0.0312496983 0.999406397 0.0144962929 0 0.362582624 0.756996512 0.320062548 1
Late 496 526.5 hand_R 0.960626006 -0.00214444101 0.277836502 0 0.277471304 0.059232682 -0.958906293 0 -0.0144006312 0.998241842 0.0574954748 0 0.497277886 0.852150857 0.260697514 1
Late 496 526.5 bat_grip 0.960626006 -0.00214442238 0.277836561 0 0.277471364 0.0592325889 -0.958906293 0 -0.0144006265 0.998241842 0.057495378 0 0.497277886 0.852150857 0.260697514 1
Late 496 526.5 bat_barrel 0.960626006 -0.00214430713 0.277836621 0 0.277471393 0.0592333302 -0.958906174 0 -0.0144009478 0.998241782 0.0574960597 0 0.735903263 0.903090894 -0.563961864 1
Late 496 526.5 bat_tip 0.960626006 -0.00214451156 0.277836561 0 0.277471364 0.0592325889 -0.958906293 0 -0.0144005409 0.998241842 0.057495404 0 0.830243528 0.923230112 -0.889990211 1
Late 496 526.5 arm_L_0 -0.190179735 -0.000388205051 0.981749177 0 0.936694562 -0.299535573 0.181333452 0 0.293998569 0.954085052 0.0573291928 0 0.214787513 0.929998934 -0.104415178 1
Late 496 526.5 arm_L_1 -0.525086224 -0.000535473228 0.851049006 0 0.838567436 -0.170963719 0.517277598 0 0.14522174 0.985277236 0.0902197137 0 0.382131547 0.786295414 -0.0717457831 1
Late 496 526.5 arm_L_2 -0.893468142 -0.000417172909 0.449126542 0 0.447769701 0.0768472925 0.890840471 0 -0.0348854959 0.997042775 -0.0684738457 0 0.491719216 0.763712585 -0.00353263132 1
Late 496 526.5 hand_L 0.96062845 -0.00196687877 0.277830094 0 0.277454436 0.0592649281 -0.958909452 0 -0.0145790726 0.998240352 0.0574771464 0 0.544373155 0.862272739 0.0978439376 1
Late 496 526.5 foot_R 0 4.37113883e-08 1 0 0.99999994 0 0 0 0 1 -4.37113883e-08 0 0.0799999833 0.0688500032 0.49000001 1
Late 496 526.5 foot_L -0.0714068189 -4.55590962e-05 0.997447252 0 0.996940255 -0.031882152 0.0713690743 0 0.0317975096 0.999491632 0.00232202257 0 0.0833702832 0.0810575485 -0.367244899 1
Late 496 527.0 root 1 0 0 0 0 1 0 0 0 0 1 0 0 0 0 1
Late 496 527.0 pelvis 0.553310752 6.9198947e-08 0.832974911 0 6.9198947e-08 1 -1.29040458e-07 0 -0.832974911 1.29040458e-07 0.553310752 0 0.0676363707 0.529999971 0.127427056 1
Late 496 527.0 chest 0.831184983 0.034051396 0.554952323 0 -0.0282737762 0.999420106 -0.0189762451 0 -0.555276632 8.21725116e-05 0.831665635 0 0.0676364079 0.930000067 0.127427056 1
Late 496 527.0 head 0.998300552 -3.49609763e-09 0.0582749844 0 7.99118425e-08 1 -1.36750896e-06 0 -0.058274895 1.36900053e-06 0.998300493 0 0.0569622181 1.3087796 0.120225705 1
Late 496 527.0 arm_R_0 0.00265390682 -0.000316640828 0.999996364 0 0.974370003 -0.224935353 -0.00265690801 0 0.224935323 0.974373639 -0.00028834492 0 -0.0847196206 0.930000007 0.355624974 1
Late 496 527.0 arm_R_1 0.139563292 -0.000630781054 0.990212977 0 0.980966508 -0.136251897 -0.138346657 0 0.135005608 0.990674019 -0.0183969289 0 0.165720001 0.782041132 0.355025828 1
Late 496 527.0 arm_R_2 0.367648304 -0.000991858542 0.929964364 0 0.929596543 0.0285293888 -0.36747238 0 -0.0261668637 0.999592423 0.011410851 0 0.358381659 0.755193174 0.327760041 1
Late 496 527.0 hand_R 0.939676583 -0.00275021791 0.342052937 0 0.34174946 0.0504077375 -0.938438177 0 -0.0146611035 0.998724937 0.0483069122 0 0.493265718 0.849456728 0.273827374 1
Late 496 527.0 bat_grip 0.939676583 -0.00275019859 0.342052996 0 0.341749519 0.0504076444 -0.938438177 0 -0.0146610923 0.998724937 0.0483068153 0 0.493265718 0.849456728 0.273827374 1
Late 496 527.0 bat_barrel 0.939676583 -0.00275008264 0.342053056 0 0.341749549 0.0504083857 -0.938438058 0 -0.0146614593 0.998724878 0.0483074747 0 0.787170291 0.892807305 -0.53322947 1
Late 496 527.0 bat_tip 0.939676583 -0.002750288 0.342052996 0 0.341749519 0.0504076444 -0.938438177 0 -0.0146610085 0.998724937 0.0483068451 0 0.903365135 0.909946024 -0.852298558 1
Late 496 527.0 arm_L_0 -0.214814037 -0.000552088022 0.976654768 0 0.930464506 -0.304011106 0.20448263 0 0.29680118 0.952668428 0.0658195019 0 0.219992384 0.930000067 -0.100770846 1
Late 496 527.0 arm_L_1 -0.547334015 -0.000755235553 0.836914003 0 0.823773324 -0.176999629 0.538580298 0 0.147726923 0.98421073 0.0975000113 0 0.387794375 0.78489542 -0.063494578 1
Late 496 527.0 arm_L_2 -0.898977518 -0.000777482986 0.437994242 0 0.437067568 0.0634428114 0.897188306 0 -0.0284848511 0.997985184 -0.0566939861 0 0.49781853 0.76090157 0.00933734514 1
Late 496 527.0 hand_L 0.939676881 -0.0027500838 0.342052728 0 0.341749609 0.0504079461 -0.938438356 0 -0.0146609843 0.998724937 0.0483068228 0 0.551362991 0.858026028 0.114292875 1
Late 496 527.0 foot_R 0 4.37113883e-08 1 0 0.99999994 0 0 0 0 1 -4.37113883e-08 0 0.0799999833 0.0688500032 0.49000001 1
Late 496 527.0 foot_L -0.0766136721 -5.65828523e-05 0.997060835 0 0.996477604 -0.0342017226 0.0765669271 0 0.0340968631 0.999414921 0.00267670327 0 0.0837000608 0.0819431841 -0.369217396 1
Late 496 527.5 root 1 0 0 0 0 1 0 0 0 0 1 0 0 0 0 1
Late 496 527.5 pelvis 0.543737054 1.69424652e-08 0.839255691 0 1.69424652e-08 1 -3.11641806e-08 0 -0.839255691 3.11641806e-08 0.543737054 0 0.0678995252 0.529999971 0.127627194 1
Late 496 527.5 chest 0.819115043 0.0348344259 0.572570682 0 -0.0285069831 0.999393106 -0.0200198684 0 -0.57292062 7.63119606e-05 0.819610953 0 0.0678995401 0.930000007 0.127627194 1
Late 496 527.5 head 0.998258829 2.17786874e-06 0.0589868426 0 -2.31684317e-06 1 2.25855911e-06 0 -0.058986932 -2.39297515e-06 0.99825877 0 0.0571321212 1.30876935 0.120031752 1
Late 496 527.5 arm_R_0 -0.0185910892 -0.000275764614 0.999827087 0 0.973518074 -0.227897704 0.0180390347 0 0.227853313 0.973685086 0.00450535212 0 -0.0893453807 0.93000102 0.352573216 1
Late 496 527.5 arm_R_1 0.112444811 -0.000576592982 0.993657827 0 0.983734071 -0.140913486 -0.111403547 0 0.140083984 0.990021765 -0.0152777731 0 0.161447361 0.781163156 0.357300639 1
Late 496 527.5 arm_R_2 0.334796399 -0.000934928656 0.942289948 0 0.942053318 0.0227712821 -0.334689647 0 -0.0211442858 0.999740303 0.00850451365 0 0.354479879 0.753433406 0.335367769 1
Late 496 527.5 hand_R 0.915081024 -0.00265485048 0.403261483 0 0.403009176 0.0420054793 -0.91423142 0 -0.0145120025 0.999113798 0.0395083427 0 0.489767134 0.846807122 0.286793232 1
Late 496 527.5 bat_grip 0.915081024 -0.00265483069 0.403261542 0 0.403009236 0.0420053862 -0.91423142 0 -0.0145119857 0.999113798 0.0395082496 0 0.489767134 0.846807122 0.286793232 1
Late 496 527.5 bat_barrel 0.915081024 -0.00265471404 0.403261602 0 0.403009266 0.0420061275 -0.91423136 0 -0.0145123955 0.999113739 0.0395088829 0 0.83635509 0.882931769 -0.499445796 1
Late 496 527.5 bat_tip 0.915081024 -0.0026549201 0.403261542 0 0.403009236 0.0420053862 -0.91423142 0 -0.0145119037 0.999113798 0.0395082869 0 0.973378241 0.897213697 -0.810284615 1
Late 496 527.5 arm_L_0 -0.23872295 -0.000489264727 0.971087754 0 0.923796773 -0.308377981 0.226941913 0 0.299351275 0.951263785 0.0740687773 0 0.225144416 0.929998994 -0.0973188207 1
Late 496 527.5 arm_L_1 -0.56867063 -0.000673592091 0.822565317 0 0.808760881 -0.182893902 0.558977365 0 0.150065973 0.983132482 0.104551107 0 0.393521667 0.78354311 -0.055593878 1
Late 496 527.5 arm_L_2 -0.904199243 -0.000566184521 0.42711094 0 0.426542729 0.0503752157 0.903063476 0 -0.0220266581 0.998730302 -0.0453078598 0 0.504141569 0.758207381 0.0216749981 1
Late 496 527.5 hand_L 0.915083706 -0.00249134004 0.403256118 0 0.402996689 0.0420587361 -0.914234638 0 -0.0146822929 0.999112129 0.0394910872 0 0.558172524 0.854016721 0.131519347 1
Late 496 527.5 foot_R 0 4.37113883e-08 1 0 0.99999994 0 0 0 0 1 -4.37113883e-08 0 0.0799999833 0.0688500032 0.49000001 1
Late 496 527.5 foot_L -0.0816932693 -5.56530504e-05 0.996657491 0 0.995994747 -0.0364652574 0.0816369206 0 0.0363388285 0.999334931 0.0030343961 0 0.0840456933 0.0828066468 -0.371138722 1
Late 496 528.0 root 1 0 0 0 0 1 0 0 0 0 1 0 0 0 0 1
Late 496 528.0 pelvis 0.534092367 -3.64312456e-08 0.845426142 0 -3.64312456e-08 1 6.61073685e-08 0 -0.845426142 -6.61073685e-08 0.534092367 0 0.0681626797 0.529999971 0.127827317 1
Late 496 528.0 chest 0.806671262 0.0356173329 0.589926183 0 -0.0287126955 0.999365509 -0.0210755635 0 -0.590302467 6.26817055e-05 0.807182074 0 0.0681626722 0.929999948 0.127827317 1
Late 496 528.0 head 0.998216391 3.7591235e-08 0.0596983731 0 2.67828e-08 1 -1.06761581e-06 0 -0.0596983135 1.06679727e-06 0.99821651 0 0.0573124029 1.30875897 0.119832985 1
Late 496 528.0 arm_R_0 -0.0398283564 -0.000241682865 0.999206483 0 0.972218633 -0.230853721 0.0386968553 0 0.230661184 0.972988486 0.009429547 0 -0.0939015597 0.929999888 0.349416733 1
Late 496 528.0 arm_R_1 0.0852437839 -0.000481545925 0.996360004 0 0.985741019 -0.14556852 -0.0844055787 0 0.145079285 0.989348114 -0.0119340941 0 0.157128453 0.780280292 0.359484643 1
Late 496 528.0 arm_R_2 0.301539958 -0.000757090747 0.953453124 0 0.95331955 0.0169997681 -0.301484197 0 -0.0159802176 0.999855399 0.00584787875 0 0.35038057 0.751671612 0.342885911 1
Late 496 528.0 hand_R 0.886525273 -0.00209793448 0.462675214 0 0.462480426 0.0333870351 -0.886000633 0 -0.0135884583 0.999440491 0.0305686891 0 0.485855132 0.844174266 0.29962039 1
Late 496 528.0 bat_grip 0.886525273 -0.00209791423 0.462675273 0 0.462480485 0.033386942 -0.886000633 0 -0.013588435 0.999440491 0.030568596 0 0.485855132 0.844174266 0.29962039 1
Late 496 528.0 bat_barrel 0.886525273 -0.00209779711 0.462675333 0 0.462480515 0.0333876833 -0.886000574 0 -0.0135888848 0.999440491 0.0305692013 0 0.883588314 0.872887015 -0.462340176 1
Late 496 528.0 bat_tip 0.886525273 -0.00209800364 0.462675273 0 0.462480485 0.033386942 -0.886000633 0 -0.0135883559 0.999440491 0.030568637 0 1.04083169 0.88423872 -0.763580561 1
Late 496 528.0 arm_L_0 -0.262488484 -0.000421449542 0.964935064 0 0.916568995 -0.312735081 0.24919498 0 0.301664174 0.949840307 0.0824755654 0 0.230226874 0.930000007 -0.0937620923 1
Late 496 528.0 arm_L_1 -0.589639425 -0.000576481223 0.80766654 0 0.793209255 -0.188774675 0.578950107 0 0.15213339 0.982020378 0.111766234 0 0.399052888 0.782175958 -0.0475391783 1
Late 496 528.0 arm_L_2 -0.909309387 -0.000593543053 0.41612044 0 0.415811151 0.0372696966 0.908686996 0 -0.0160477757 0.999305129 -0.0336429924 0 0.510101259 0.755462646 0.0342393368 1
Late 496 528.0 hand_L 0.886525214 -0.00209789723 0.462675452 0 0.462480724 0.0333873928 -0.886000633 0 -0.0135884881 0.999440253 0.0305688083 0 0.564476609 0.849850059 0.149000213 1
Late 496 528.0 foot_R 0 4.37113883e-08 1 0 0.99999994 0 0 0 0 1 -4.37113883e-08 0 0.0799999833 0.0688500032 0.49000001 1
Late 496 528.0 foot_L -0.0867707133 -4.31819535e-05 0.996228278 0 0.995481014 -0.0387285687 0.0867039561 0 0.0385787487 0.999249756 0.00340349227 0 0.0843913257 0.083670117 -0.373060048 1
Late 496 528.5 root 1 0 0 0 0 1 0 0 0 0 1 0 0 0 0 1
Late 496 528.5 pelvis 0.524867833 -3.00222531e-08 0.851183712 0 -3.00222567e-08 1 5.37838858e-08 0 -0.851183712 -5.37838893e-08 0.524867833 0 0.0684014633 0.529999971 0.12801598 1
Late 496 528.5 chest 0.794274867 0.0363841467 0.606468141 0 -0.0288912728 0.999337852 -0.022115659 0 -0.606871247 4.42747005e-05 0.794800162 0 0.0684014633 0.929999948 0.12801598 1
Late 496 528.5 head 0.998174667 2.11794759e-06 0.0603920519 0 -2.27403143e-06 1 2.51650999e-06 0 -0.0603920519 -2.65254857e-06 0.998174667 0 0.0574725159 1.30874872 0.119630702 1
Late 496 528.5 arm_R_0 -0.0604042597 -0.000143931247 0.998173892 0 0.97055757 -0.233607233 0.0586994588 0 0.233172208 0.972330928 0.0142506249 0 -0.0983090997 0.930000961 0.346346915 1
Late 496 528.5 arm_R_1 0.0587095357 -0.000314481556 0.998275042 0 0.986990392 -0.149916589 -0.0580930039 0 0.149676263 0.988698483 -0.00849110633 0 0.152931705 0.779457033 0.361586839 1
Late 496 528.5 arm_R_2 0.268330753 -0.000543989241 0.963326514 0 0.963264704 0.0115018524 -0.268306941 0 -0.0109340921 0.9999336 0.00361034647 0 0.346411228 0.750021756 0.350165427 1
Late 496 528.5 hand_R 0.854581118 -0.0015142262 0.519315481 0 0.519178271 0.0256660879 -0.854280353 0 -0.0120351911 0.999669313 0.0227200091 0 0.482143641 0.841690838 0.312100351 1
Late 496 528.5 bat_grip 0.854581058 -0.00151420548 0.519315541 0 0.519178331 0.0256659947 -0.854280293 0 -0.0120351622 0.999669313 0.0227199178 0 0.482143641 0.841690838 0.312100351 1
Late 496 528.5 bat_barrel 0.854580998 -0.0015140879 0.5193156 0 0.519178331 0.0256667379 -0.854280174 0 -0.0120356511 0.999669313 0.0227204915 0 0.928636968 0.863763571 -0.422580719 1
Late 496 528.5 bat_tip 0.854581058 -0.00151429488 0.519315541 0 0.519178331 0.0256659947 -0.854280293 0 -0.0120350858 0.999669313 0.0227199644 0 1.10515761 0.872490168 -0.71303612 1
Late 496 528.5 arm_L_0 -0.286292344 -0.000251412392 0.95814234 0 0.908882856 -0.316583395 0.271490425 0 0.303263962 0.948564529 0.090863809 0 0.235111997 0.929998934 -0.0903149024 1
Late 496 528.5 arm_L_1 -0.610087156 -0.00032684207 0.792334437 0 0.777351797 -0.193796784 0.598470628 0 0.153356552 0.98104161 0.118486956 0 0.40431416 0.780911446 -0.0395573229 1
Late 496 528.5 arm_L_2 -0.914435029 -0.000255703926 0.404732794 0 0.404593289 0.0256733876 0.914136171 0 -0.0106242597 0.999670267 -0.0233732611 0 0.515758455 0.752942681 0.0467446744 1
Late 496 528.5 hand_L 0.854582667 -0.00137514621 0.519313514 0 0.51917249 0.0257242918 -0.854282379 0 -0.0121837854 0.999668002 0.0226973891 0 0.570278704 0.846121073 0.167001471 1
Late 496 528.5 foot_R 0 4.37113883e-08 1 0 0.99999994 0 0 0 0 1 -4.37113883e-08 0 0.0799999833 0.0688500032 0.49000001 1
Late 496 528.5 foot_L -0.0918702558 -3.59147198e-05 0.995770991 0 0.994933724 -0.0410011783 0.0917915404 0 0.0408244804 0.999159098 0.00380252139 0 0.0847620219 0.0845363289 -0.374985158 1
Late 496 529.0 root 1 0 0 0 0 1 0 0 0 0 1 0 0 0 0 1
Late 496 529.0 pelvis 0.515581131 -2.34796467e-08 0.85684073 0 -2.34796502e-08 1 4.15308321e-08 0 -0.85684073 -4.15308357e-08 0.515581131 0 0.068640247 0.529999971 0.128204644 1
Late 496 529.0 chest 0.781538606 0.0371507183 0.622749686 0 -0.0290433411 0.999309659 -0.0231659319 0 -0.623180389 1.83409211e-05 0.782078087 0 0.0686402544 0.929999948 0.128204644 1
Late 496 529.0 head 0.998132467 3.65098458e-08 0.061085999 0 -2.07164703e-08 0.99999994 -2.28316821e-07 0 -0.0610859394 2.31625563e-07 0.998132467 0 0.0576425493 1.30873835 0.119424105 1
Late 496 529.0 arm_R_0 -0.0809556246 -5.27249649e-05 0.996717632 0 0.968478322 -0.236355036 0.0786495283 0 0.23557508 0.971666694 0.0191853903 0 -0.102651134 0.930000007 0.343179584 1
Late 496 529.0 arm_R_1 0.0321348235 -0.000110186636 0.999483466 0 0.987519562 -0.154257461 -0.0317670964 0 0.154181272 0.988030553 -0.0048481822 0 0.148691639 0.778628826 0.363603741 1
Late 496 529.0 arm_R_2 0.234806255 -0.000214532018 0.972041965 0 0.972024858 0.00599615276 -0.234800771 0 -0.00577814505 0.999981821 0.00161650032 0 0.342256606 0.748368502 0.357361287 1
Late 496 529.0 hand_R 0.819047928 -0.000485986471 0.573724627 0 0.573641241 0.0177746117 -0.818913639 0 -0.00979965925 0.999841809 0.0148370564 0 0.478043944 0.839219511 0.324452102 1
Late 496 529.0 bat_grip 0.819047868 -0.000485965225 0.573724687 0 0.5736413 0.0177745186 -0.818913579 0 -0.00979962386 0.999841809 0.014836967 0 0.478043944 0.839219511 0.324452102 1
Late 496 529.0 bat_barrel 0.819047809 -0.000485847151 0.573724747 0 0.5736413 0.0177752618 -0.81891346 0 -0.00980014913 0.999841809 0.014837509 0 0.971375465 0.854505599 -0.379813612 1
Late 496 529.0 bat_tip 0.819047868 -0.000486054632 0.573724687 0 0.5736413 0.0177745186 -0.818913579 0 -0.00979955029 0.999841809 0.0148370182 0 1.16641355 0.860549033 -0.658244312 1
Late 496 529.0 arm_L_0 -0.309921265 -7.49528408e-05 0.950762272 0 0.900640428 -0.32042262 0.293557674 0 0.304623961 0.947274625 0.0993732512 0 0.239931583 0.929999948 -0.0867702141 1
Late 496 529.0 arm_L_1 -0.630141735 -6.55353069e-05 0.776480317 0 0.760988891 -0.19880636 0.617553174 0 0.154328987 0.980038762 0.125326037 0 0.409380943 0.779634237 -0.0314319134 1
Late 496 529.0 arm_L_2 -0.919431865 -0.000119924545 0.393249273 0 0.393208653 0.0140479254 0.919341922 0 -0.00563430786 0.999901235 -0.0128690451 0 0.521052539 0.750379205 0.0594619215 1
Late 496 529.0 hand_L 0.819047809 -0.000486146659 0.573724985 0 0.573641539 0.0177749097 -0.818913698 0 -0.00979948044 0.99984169 0.0148372352 0 0.575562716 0.842240989 0.185236603 1
Late 496 529.0 foot_R 0 4.37113883e-08 1 0 0.99999994 0 0 0 0 1 -4.37113883e-08 0 0.0799999833 0.0688500032 0.49000001 1
Late 496 529.0 foot_L -0.096967347 -1.70029107e-05 0.995287538 0 0.994355261 -0.0432735085 0.0968757868 0 0.0430679321 0.999063253 0.00421302393 0 0.0851327181 0.0854025409 -0.376910239 1
Late 496 529.5 root 1 0 0 0 0 1 0 0 0 0 1 0 0 0 0 1
Late 496 529.5 pelvis 0.507522047 -1.51608006e-08 0.861638904 0 -1.51608024e-08 1 2.65253206e-08 0 -0.861638904 -2.65253224e-08 0.507522047 0 0.0687986836 0.529999971 0.128361434 1
Late 496 529.5 chest 0.769220233 0.0379152745 0.637858033 0 -0.0291534867 0.99928093 -0.024241399 0 -0.638318598 5.11838589e-05 0.76977247 0 0.0687986985 0.929999948 0.128361449 1
Late 496 529.5 head 0.998091102 2.12054147e-06 0.0617607236 0 -2.23267853e-06 1 1.79421477e-06 0 -0.0617607236 -1.93417145e-06 0.998091042 0 0.0577747151 1.30872703 0.119172208 1
Late 496 529.5 arm_R_0 -0.100463413 -0.000133568421 0.994940877 0 0.966231048 -0.238506094 0.0975324437 0 0.237286448 0.971140981 0.024090223 0 -0.106523976 0.93000102 0.339798599 1
Late 496 529.5 arm_R_1 0.00644391403 -0.000299744308 0.999979377 0 0.987461269 -0.15773122 -0.00641055126 0 0.157729894 0.987482011 -0.00072041899 0 0.144473463 0.777961433 0.365174562 1
Late 496 529.5 arm_R_2 0.200111032 -0.00061122328 0.979773104 0 0.979772806 0.00105523318 -0.200110361 0 -0.000911552459 0.999999285 0.000810019672 0 0.337708294 0.747031152 0.363890707 1
Late 496 529.5 hand_R 0.779231429 -0.0014455393 0.626734614 0 0.626704514 0.0118819773 -0.779166639 0 -0.00632038713 0.999928355 0.0101647079 0 0.473193347 0.837206841 0.335966647 1
Late 496 529.5 bat_grip 0.779231369 -0.00144551764 0.626734674 0 0.626704574 0.0118818842 -0.779166579 0 -0.00632034615 0.999928355 0.0101646213 0 0.473193347 0.837206841 0.335966647 1
Late 496 529.5 bat_barrel 0.77923131 -0.00144539913 0.626734734 0 0.626704574 0.0118826283 -0.77916646 0 -0.00632090587 0.999928355 0.010165127 0 1.01215935 0.847425282 -0.334116638 1
Late 496 529.5 bat_tip 0.779231369 -0.00144560705 0.626734674 0 0.626704574 0.0118818842 -0.779166579 0 -0.0063202763 0.999928355 0.0101646772 0 1.22523892 0.851465225 -0.599033356 1
Late 496 529.5 arm_L_0 -0.335955799 -0.000196635723 0.941877961 0 0.891560614 -0.322542429 0.317940772 0 0.303733259 0.946555018 0.108535178 0 0.244121343 0.929998875 -0.08307565 1
Late 496 529.5 arm_L_1 -0.650807917 -0.000170230865 0.759242892 0 0.743805587 -0.200770169 0.637530386 0 0.152324989 0.979638398 0.13078934 0 0.413175762 0.778627396 -0.0224946961 1
Late 496 529.5 arm_L_2 -0.925286293 -0.000260829926 0.379270345 0 0.37925756 0.0075494498 0.925260544 0 -0.00310432911 0.999971449 -0.00688661635 0 0.524472654 0.748369515 0.0736305118 1
Late 496 529.5 hand_L 0.779229403 -0.00135198794 0.626737773 0 0.626706719 0.0118950307 -0.77916503 0 -0.00640130043 0.999928355 0.0101161003 0 0.579610765 0.83924824 0.203622043 1
Late 496 529.5 foot_R 0 4.37113883e-08 1 0 0.99999994 0 0 0 0 1 -4.37113883e-08 0 0.0799999833 0.0688500032 0.49000001 1
Late 496 529.5 foot_L -0.102555268 -5.10465288e-05 0.994727314 0 0.993685424 -0.0457605012 0.10244552 0 0.0455139875 0.998952448 0.00474370364 0 0.085565418 0.0863496661 -0.379011124 1
Late 496 530.0 root 1 0 0 0 0 1 0 0 0 0 1 0 0 0 0 1
Late 496 530.0 pelvis 0.499418437 -6.70157885e-09 0.866360962 0 -6.70157885e-09 1 1.15984822e-08 0 -0.866360962 -1.15984822e-08 0.499418437 0 0.0689571202 0.529999971 0.128518209 1
Late 496 530.0 chest 0.756609142 0.038680099 0.652722418 0 -0.0292377733 0.999251664 -0.0253240746 0 -0.653213501 7.62759591e-05 0.757173896 0 0.0689571425 0.929999948 0.128518209 1
Late 496 530.0 head 0.99804914 5.73090801e-08 0.0624351501 0 1.44900696e-08 1 -1.13025817e-06 0 -0.0624351501 1.12901034e-06 0.99804914 0 0.0579167269 1.30871558 0.118918136 1
Late 496 530.0 arm_R_0 -0.119933456 -0.000220549293 0.992781937 0 0.96361208 -0.240651488 0.116356134 0 0.238888741 0.970611572 0.0290747248 0 -0.110323913 0.929999888 0.336342186 1
Late 496 530.0 arm_R_1 -0.0192517042 -0.000460065901 0.999814689 0 0.986740172 -0.161200792 0.018925786 0 0.161162123 0.986921489 0.00355738401 0 0.140229642 0.777291894 0.366663247 1
Late 496 530.0 arm_R_2 0.165164366 -0.000896379352 0.986265719 0 0.98625803 -0.00390093774 -0.165166631 0 0.00399532914 0.999991953 0.000239804387 0 0.333005309 0.745694578 0.370317668 1
Late 496 530.0 hand_R 0.736000717 -0.00203394145 0.676977754 0 0.676976562 0.00577688217 -0.735982001 0 -0.00241389871 0.999981284 0.00562876463 0 0.468003392 0.835208833 0.347305238 1
Late 496 530.0 bat_grip 0.736000657 -0.00203391956 0.676977813 0 0.676976621 0.00577678904 -0.735981941 0 -0.00241385214 0.999981284 0.00562868081 0 0.468003392 0.835208833 0.347305238 1
Late 496 530.0 bat_barrel 0.736000597 -0.00203380082 0.676977873 0 0.676976621 0.00577753363 -0.735981822 0 -0.00241444423 0.999981284 0.00562914833 0 1.05020332 0.84017688 -0.285639226 1
Late 496 530.0 bat_tip 0.736000657 -0.00203400897 0.676977813 0 0.676976621 0.00577678904 -0.735981941 0 -0.00241378625 0.999981284 0.00562874135 0 1.28037548 0.842141092 -0.535873234 1
Late 496 530.0 arm_L_0 -0.361736536 -0.000313267112 0.932280481 0 0.8818174 -0.324656665 0.342047065 0 0.302563995 0.945831954 0.117716357 0 0.248238191 0.929999948 -0.0793057457 1
Late 496 530.0 arm_L_1 -0.671004236 -0.000274136662 0.741453826 0 0.726094663 -0.202727914 0.657029629 0 0.150133416 0.979235172 0.136230335 0 0.416733444 0.777616858 -0.0134629589 1
Late 496 530.0 arm_L_2 -0.930930734 -0.000501483679 0.365195811 0 0.365194857 0.00104838237 0.930930495 0 -0.00084939599 0.999999344 -0.000792838633 0 0.527450919 0.746344507 0.0879355446 1
Late 496 530.0 hand_L 0.736000597 -0.00203397498 0.676977813 0 0.67697674 0.00577721 -0.73598206 0 -0.00241371989 0.999981225 0.00562900305 0 0.583089173 0.83619076 0.222188264 1
Late 496 530.0 foot_R 0 4.37113883e-08 1 0 0.99999994 0 0 0 0 1 -4.37113883e-08 0 0.0799999833 0.0688500032 0.49000001 1
Late 496 530.0 foot_L -0.108139984 -7.11091052e-05 0.994135678 0 0.992978215 -0.0482473485 0.108010642 0 0.0479567237 0.998835444 0.00528807705 0 0.0859981179 0.0872967988 -0.381112009 1
Late 496 530.5 root 1 0 0 0 0 1 0 0 0 0 1 0 0 0 0 1
Late 496 530.5 pelvis 0.491482884 5.11178166e-09 0.87088728 0 5.11178166e-09 1 -8.75444606e-09 0 -0.87088728 8.75444606e-09 0.491482884 0 0.0691114441 0.529999971 0.128670916 1
Late 496 530.5 chest 0.744048476 0.0394253917 0.666961551 0 -0.0293042008 0.999222517 -0.0263748318 0 -0.667482793 7.93788568e-05 0.74462527 0 0.069111459 0.929999948 0.128670916 1
Late 496 530.5 head 0.998007774 2.00086288e-06 0.0630922914 0 -2.08222264e-06 0.99999994 1.1934826e-06 0 -0.0630921721 -1.31582783e-06 0.998007774 0 0.0580455586 1.30870461 0.118672863 1
Late 496 530.5 arm_R_0 -0.138852894 -0.000215923414 0.990312934 0 0.960699975 -0.242745742 0.13464801 0 0.240365207 0.970089853 0.0339134522 0 -0.114093781 0.930000961 0.333049268 1
Late 496 530.5 arm_R_1 -0.0442681536 -0.000470429659 0.999019623 0 0.985399246 -0.164585337 0.0435872339 0 0.164403483 0.986362576 0.00774948299 0 0.136122227 0.776642263 0.368191689 1
Late 496 530.5 arm_R_2 0.130920663 -0.000942982733 0.991392374 0 0.991353929 -0.00872887298 -0.130923837 0 0.00877719373 0.999961317 -0.000207930803 0 0.328574836 0.744393229 0.376672596 1
Late 496 530.5 hand_R 0.69076705 -0.00220640749 0.723074019 0 0.723075747 -3.85940075e-05 -0.690768838 0 0.00155207515 0.999997497 0.00156882405 0 0.463276565 0.833250761 0.358509034 1
Late 496 530.5 bat_grip 0.69076699 -0.00220638514 0.723074079 0 0.723075807 -3.8687278e-05 -0.690768778 0 0.00155212707 0.999997497 0.00156874361 0 0.463276565 0.833250761 0.358509034 1
Late 496 530.5 bat_barrel 0.690766931 -0.00220626593 0.723074138 0 0.723075807 -3.79423582e-05 -0.690768659 0 0.00155150599 0.999997497 0.00156917202 0 1.08512175 0.833217502 -0.235552102 1
Late 496 530.5 bat_tip 0.69076699 -0.00220647454 0.723074079 0 0.723075807 -3.8687278e-05 -0.690768778 0 0.00155218889 0.999997497 0.00156880822 0 1.33096766 0.833204448 -0.470413595 1
Late 496 530.5 arm_L_0 -0.386584431 -0.000313192606 0.922254145 0 0.871681154 -0.32672137 0.365274578 0 0.301205933 0.945120692 0.126578331 0 0.252316713 0.929998934 -0.0757074431 1
Late 496 530.5 arm_L_1 -0.690207601 -0.000272259116 0.723611653 0 0.708336234 -0.204641849 0.675560355 0 0.147897586 0.978836954 0.141438186 0 0.420425504 0.77663672 -0.00476161577 1
Late 496 530.5 arm_L_2 -0.936220825 -0.000450372696 0.351412475 0 0.351409674 -0.00528323464 0.936206937 0 0.00143530965 0.999985993 0.00510446727 0 0.530775845 0.744387865 0.101729311 1
Late 496 530.5 hand_L 0.690764606 -0.00212020427 0.723076701 0 0.72307843 -1.44839287e-05 -0.690766335 0 0.00147545338 0.999997735 0.00152289867 0 0.586061597 0.833272219 0.241168827 1
Late 496 530.5 foot_R 0 4.37113883e-08 1 0 0.99999994 0 0 0 0 1 -4.37113883e-08 0 0.0799999833 0.0688500032 0.49000001 1
Late 496 530.5 foot_L -0.113576427 -7.72111161e-05 0.99352926 0 0.992253423 -0.0506693982 0.113426656 0 0.050332766 0.99871546 0.00583146187 0 0.0864467025 0.0882183537 -0.383152992 1
Late 496 531.0 root 1 0 0 0 0 1 0 0 0 0 1 0 0 0 0 1
Late 496 531.0 pelvis 0.483506501 1.71105814e-08 0.875340819 0 1.71105814e-08 1 -2.89986009e-08 0 -0.875340819 2.89986009e-08 0.483506501 0 0.0692657679 0.529999971 0.128823623 1
Late 496 531.0 chest 0.731219411 0.0401706658 0.680958629 0 -0.02934606 0.999192834 -0.0274316818 0 -0.681510925 7.51232365e-05 0.731808007 0 0.0692657828 0.929999948 0.128823608 1
Late 496 531.0 head 0.997966051 5.98192855e-08 0.0637491941 0 1.82844815e-08 1 -1.21933772e-06 0 -0.0637491941 1.21648554e-06 0.997966051 0 0.0581837222 1.30869317 0.118425265 1
Late 496 531.0 arm_R_0 -0.157722414 -0.000217270106 0.987483382 0 0.957437634 -0.24483484 0.152869672 0 0.241737157 0.969564676 0.0388240218 0 -0.117797382 0.930000126 0.329682291 1
Late 496 531.0 arm_R_1 -0.0692567527 -0.000453174114 0.997598648 0 0.98343122 -0.167964503 0.0681969896 0 0.167530283 0.985792816 0.0120783821 0 0.131987393 0.77598989 0.369643241 1
Late 496 531.0 arm_R_2 0.0965230912 -0.000883027911 0.995330215 0 0.995238006 -0.0135636032 -0.0965260565 0 0.0135855004 0.999907553 -0.000430338085 0 0.32399413 0.74309057 0.382937402 1
Late 496 531.0 hand_R 0.642667949 -0.00200349838 0.76614219 0 0.766122222 -0.00600707531 -0.642666698 0 0.00588995218 0.999979913 -0.00232559443 0 0.458223403 0.831302524 0.369564891 1
Late 496 531.0 bat_grip 0.64266789 -0.00200347556 0.766142249 0 0.766122282 -0.00600716844 -0.642666638 0 0.00589000899 0.999979913 -0.00232567149 0 0.458223403 0.831302524 0.369564891 1
Late 496 531.0 bat_barrel 0.64266783 -0.00200335588 0.766142309 0 0.766122282 -0.00600642292 -0.642666519 0 0.00588936172 0.999979913 -0.00232528406 0 1.11708856 0.826136351 -0.183128417 1
Late 496 531.0 bat_tip 0.64266789 -0.00200356496 0.766142249 0 0.766122282 -0.00600716844 -0.642666638 0 0.00589006627 0.999979913 -0.00232560304 0 1.37757027 0.824094057 -0.40163517 1
Late 496 531.0 arm_L_0 -0.411155075 -0.000308573246 0.911565483 0 0.860930085 -0.328780234 0.388204992 0 0.299585074 0.94440639 0.135445252 0 0.25632894 0.929999948 -0.0720351189 1
Late 496 531.0 arm_L_1 -0.708938062 -0.000270023942 0.705271006 0 0.6901021 -0.206549704 0.693611205 0 0.145486414 0.978436172 0.146617264 0 0.423894942 0.775651932 0.00403942354 1
Late 496 531.0 arm_L_2 -0.941309154 -0.000494003296 0.337545723 0 0.337528229 -0.0116193183 0.941243768 0 0.00345733762 0.999932408 0.01110401 0 0.533683181 0.742414773 0.115669675 1
Late 496 531.0 hand_L 0.642667711 -0.00200358778 0.766142428 0 0.76612246 -0.0060068965 -0.642666817 0 0.00589007139 0.999979973 -0.00232550502 0 0.588463962 0.830281198 0.260311395 1
Late 496 531.0 foot_R 0 4.37113883e-08 1 0 0.99999994 0 0 0 0 1 -4.37113883e-08 0 0.0799999833 0.0688500032 0.49000001 1
Late 496 531.0 foot_L -0.11900945 -7.00477976e-05 0.9928931 0 0.991493225 -0.0530911349 0.118837923 0 0.0527054928 0.998589694 0.00638779905 0 0.086895287 0.0891399086 -0.385193974 1
Late 496 531.5 root 1 0 0 0 0 1 0 0 0 0 1 0 0 0 0 1
Late 496 531.5 pelvis 0.475703776 3.33255343e-08 0.879605651 0 3.33255343e-08 1 -5.59098581e-08 0 -0.879605651 5.59098581e-08 0.475703776 0 0.0694159716 0.529999971 0.128972262 1
Late 496 531.5 chest 0.718478441 0.0408956371 0.69434607 0 -0.0293719005 0.999163449 -0.0284560602 0 -0.694928885 5.08027333e-05 0.719078541 0 0.0694159865 0.929999948 0.128972247 1
Late 496 531.5 head 0.997925043 1.87812475e-06 0.0643887222 0 -1.98025009e-06 1 1.51580389e-06 0 -0.0643886924 -1.6368358e-06 0.997925043 0 0.0583092719 1.30868268 0.11818666 1
Late 496 531.5 arm_R_0 -0.176033244 -0.000133769587 0.984384239 0 0.953922093 -0.2468694 0.170552358 0 0.242991537 0.969048738 0.0435848758 0 -0.12146455 0.930000961 0.326477468 1
Late 496 531.5 arm_R_1 -0.093537353 -0.000298023224 0.99561578 0 0.980912507 -0.171251476 0.0921048224 0 0.170473218 0.985227346 0.0163107812 0 0.127990589 0.775357842 0.371129453 1
Late 496 531.5 arm_R_2 0.0629289597 -0.000606015325 0.998017848 0 0.997850895 -0.0182544366 -0.0629294813 0 0.0182564333 0.999833286 -0.000543981791 0 0.319681615 0.741824865 0.389118403 1
Late 496 531.5 hand_R 0.593263626 -0.00144542009 0.805006981 0 0.804943085 -0.0116444528 -0.593237698 0 0.0102314651 0.999931335 -0.00574471056 0 0.453620523 0.82939887 0.380459189 1
Late 496 531.5 bat_grip 0.593263566 -0.00144539704 0.805007041 0 0.804943144 -0.0116445459 -0.593237638 0 0.0102315266 0.999931335 -0.00574478367 0 0.453620523 0.82939887 0.380459189 1
Late 496 531.5 bat_barrel 0.593263507 -0.00144527713 0.8050071 0 0.804943144 -0.0116438 -0.593237519 0 0.010230856 0.999931335 -0.00574443769 0 1.14587164 0.819384575 -0.129725218 1
Late 496 531.5 bat_tip 0.593263566 -0.00144548644 0.805007041 0 0.804943144 -0.0116445459 -0.593237638 0 0.0102315797 0.999931335 -0.0057447115 0 1.41955245 0.815425515 -0.331426144 1
Late 496 531.5 arm_L_0 -0.434786916 -0.00019608438 0.900533497 0 0.849867582 -0.330783904 0.410252869 0 0.297801703 0.943706512 0.143987149 0 0.260296524 0.929998994 -0.0685330108 1
Late 496 531.5 arm_L_1 -0.726700127 -0.000169828534 0.686955094 0 0.671896636 -0.208408326 0.71071887 0 0.143046692 0.978041947 0.151564479 0 0.427484661 0.774698496 0.0125053879 1
Late 496 531.5 arm_L_2 -0.946062386 -0.000265955925 0.32398507 0 0.323938221 -0.0177773573 0.945911288 0 0.00550836325 0.999841928 0.0169045851 0 0.536913276 0.74051106 0.129089594 1
Late 496 531.5 hand_L 0.593261182 -0.00136714429 0.805009127 0 0.804946363 -0.011611402 -0.593234599 0 0.010158807 0.999931574 -0.00578829646 0 0.590312481 0.827452362 0.279676169 1
Late 496 531.5 foot_R 0 4.37113883e-08 1 0 0.99999994 0 0 0 0 1 -4.37113883e-08 0 0.0799999833 0.0688500032 0.49000001 1
Late 496 531.5 foot_L -0.124294147 -5.03391711e-05 0.992245436 0 0.990719199 -0.0554479361 0.124100164 0 0.0550117083 0.998461604 0.00694172503 0 0.0873576254 0.0900358111 -0.387175173 1
Late 496 532.0 root 1 0 0 0 0 1 0 0 0 0 1 0 0 0 0 1
Late 496 532.0 pelvis 0.46786359 4.97791248e-08 0.883800685 0 4.97791248e-08 1 -8.26758395e-08 0 -0.883800685 8.26758395e-08 0.46786359 0 0.0695661753 0.529999971 0.129120901 1
Late 496 532.0 chest 0.70549202 0.041620329 0.707494795 0 -0.0293744393 0.999133527 -0.0294854902 0 -0.708108902 1.95157518e-05 0.706103206 0 0.0695661977 0.929999948 0.129120901 1
Late 496 532.0 head 0.997883439 2.9101102e-08 0.0650282502 0 -6.27915142e-09 1.00000012 -2.26268639e-07 0 -0.0650281906 2.29012585e-07 0.997883439 0 0.0584436394 1.30867171 0.117945619 1
Late 496 532.0 arm_R_0 -0.194283709 -5.60767949e-05 0.980945349 0 0.950077176 -0.248899266 0.188155919 0 0.244146019 0.968529403 0.0484104156 0 -0.125071585 0.929999948 0.323200107 1
Late 496 532.0 arm_R_1 -0.117761724 -0.000116951764 0.993041933 0 0.977802515 -0.174531952 0.115934134 0 0.173303962 0.984651446 0.0206675753 0 0.123964943 0.774722338 0.372543752 1
Late 496 532.0 arm_R_2 0.0292678028 -0.00022790581 0.999571621 0 0.999308348 -0.0229446106 -0.0292652026 0 0.0229414329 0.999736607 -0.000443771482 0 0.315223426 0.740555763 0.395220697 1
Late 496 532.0 hand_R 0.541534543 -0.000516213477 0.840678513 0 0.840546727 -0.01737988 -0.541460276 0 0.0148904324 0.999848664 -0.00897790492 0 0.448704362 0.827500224 0.391230911 1
Late 496 532.0 bat_grip 0.541534483 -0.000516190019 0.840678573 0 0.840546787 -0.0173799731 -0.541460216 0 0.0148904985 0.999848664 -0.00897797383 0 0.448704362 0.827500224 0.391230911 1
Late 496 532.0 bat_barrel 0.541534424 -0.000516069704 0.840678632 0 0.840546787 -0.0173792262 -0.541460097 0 0.0148898074 0.999848664 -0.00897767022 0 1.17157459 0.812553465 -0.0744249225 1
Late 496 532.0 bat_tip 0.541534483 -0.000516279426 0.840678573 0 0.840546787 -0.0173799731 -0.541460216 0 0.0148905469 0.999848664 -0.0089778984 0 1.45736063 0.80664438 -0.258521527 1
Late 496 532.0 arm_L_0 -0.458123058 -7.95722008e-05 0.888888836 0 0.838237762 -0.332781911 0.431988239 0 0.295772016 0.943003774 0.152521729 0 0.264203966 0.929999888 -0.0649583563 1
Late 496 532.0 arm_L_1 -0.743990123 -6.95884228e-05 0.668190897 0 0.653264463 -0.21026127 0.727348506 0 0.140444323 0.977645218 0.156477749 0 0.430865496 0.773739576 0.021075096 1
Late 496 532.0 arm_L_2 -0.950621843 -0.00012755394 0.310352147 0 0.310265958 -0.0239419341 0.950348198 0 0.00730958581 0.999713302 0.0227992162 0 0.539749146 0.738589942 0.142664269 1
Late 496 532.0 hand_L 0.541534603 -0.00051625073 0.840678334 0 0.840546787 -0.0173795521 -0.541460454 0 0.0148906112 0.999848783 -0.00897780061 0 0.591596961 0.824545801 0.299182743 1
Late 496 532.0 foot_R 0 4.37113883e-08 1 0 0.99999994 0 0 0 0 1 -4.37113883e-08 0 0.0799999833 0.0688500032 0.49000001 1
Late 496 532.0 foot_L -0.129575223 -1.80638508e-05 0.991569579 0 0.989911675 -0.0578042753 0.129357532 0 0.0573146231 0.998327911 0.00750788348 0 0.0878199637 0.090931721 -0.389156371 1
Late 496 532.5 root 1 0 0 0 0 1 0 0 0 0 1 0 0 0 0 1
Late 496 532.5 pelvis 0.461701602 1.28945796e-08 0.88703537 0 1.28945796e-08 1 -2.12483435e-08 0 -0.88703537 2.12483435e-08 0.461701602 0 0.0696386248 0.529999971 0.1292409 1
Late 496 532.5 chest 0.695297122 0.0423348732 0.717474639 0 -0.0294379164 0.999103487 -0.0304245297 0 -0.718119383 3.31227202e-05 0.695919991 0 0.0696386322 0.929999948 0.1292409 1
Late 496 532.5 head 0.997843087 1.58676448e-06 0.0656462014 0 -1.65532219e-06 1 1.0449512e-06 0 -0.065646112 -1.15131115e-06 0.997843027 0 0.0584969893 1.30865991 0.117709257 1
Late 496 532.5 arm_R_0 -0.210417077 -7.83680007e-05 0.977611721 0 0.946460724 -0.250442803 0.203692272 0 0.244819835 0.968131363 0.0527716503 0 -0.127720654 0.930000722 0.320498288 1
Late 496 532.5 arm_R_1 -0.13927944 -0.000164784491 0.99025327 0 0.974649251 -0.176846176 0.137055412 0 0.17509985 0.984238446 0.024791643 0 0.120207086 0.774344802 0.373844385 1
Late 496 532.5 arm_R_2 -0.00167257199 -0.000324465334 0.999998629 0 0.999660373 -0.0260075666 0.00166360661 0 0.0260069445 0.999661624 0.000367857516 0 0.310366988 0.739799023 0.400530308 1
Late 496 532.5 hand_R 0.482224256 -0.00084056519 0.876047552 0 0.875851631 -0.0206990242 -0.482136428 0 0.0185386539 0.999785304 -0.00924539566 0 0.44276762 0.826362193 0.400569707 1
Late 496 532.5 bat_grip 0.482224196 -0.000840541557 0.876047611 0 0.875851691 -0.0206991173 -0.482136369 0 0.0185387246 0.999785304 -0.00924545992 0 0.44276762 0.826362193 0.400569707 1
Late 496 532.5 bat_barrel 0.482224137 -0.000840421068 0.876047671 0 0.875851691 -0.0206983704 -0.482136279 0 0.018538015 0.999785304 -0.00924520474 0 1.1960001 0.808560967 -0.01406762 1
Late 496 532.5 bat_tip 0.482224196 -0.000840630964 0.876047611 0 0.875851691 -0.0206991173 -0.482136369 0 0.0185387675 0.999785304 -0.00924538169 0 1.49378979 0.801523387 -0.177994102 1
Late 496 532.5 arm_L_0 -0.483840674 1.552701e-05 0.875156224 0 0.825296879 -0.332705319 0.456281245 0 0.291176379 0.943030953 0.160963491 0 0.266997963 0.929999113 -0.0620164759 1
Late 496 532.5 arm_L_1 -0.761748135 7.42524862e-05 0.647873521 0 0.633497775 -0.209404141 0.74486959 0 0.135722935 0.977829278 0.159466147 0 0.432221502 0.773167253 0.0296500288 1
Late 496 532.5 arm_L_2 -0.955633402 -0.000108093023 0.294558942 0 0.294458002 -0.0265211128 0.955296397 0 0.00770908594 0.999648392 0.0253762603 0 0.539686561 0.737444043 0.156860486 1
Late 496 532.5 hand_L 0.482222706 -0.000772595406 0.876048505 0 0.875853479 -0.0206946731 -0.482133597 0 0.0185025334 0.999785602 -0.00930279493 0 0.591499686 0.822848678 0.31867674 1
Late 496 532.5 foot_R 0 4.37113883e-08 1 0 0.99999994 0 0 0 0 1 -4.37113883e-08 0 0.0799999833 0.0688500032 0.49000001 1
Late 496 532.5 foot_L -0.135176048 -4.8542599e-05 0.9908216 0 0.989019036 -0.0602986328 0.134927198 0 0.059738636 0.998180389 0.00819894113 0 0.0883367211 0.0918791369 -0.391245961 1
Late 496 533.0 root 1 0 0 0 0 1 0 0 0 0 1 0 0 0 0 1
Late 496 533.0 pelvis 0.455517352 -2.44165719e-08 0.89022696 0 -2.44165719e-08 1 3.99209981e-08 0 -0.89022696 -3.99209981e-08 0.455517352 0 0.0697110817 0.529999971 0.129360914 1
Late 496 533.0 chest 0.684960544 0.0430494808 0.72730732 0 -0.0294843167 0.999072969 -0.0313677303 0 -0.727983475 4.14954047e-05 0.685594797 0 0.0697110742 0.930000007 0.129360914 1
Late 496 533.0 head 0.997802258 5.95118763e-08 0.0662641823 0 -6.46105036e-09 1 -7.87384124e-07 0 -0.0662642419 7.85192242e-07 0.997802138 0 0.0585568324 1.30864811 0.117471479 1
Late 496 533.0 arm_R_0 -0.22649391 -0.000102745369 0.974012613 0 0.942589045 -0.251981944 0.219160169 0 0.245411068 0.967731893 0.0571692586 0 -0.130328819 0.930000067 0.317758292 1
Late 496 533.0 arm_R_1 -0.160731897 -0.000193893909 0.986998141 0 0.971034706 -0.179156303 0.158097059 0 0.176796287 0.983820558 0.0289844424 0 0.116426036 0.773967326 0.375083566 1
Late 496 533.0 arm_R_2 -0.0326107517 -0.000352270901 0.999467969 0 0.999046087 -0.0290736556 0.0325867087 0 0.0290466994 0.999577165 0.00130008906 0 0.305402964 0.739045501 0.405742109 1
Late 496 533.0 hand_R 0.420618951 -0.000876715407 0.907236874 0 0.90696454 -0.0241196156 -0.420515895 0 0.0222509801 0.999708593 -0.00935000181 0 0.436602414 0.825234771 0.409734011 1
Late 496 533.0 bat_grip 0.420618892 -0.000876691542 0.907236874 0 0.90696454 -0.0241197087 -0.420515835 0 0.0222510546 0.999708593 -0.00935006142 0 0.436602414 0.825234771 0.409734011 1
Late 496 533.0 bat_barrel 0.420618832 -0.000876570877 0.907236874 0 0.906964481 -0.0241189618 -0.420515746 0 0.0222503282 0.999708593 -0.00934985653 0 1.21659195 0.804491818 0.0480903685 1
Late 496 533.0 bat_tip 0.420618892 -0.000876780949 0.907236874 0 0.90696454 -0.0241197087 -0.420515835 0 0.0222510919 0.999708593 -0.00934998039 0 1.52496004 0.796291232 -0.0948851109 1
Late 496 533.0 arm_L_0 -0.509147167 9.41753387e-05 0.860679686 0 0.811656713 -0.332622468 0.480183154 0 0.286326826 0.94306004 0.169277221 0 0.269751042 0.929999888 -0.0590364225 1
Late 496 533.0 arm_L_1 -0.778951705 0.000202432275 0.627084553 0 0.613263428 -0.208546907 0.761850536 0 0.13093102 0.978012383 0.162323698 0 0.433351099 0.772598028 0.0382501483 1
Late 496 533.0 arm_L_2 -0.96038276 -0.000120997429 0.278685749 0 0.278570712 -0.0291041806 0.959974587 0 0.00799509883 0.999576449 0.0279847197 0 0.539173245 0.736307085 0.171092466 1
Late 496 533.0 hand_L 0.420618951 -0.000876650214 0.907237053 0 0.906964898 -0.0241192877 -0.420516253 0 0.0222510695 0.999708712 -0.00935012102 0 0.590786636 0.821134508 0.338246375 1
Late 496 533.0 foot_R 0 4.37113883e-08 1 0 0.99999994 0 0 0 0 1 -4.37113883e-08 0 0.0799999833 0.0688500032 0.49000001 1
Late 496 533.0 foot_L -0.140772641 -6.4901782e-05 0.990041971 0 0.988088727 -0.0627927482 0.140490815 0 0.062158335 0.998026609 0.00890363008 0 0.0888534784 0.0928265527 -0.393335521 1
Late 496 533.5 root 1 0 0 0 0 1 0 0 0 0 1 0 0 0 0 1
Late 496 533.5 pelvis 0.449912757 -3.92744059e-09 0.893072486 0 -3.92744059e-09 1 6.37624176e-09 0 -0.893072486 -6.37624176e-09 0.449912757 0 0.0697606727 0.529999971 0.129470617 1
Late 496 533.5 chest 0.675553799 0.0437472872 0.736011684 0 -0.0295422878 0.99904263 -0.0322657935 0 -0.736718535 5.381144e-05 0.676199436 0 0.0697606727 0.929999948 0.129470617 1
Late 496 533.5 head 0.997762084 1.43456055e-06 0.0668634772 0 -1.46805542e-06 0.99999994 4.03786544e-07 0 -0.0668634176 -4.96122084e-07 0.997762084 0 0.0585893579 1.30863643 0.117240645 1
Late 496 533.5 arm_R_0 -0.241622478 -0.000126718543 0.970370293 0 0.938716769 -0.253360063 0.233707786 0 0.245823413 0.96737206 0.061336495 0 -0.132643536 0.930000663 0.315250754 1
Late 496 533.5 arm_R_1 -0.1809524 -0.000248476863 0.983491838 0 0.967226505 -0.181159943 0.177914158 0 0.178125069 0.983453572 0.0330216959 0 0.112810984 0.773667514 0.376305968 1
Late 496 533.5 arm_R_2 -0.062132217 -0.000465765595 0.998067737 0 0.997568905 -0.031639792 0.0620864816 0 0.031549722 0.999499261 0.0024305135 0 0.300496519 0.738444746 0.410700917 1
Late 496 533.5 hand_R 0.356724232 -0.00121439621 0.934208751 0 0.933861911 -0.0268097222 -0.356626749 0 0.0254790783 0.999639869 -0.00842955709 0 0.430420816 0.824331641 0.418447852 1
Late 496 533.5 bat_grip 0.356724173 -0.00121437223 0.934208751 0 0.933861911 -0.0268098153 -0.356626689 0 0.0254791565 0.999639869 -0.0084296111 0 0.430420816 0.824331641 0.418447852 1
Late 496 533.5 bat_barrel 0.356724113 -0.00121425139 0.934208751 0 0.933861852 -0.0268090684 -0.3566266 0 0.0254784189 0.999639869 -0.0084294565 0 1.23354208 0.801275194 0.111748874 1
Late 496 533.5 bat_tip 0.356724173 -0.00121446163 0.934208751 0 0.933861911 -0.0268098153 -0.356626689 0 0.0254791882 0.999639869 -0.00842952728 0 1.55105519 0.792159975 -0.00950425863 1
Late 496 533.5 arm_L_0 -0.534232259 0.000130325556 0.845337749 0 0.797374308 -0.33197403 0.503971636 0 0.280696094 0.943288565 0.177247301 0 0.272164881 0.929999232 -0.0563095547 1
Late 496 533.5 arm_L_1 -0.79549861 0.000261679292 0.605955422 0 0.592793584 -0.206955522 0.778309047 0 0.125609756 0.978350401 0.164477736 0 0.434064269 0.772142887 0.0466762632 1
Late 496 533.5 arm_L_2 -0.964937866 -0.000140964985 0.262478262 0 0.262359023 -0.0306477845 0.964483321 0 0.0079087913 0.999530315 0.0296102203 0 0.53820461 0.735393643 0.185205892 1
Late 496 533.5 hand_L 0.356723368 -0.00115321577 0.934209228 0 0.933863044 -0.0268129408 -0.356624246 0 0.0254606605 0.999639869 -0.00848782063 0 0.589007258 0.81977272 0.357864052 1
Late 496 533.5 foot_R 0 4.37113883e-08 1 0 0.99999994 0 0 0 0 1 -4.37113883e-08 0 0.0799999833 0.0688500032 0.49000001 1
Late 496 533.5 foot_L -0.146339506 -8.7504035e-05 0.989234447 0 0.987125576 -0.0652738065 0.146021783 0 0.0645583123 0.997867405 0.00963851344 0 0.089395538 0.0937680379 -0.395407081 1
Late 496 534.0 root 1 0 0 0 0 1 0 0 0 0 1 0 0 0 0 1
Late 496 534.0 pelvis 0.44429028 1.67721357e-08 0.895882964 0 1.67721357e-08 1 -2.70390643e-08 0 -0.895882964 2.70390643e-08 0.44429028 0 0.0698102638 0.529999971 0.129580304 1
Late 496 534.0 chest 0.666036069 0.0444451571 0.744594336 0 -0.0295854323 0.999011815 -0.0331674293 0 -0.745332658 6.15581885e-05 0.666692853 0 0.0698102787 0.929999888 0.129580319 1
Late 496 534.0 head 0.99772191 4.88143996e-08 0.0674630404 0 2.38360371e-08 1 -1.06901643e-06 0 -0.0674629807 1.07097003e-06 0.99772191 0 0.0586275198 1.30862451 0.117008589 1
Late 496 534.0 arm_R_0 -0.256693453 -0.000152141787 0.966492891 0 0.934619308 -0.254734188 0.248187989 0 0.246161029 0.967011034 0.0655308366 0 -0.134924099 0.930000007 0.312713623 1
Late 496 534.0 arm_R_1 -0.201097518 -0.000287145376 0.979571223 0 0.96301049 -0.183159977 0.197644085 0 0.179361492 0.98308301 0.0371095762 0 0.109174185 0.773368239 0.377472252 1
Late 496 534.0 arm_R_2 -0.0915997103 -0.000521734357 0.995795727 0 0.99521482 -0.034208145 0.0915283412 0 0.0340165608 0.999414563 0.00365272164 0 0.295494527 0.737847507 0.41556412 1
Late 496 534.0 hand_R 0.291115791 -0.00130029768 0.956686914 0 0.956258059 -0.0295797884 -0.29102546 0 0.0286770761 0.999561548 -0.00736764073 0 0.424037397 0.823437989 0.426989347 1
Late 496 534.0 bat_grip 0.291115731 -0.00130027346 0.956686914 0 0.956258059 -0.0295798816 -0.2910254 0 0.0286771581 0.999561548 -0.00736768916 0 0.424037397 0.823437989 0.426989347 1
Late 496 534.0 bat_barrel 0.291115671 -0.00130015239 0.956686914 0 0.956257999 -0.0295791347 -0.291025311 0 0.0286764111 0.999561548 -0.00736758625 0 1.24641943 0.797999263 0.176707476 1
Late 496 534.0 bat_tip 0.291115731 -0.00130036287 0.956686914 0 0.956258059 -0.0295798816 -0.2910254 0 0.0286771841 0.999561548 -0.00736760348 0 1.57154727 0.787942231 0.0777587891 1
Late 496 534.0 arm_L_0 -0.558855593 0.000139474869 0.829265118 0 0.782400846 -0.331320882 0.52732861 0 0.274826646 0.943518102 0.185051367 0 0.274544567 0.929999888 -0.0535530411 1
Late 496 534.0 arm_L_1 -0.81147331 0.000299736857 0.584389806 0 0.57188344 -0.205367923 0.794212401 0 0.120253287 0.978684783 0.16647917 0 0.434552193 0.771691978 0.0551126711 1
Late 496 534.0 arm_L_2 -0.969219923 -0.000179082155 0.246197134 0 0.246074915 -0.0321975499 0.968715787 0 0.00775378942 0.99948144 0.0312505625 0 0.536781967 0.734494865 0.199334025 1
Late 496 534.0 hand_L 0.29111588 -0.00130026042 0.956686914 0 0.956258118 -0.029579401 -0.291025758 0 0.0286770463 0.999561548 -0.00736770034 0 0.586601198 0.818409324 0.377515107 1
Late 496 534.0 foot_R 0 4.37113883e-08 1 0 0.99999994 0 0 0 0 1 -4.37113883e-08 0 0.0799999833 0.0688500032 0.49000001 1
Late 496 534.0 foot_L -0.151901752 -9.61212208e-05 0.988395572 0 0.986125231 -0.0677545369 0.15154627 0 0.0669537112 0.997702003 0.0103868209 0 0.0899375975 0.0947095305 -0.39747864 1
Late 496 534.5 root 1 0 0 0 0 1 0 0 0 0 1 0 0 0 0 1
Late 496 534.5 pelvis 0.438814014 -5.58486875e-08 0.898577869 0 -5.58486875e-08 1 8.94256047e-08 0 -0.898577869 -8.94256047e-08 0.438814014 0 0.0698584169 0.529999971 0.129686818 1
Late 496 534.5 chest 0.656689167 0.0451227352 0.75281018 0 -0.0296194237 0.998981476 -0.0340404697 0 -0.753579378 5.62048626e-05 0.657356799 0 0.069858402 0.929999828 0.129686832 1
Late 496 534.5 head 0.997682095 1.36223025e-06 0.0680450499 0 -1.38983887e-06 1 3.42777639e-07 0 -0.0680450201 -4.37928975e-07 0.997682214 0 0.0586591437 1.30861294 0.11678452 1
Late 496 534.5 arm_R_0 -0.271267205 -0.000133080408 0.96250397 0 0.930421233 -0.256071359 0.262189895 0 0.246434808 0.966657817 0.0695876479 0 -0.137170896 0.930000424 0.310278833 1
Late 496 534.5 arm_R_1 -0.22057718 -0.000259928405 0.975369453 0 0.958524406 -0.185104489 0.21671854 0 0.180488914 0.982718766 0.0410790071 0 0.10566429 0.77307725 0.378658056 1
Late 496 534.5 arm_R_2 -0.120136559 -0.000485852361 0.992757201 0 0.992090523 -0.0367016047 0.120038003 0 0.0363774709 0.99932611 0.00489122421 0 0.290730178 0.737264514 0.420376033 1
Late 496 534.5 hand_R 0.226063639 -0.00126536936 0.974111617 0 0.973597646 -0.0322125256 -0.225986212 0 0.0316645801 0.999480247 -0.00605006516 0 0.418034494 0.822561741 0.435443401 1
Late 496 534.5 bat_grip 0.226063579 -0.00126534502 0.974111617 0 0.973597646 -0.0322126187 -0.225986153 0 0.0316646658 0.999480247 -0.006050108 0 0.418034494 0.822561741 0.435443401 1
Late 496 534.5 bat_barrel 0.22606352 -0.00126522395 0.974111617 0 0.973597586 -0.03221187 -0.225986078 0 0.0316639133 0.999480247 -0.00605005585 0 1.25532842 0.794858873 0.241095275 1
Late 496 534.5 bat_tip 0.226063579 -0.00126543443 0.974111617 0 0.973597646 -0.0322126187 -0.225986153 0 0.0316646844 0.999480247 -0.00605002092 0 1.58635187 0.783906698 0.16425994 1
Late 496 534.5 arm_L_0 -0.582302809 0.000135436654 0.812972009 0 0.767207623 -0.330690086 0.549578428 0 0.268916368 0.943739474 0.19245778 0 0.276887655 0.929999232 -0.0509052351 1
Late 496 534.5 arm_L_1 -0.826425135 0.000273332 0.563046634 0 0.551181257 -0.203820959 0.809108377 0 0.114982091 0.979008317 0.168292135 0 0.435242742 0.77124989 0.0632896349 1
Late 496 534.5 arm_L_2 -0.973114848 -0.000149071217 0.230320618 0 0.230194747 -0.0336962715 0.972560942 0 0.00761631131 0.999432206 0.0328246877 0 0.535837531 0.73360765 0.213029727 1
Late 496 534.5 hand_L 0.226063058 -0.00120782852 0.974111915 0 0.973598599 -0.0322073996 -0.225983769 0 0.0316469669 0.999480605 -0.00610494614 0 0.583378196 0.817086458 0.397034675 1
Late 496 534.5 foot_R 0 4.37113883e-08 1 0 0.99999994 0 0 0 0 1 -4.37113883e-08 0 0.0799999833 0.0688500032 0.49000001 1
Late 496 534.5 foot_L -0.157298282 -9.11015159e-05 0.987551153 0 0.98511833 -0.0701629892 0.156904325 0 0.0692752376 0.997535527 0.0111262621 0 0.0904906392 0.095622614 -0.399483532 1
Late 496 535.0 root 1 0 0 0 0 1 0 0 0 0 1 0 0 0 0 1
Late 496 535.0 pelvis 0.433321297 -1.29179e-07 0.901239574 0 -1.29179e-07 1 2.05444863e-07 0 -0.901239574 -2.05444863e-07 0.433321297 0 0.06990657 0.529999971 0.129793331 1
Late 496 535.0 chest 0.64724052 0.0458002351 0.760908782 0 -0.0296394173 0.998950601 -0.0349165983 0 -0.761709452 4.65434532e-05 0.647918761 0 0.0699065253 0.929999769 0.129793346 1
Late 496 535.0 head 0.997642398 4.93346306e-08 0.0686270595 0 1.78988557e-09 0.99999994 -7.30989996e-07 0 -0.0686269999 7.26657163e-07 0.997642398 0 0.0586960688 1.30860126 0.116559178 1
Late 496 535.0 arm_R_0 -0.285779774 -0.000115500763 0.958295286 0 0.926012695 -0.257404834 0.276121616 0 0.246637911 0.966303587 0.0736681223 0 -0.139386252 0.929999769 0.307815254 1
Late 496 535.0 arm_R_1 -0.23996976 -0.000217840075 0.970780432 0 0.953656971 -0.187045023 0.235695124 0 0.181528255 0.982351184 0.0450929441 0 0.102132522 0.772786498 0.379791737 1
Late 496 535.0 arm_R_2 -0.148574367 -0.000395670533 0.988901198 0 0.988143623 -0.039193999 0.148444921 0 0.0387002304 0.999231458 0.00621424615 0 0.285873264 0.736684144 0.425101519 1
Late 496 535.0 hand_R 0.159989029 -0.000984974205 0.987118363 0 0.986512303 -0.0348874032 -0.159925684 0 0.0345956087 0.999390721 -0.00460982323 0 0.411836475 0.821693063 0.443744719 1
Late 496 535.0 bat_grip 0.15998897 -0.000984949642 0.987118363 0 0.986512303 -0.0348874964 -0.159925625 0 0.0345956981 0.999390721 -0.00460986001 0 0.411836475 0.821693063 0.443744719 1
Late 496 535.0 bat_barrel 0.15998891 -0.000984828337 0.987118363 0 0.986512244 -0.0348867476 -0.15992555 0 0.0345949456 0.999390721 -0.00460985862 0 1.2602371 0.791689813 0.30620867 1
Late 496 535.0 bat_tip 0.15998897 -0.000985039049 0.987118363 0 0.986512303 -0.0348874964 -0.159925625 0 0.034595713 0.999390721 -0.00460977154 0 1.59565139 0.779828191 0.251833916 1
Late 496 535.0 arm_L_0 -0.605275571 0.000105679035 0.796016216 0 0.751387358 -0.330056161 0.57138437 0 0.262790591 0.943961203 0.199695423 0 0.279199213 0.929999709 -0.0482286699 1
Late 496 535.0 arm_L_1 -0.840816379 0.000227227807 0.54132086 0 0.530091882 -0.202278674 0.823459864 0 0.109684885 0.979327977 0.169958711 0 0.435718715 0.770811975 0.0714862645 1
Late 496 535.0 arm_L_2 -0.976749837 -0.000135779381 0.214382946 0 0.214254618 -0.0352014154 0.97614336 0 0.00741431117 0.999380231 0.034411978 0 0.534460306 0.732734978 0.226756871 1
Late 496 535.0 hand_L 0.159989238 -0.000985056162 0.987118363 0 0.986512542 -0.0348871052 -0.159925893 0 0.0345956385 0.999390841 -0.00460991263 0 0.57954365 0.815761983 0.416557401 1
Late 496 535.0 foot_R 0 4.37113883e-08 1 0 0.99999994 0 0 0 0 1 -4.37113883e-08 0 0.0799999833 0.0688500032 0.49000001 1
Late 496 535.0 foot_L -0.162690029 -7.28962914e-05 0.986677229 0 0.984076381 -0.0725709423 0.162255839 0 0.0715922639 0.997363269 0.0118783051 0 0.0910436809 0.096535705 -0.401488423 1
Late 496 535.5 root 1 0 0 0 0 1 0 0 0 0 1 0 0 0 0 1
Late 496 535.5 pelvis 0.427977055 -1.00851608e-07 0.903789699 0 -1.00851608e-07 1 1.59344381e-07 0 -0.903789699 -1.59344381e-07 0.427977055 0 0.0699532852 0.529999971 0.129896671 1
Late 496 535.5 chest 0.637977481 0.0464572608 0.768652499 0 -0.0296512749 0.998920262 -0.0357642211 0 -0.769484043 2.52432674e-05 0.638666153 0 0.0699532628 0.929999888 0.129896671 1
Late 496 535.5 head 0.997603476 1.24339567e-06 0.0691919327 0 -1.30284025e-06 1 8.74006219e-07 0 -0.0691919327 -9.49472451e-07 0.997603536 0 0.0587268844 1.30859041 0.11634177 1
Late 496 535.5 arm_R_0 -0.299796611 -5.70137054e-05 0.954003215 0 0.921531141 -0.258700073 0.289576888 0 0.246784121 0.965957701 0.0776100159 0 -0.141565233 0.930000424 0.305453032 1
Late 496 535.5 arm_R_1 -0.258692086 -0.000115863979 0.965959966 0 0.948569596 -0.18892768 0.254012227 0 0.182467073 0.981990993 0.0489840358 0 0.0987276658 0.772504568 0.380941063 1
Late 496 535.5 arm_R_2 -0.176046684 -0.000223278999 0.984381914 0 0.983531117 -0.0416068137 0.175885171 0 0.0409176648 0.999134064 0.00754438341 0 0.281250954 0.736119151 0.429766923 1
Late 496 535.5 hand_R 0.0951887816 -0.000609613955 0.995459139 0 0.994760215 -0.0374144614 -0.0951448381 0 0.0373026133 0.999299645 -0.00295494497 0 0.406012118 0.820844054 0.451939791 1
Late 496 535.5 bat_grip 0.095188722 -0.000609589275 0.995459139 0 0.994760215 -0.0374145545 -0.0951447785 0 0.0373027027 0.999299645 -0.00295497617 0 0.406012118 0.820844054 0.451939791 1
Late 496 535.5 bat_barrel 0.0951886699 -0.000609467796 0.995459139 0 0.994760156 -0.0374138057 -0.0951447114 0 0.0373019502 0.999299645 -0.0029550239 0 1.26150584 0.78866756 0.37011525 1
Late 496 535.5 bat_tip 0.095188722 -0.000609678624 0.995459139 0 0.994760215 -0.0374145545 -0.0951447785 0 0.0373027101 0.999299645 -0.00295488723 0 1.59972453 0.775946677 0.337765992 1
Late 496 535.5 arm_L_0 -0.627091229 6.4983964e-05 0.778946042 0 0.735447705 -0.329445124 0.592100382 0 0.256658554 0.944174767 0.20654431 0 0.28147167 0.929999352 -0.0456597582 1
Late 496 535.5 arm_L_1 -0.854232192 0.000122755766 0.519892156 0 0.509284079 -0.200780243 0.836849689 0 0.104486987 0.979636431 0.171450436 0 0.436386555 0.770383298 0.0794151276 1
Late 496 535.5 arm_L_2 -0.98002702 -5.9902668e-05 0.198865533 0 0.198733956 -0.0366536677 0.979367971 0 0.00723072886 0.999328136 0.0359334946 0 0.533539832 0.731874406 0.240036502 1
Late 496 535.5 hand_L 0.0951879397 -0.000556647778 0.995459378 0 0.99476099 -0.0374028385 -0.0951421261 0 0.0372862518 0.999300241 -0.00300660729 0 0.574959993 0.814486086 0.435744166 1
Late 496 535.5 foot_R 0 4.37113883e-08 1 0 0.99999994 0 0 0 0 1 -4.37113883e-08 0 0.0799999833 0.0688500032 0.49000001 1
Late 496 535.5 foot_L -0.167916164 -4.26340994e-05 0.98580128 0 0.983032227 -0.0749065056 0.167441279 0 0.0738357827 0.997190535 0.0126199238 0 0.0916053057 0.0974203646 -0.403426945 1
Late 496 536.0 root 1 0 0 0 0 1 0 0 0 0 1 0 0 0 0 1
Late 496 536.0 pelvis 0.422618091 -7.22516944e-08 0.906307876 0 -7.22516944e-08 1 1.13412426e-07 0 -0.906307876 -1.13412426e-07 0.422618091 0 0.0700000003 0.529999971 0.129999995 1
Late 496 536.0 chest 0.628621638 0.0471141152 0.776282907 0 -0.0296499655 0.998889506 -0.0366144739 0 -0.777145922 -1.11244894e-07 0.629320502 0 0.0699999854 0.930000007 0.12999998 1
Late 496 536.0 head 0.997564137 -2.29487611e-08 0.0697563589 0 1.4337644e-08 1 1.1779278e-07 0 -0.0697563887 -1.13121743e-07 0.997564077 0 0.0587626696 1.30857956 0.116123073 1
Late 496 536.0 arm_R_0 -0.313748956 -1.86264515e-08 0.949505925 0 0.916853309 -0.259991765 0.302959472 0 0.246863723 0.965610862 0.0815722048 0 -0.143715128 0.929999948 0.303063035 1
Late 496 536.0 arm_R_1 -0.277317315 -2.23517418e-08 0.960778356 0 0.943126678 -0.190805942 0.27222243 0 0.183322191 0.981627882 0.052913852 0 0.0953011066 0.772222459 0.382041931 1
Late 496 536.0 arm_R_2 -0.203381404 8.94069672e-08 0.979099452 0 0.978150606 -0.0440155976 0.203184366 0 0.0430956483 0.999030888 0.00895190984 0 0.276539326 0.735555768 0.434354126 1
Late 496 536.0 hand_R 0.0299863219 4.47034836e-08 0.999550223 0 0.998752296 -0.0399501324 -0.029962346 0 0.039932251 0.999201775 -0.00119793415 0 0.400000006 0.820000589 0.45999971 1
Late 496 536.0 bat_grip 0.0299862605 6.95178173e-08 0.999550223 0 0.998752296 -0.0399502255 -0.0299622845 0 0.0399323441 0.999201775 -0.0011979593 0 0.400000006 0.820000589 0.45999971 1
Late 496 536.0 bat_barrel 0.0299862046 1.91112363e-07 0.999550223 0 0.998752236 -0.0399494767 -0.0299622212 0 0.0399315953 0.999201775 -0.00119805615 0 1.25892699 0.785643399 0.434232116 1
Late 496 536.0 bat_tip 0.0299862567 -1.9817783e-08 0.999550223 0 0.998752296 -0.0399502255 -0.0299622845 0 0.0399323478 0.999201775 -0.00119786989 0 1.59850287 0.772060454 0.424044937 1
Late 496 536.0 arm_L_0 -0.6484254 -2.98023224e-08 0.761278331 0 0.718942404 -0.328832299 0.612365305 0 0.250333101 0.944388211 0.213223174 0 0.28371498 0.930000067 -0.043063134 1
Late 496 536.0 arm_L_1 -0.867101848 -2.98023224e-08 0.498131275 0 0.488139391 -0.199286982 0.849708617 0 0.0992712975 0.97994107 0.17280212 0 0.436850399 0.769958735 0.0873713344 1
Late 496 536.0 arm_L_2 -0.983057439 1.78813934e-07 0.183299154 0 0.183165804 -0.0381122828 0.982342958 0 0.00698640943 0.99927336 0.0374664739 0 0.532207966 0.731028199 0.253361404 1
Late 496 536.0 hand_L 0.0299861878 -5.96046448e-08 0.999550462 0 0.998752594 -0.0399501622 -0.0299623758 0 0.0399325788 0.999201536 -0.00119805336 0 0.56978792 0.813209176 0.454906315 1
Late 496 536.0 foot_R 0 4.37113883e-08 1 0 0.99999994 0 0 0 0 1 -4.37113883e-08 0 0.0799999833 0.0688500032 0.49000001 1
Late 496 536.0 foot_L -0.173137501 3.88806676e-08 0.984897673 0 0.981955111 -0.077241458 0.172620252 0 0.076074928 0.997012436 0.0133733554 0 0.0921669304 0.0983050168 -0.405365497 1
Late 496 536.5 root 1 0 0 0 0 1 0 0 0 0 1 0 0 0 0 1
Late 496 536.5 pelvis 0.418460876 -1.3914223e-07 0.908234894 0 -1.3914223e-07 1 2.17309235e-07 0 -0.908234894 -2.17309235e-07 0.418460876 0 0.0699953586 0.530010521 0.130086422 1
Late 496 536.5 chest 0.622076511 0.0477667674 0.781498075 0 -0.0297348499 0.998858511 -0.0373832025 0 -0.782391667 1.74805464e-05 0.62278676 0 0.0699953213 0.930010378 0.130086422 1
Late 496 536.5 head 0.997522771 1.00349916e-06 0.0703448653 0 -1.03817183e-06 1 3.75486707e-07 0 -0.0703448355 -4.53067514e-07 0.997522831 0 0.0587331876 1.30857754 0.115917474 1
Late 496 536.5 arm_R_0 -0.327111423 3.95067036e-05 0.944985688 0 0.912685394 -0.259203464 0.315941364 0 0.244956017 0.965822697 0.0847523957 0 -0.145116642 0.930010676 0.301317155 1
Late 496 536.5 arm_R_1 -0.295382738 8.79690051e-05 0.955379009 0 0.938071072 -0.189456612 0.290048987 0 0.181028336 0.981889009 0.0558797084 0 0.0919169784 0.772655845 0.383296311 1
Late 496 536.5 arm_R_2 -0.231044158 0.000304274261 0.972943127 0 0.972129047 -0.0408242084 0.230863646 0 0.039789848 0.99916625 0.00913641602 0 0.271178901 0.736412704 0.438616365 1
Late 496 536.5 hand_R -0.0146113932 0.000313356519 0.999893069 0 0.999164581 -0.0381606817 0.0146126002 0 0.0381611288 0.999271512 0.000244528055 0 0.392676115 0.821282923 0.467284352 1
Late 496 536.5 bat_grip -0.0146114547 0.000313381199 0.999893069 0 0.999164581 -0.0381607749 0.0146126626 0 0.0381612219 0.999271512 0.000244507071 0 0.392676115 0.821282923 0.467284352 1
Late 496 536.5 bat_barrel -0.0146115124 0.000313502678 0.999893069 0 0.999164522 -0.0381600261 0.0146127241 0 0.0381604806 0.999271512 0.000244376977 0 1.25195765 0.788464665 0.479851216 1
Late 496 536.5 bat_tip -0.0146114584 0.00031329185 0.999893069 0 0.999164581 -0.0381607749 0.0146126626 0 0.0381612219 0.999271512 0.000244596478 0 1.59167373 0.775490105 0.484819502 1
Late 496 536.5 arm_L_0 -0.668019533 0.000310257077 0.744143844 0 0.703540921 -0.325543046 0.631705701 0 0.242447048 0.945527196 0.217250764 0 0.285107136 0.930010021 -0.041144371 1
Late 496 536.5 arm_L_1 -0.878630877 0.000362873077 0.477502078 0 0.468307614 -0.194642365 0.861859918 0 0.0932551101 0.980874181 0.170848817 0 0.435003072 0.770492971 0.0935743973 1
Late 496 536.5 arm_L_2 -0.986045718 0.000144660473 0.166476518 0 0.166368112 -0.03525462 0.98543328 0 0.00601190329 0.999378324 0.0347385593 0 0.527139902 0.732079625 0.263835251 1
Late 496 536.5 hand_L -0.0146082491 0.000286668539 0.999893248 0 0.999164581 -0.0381773412 0.0146086514 0 0.0381777585 0.999270916 0.000271141529 0 0.562500715 0.814776123 0.469746888 1
Late 496 536.5 foot_R 0 4.37113883e-08 1 0 0.99999994 0 0 0 0 1 -4.37113883e-08 0 0.0799999833 0.0688500032 0.49000001 1
Late 496 536.5 foot_L -0.178723738 -4.96113425e-05 0.983899295 0 0.980767429 -0.0797330514 0.178150848 0 0.0784404427 0.996816278 0.0142988442 0 0.0927928537 0.0992480218 -0.407423496 1
Late 496 537.0 root 1 0 0 0 0 1 0 0 0 0 1 0 0 0 0 1
Late 496 537.0 pelvis 0.414295077 -2.06508076e-07 0.910142601 0 -2.06508062e-07 1 3.20898437e-07 0 -0.910142601 -3.20898437e-07 0.414295077 0 0.0699907243 0.530021071 0.130172849 1
Late 496 537.0 chest 0.615487814 0.0484194383 0.786657631 0 -0.0298108738 0.9988271 -0.0381543562 0 -0.787582397 3.25907276e-05 0.616209328 0 0.0699906647 0.930020809 0.130172864 1
Late 496 537.0 head 0.997481108 5.43132046e-08 0.0709330738 0 4.80940798e-09 1 -9.07315552e-07 0 -0.070933193 9.092455e-07 0.997481048 0 0.0587070845 1.30857539 0.115711071 1
Late 496 537.0 arm_R_0 -0.340408385 6.91609457e-05 0.940277576 0 0.90833497 -0.258411437 0.328863263 0 0.243001223 0.966034949 0.0879026428 0 -0.146502391 0.93002075 0.29956001 1
Late 496 537.0 arm_R_1 -0.31334272 0.000155799091 0.949640036 0 0.932679176 -0.188102365 0.307777226 0 0.178677469 0.982149363 0.0587952249 0 0.0885123089 0.773087919 0.384497792 1
Late 496 537.0 arm_R_2 -0.258521467 0.000545337796 0.966005266 0 0.965316236 -0.0376222059 0.258358359 0 0.036484126 0.999291837 0.0091997534 0 0.265749007 0.737266243 0.442768872 1
Late 496 537.0 hand_R -0.0591786206 0.000487878919 0.998247147 0 0.997587442 -0.0363277197 0.0591572672 0 0.0362930596 0.999339819 0.0016631633 0 0.38520813 0.82255584 0.474373341 1
Late 496 537.0 bat_grip -0.0591786839 0.000487903482 0.998247147 0 0.997587442 -0.0363278128 0.0591573305 0 0.0362931527 0.999339819 0.00166314654 0 0.38520813 0.82255584 0.474373341 1
Late 496 537.0 bat_barrel -0.0591787435 0.000488024845 0.998247147 0 0.997587383 -0.036327064 0.0591573901 0 0.0362924151 0.999339819 0.00166298344 0 1.24313331 0.791313946 0.525248647 1
Late 496 537.0 bat_tip -0.0591786876 0.000487814134 0.998247147 0 0.997587442 -0.0363278128 0.0591573305 0 0.036293149 0.999339819 0.00166323583 0 1.58231318 0.778962553 0.545362115 1
Late 496 537.0 arm_L_0 -0.687161446 0.00054526329 0.726504683 0 0.687630117 -0.322242796 0.650633872 0 0.234465778 0.946656942 0.221057788 0 0.286483586 0.930020869 -0.0392143689 1
Late 496 537.0 arm_L_1 -0.889671981 0.00067178905 0.456600189 0 0.448168308 -0.190009892 0.87352246 0 0.0873455778 0.981782019 0.168745399 0 0.433028966 0.771030366 0.0996993706 1
Late 496 537.0 arm_L_2 -0.988747299 0.000292181969 0.149595946 0 0.149507672 -0.0324230269 0.988228858 0 0.0051394105 0.999474168 0.0320145302 0 0.521796405 0.733150601 0.27416876 1
Late 496 537.0 hand_L -0.05917871 0.000487923622 0.998247385 0 0.997587562 -0.0363276899 0.0591570288 0 0.0362932384 0.9993397 0.001663059 0 0.554797828 0.816379964 0.484430194 1
Late 496 537.0 foot_R 0 4.37113883e-08 1 0 0.99999994 0 0 0 0 1 -4.37113883e-08 0 0.0799999833 0.0688500032 0.49000001 1
Late 496 537.0 foot_L -0.184304312 -8.50765864e-05 0.982869208 0 0.979542315 -0.082224369 0.183673367 0 0.0808001682 0.99661386 0.0152376425 0 0.093418777 0.100191027 -0.409481466 1
Late 496 537.5 root 1 0 0 0 0 1 0 0 0 0 1 0 0 0 0 1
Late 496 537.5 pelvis 0.410120517 -1.06530571e-07 0.912031353 0 -1.06530564e-07 1 1.64710286e-07 0 -0.912031353 -1.64710286e-07 0.410120517 0 0.0699860901 0.530031562 0.130259275 1
Late 496 537.5 chest 0.608855724 0.0490722843 0.791761696 0 -0.0298827104 0.998795211 -0.0389244705 0 -0.792717934 3.93999035e-05 0.609588623 0 0.0699860528 0.930031419 0.130259275 1
Late 496 537.5 head 0.997439027 1.00783473e-06 0.0715215504 0 -9.897376e-07 0.99999994 -3.09293682e-07 0 -0.0715215802 2.39686415e-07 0.997439027 0 0.0586776957 1.30857384 0.115505464 1
Late 496 537.5 arm_R_0 -0.353638232 8.57440755e-05 0.935382187 0 0.903801322 -0.257622063 0.341722131 0 0.241004422 0.966245711 0.0910275578 0 -0.1479038 0.930031717 0.29781422 1
Late 496 537.5 arm_R_1 -0.331192076 0.000192023814 0.943563223 0 0.926951766 -0.186750054 0.325399429 0 0.176273018 0.982407331 0.0616721809 0 0.0851286724 0.773521721 0.385751694 1
Late 496 537.5 arm_R_2 -0.285792321 0.000668168068 0.958291173 0 0.95771724 -0.0344179571 0.285645157 0 0.0331732929 0.999407172 0.00919649005 0 0.260389864 0.738123238 0.447029561 1
Late 496 537.5 hand_R -0.103630148 0.000640496612 0.994615495 0 0.994021058 -0.034517318 0.103590414 0 0.0343978405 0.999403954 0.00294039398 0 0.377887249 0.823837876 0.481653988 1
Late 496 537.5 bat_grip -0.103630207 0.000640521117 0.994615495 0 0.994021058 -0.0345174111 0.103590474 0 0.0343979336 0.999403954 0.00294038141 0 0.377887249 0.823837876 0.481653988 1
Late 496 537.5 bat_barrel -0.10363026 0.000640642422 0.994615495 0 0.994020998 -0.0345166624 0.103590526 0 0.0343972072 0.999403954 0.0029401856 0 1.23274541 0.794152915 0.570741773 1
Late 496 537.5 bat_tip -0.103630207 0.000640431768 0.994615495 0 0.994021058 -0.0345174111 0.103590474 0 0.0343979262 0.999403954 0.00294047035 0 1.57071269 0.782417119 0.605962515 1
Late 496 537.5 arm_L_0 -0.705838501 0.000674068928 0.708372653 0 0.671227396 -0.318934798 0.66912961 0 0.226375848 0.947776437 0.224663928 0 0.287875801 0.930031061 -0.0372957438 1
Late 496 537.5 arm_L_1 -0.900214314 0.000810518861 0.435446739 0 0.42776674 -0.185344964 0.884682357 0 0.0814251006 0.982673287 0.166503459 0 0.431183904 0.771564364 0.105899446 1
Late 496 537.5 arm_L_2 -0.991158903 0.000339001417 0.132680431 0 0.132612273 -0.0295615047 0.990726948 0 0.00425839424 0.999562979 0.0292551666 0 0.516732395 0.734201133 0.284637213 1
Late 496 537.5 hand_L -0.103627279 0.000615537167 0.994616032 0 0.99402082 -0.0345361829 0.103586361 0 0.0344144404 0.999403358 0.00296697021 0 0.546839356 0.817948639 0.499236405 1
Late 496 537.5 foot_R 0 4.37113883e-08 1 0 0.99999994 0 0 0 0 1 -4.37113883e-08 0 0.0799999833 0.0688500032 0.49000001 1
Late 496 537.5 foot_L -0.18987906 -0.0001063542 0.98180747 0 0.97827971 -0.0847153515 0.189187661 0 0.0831540376 0.996405184 0.0161897149 0 0.0940726101 0.101132885 -0.411531299 1
Late 496 538.0 root 1 0 0 0 0 1 0 0 0 0 1 0 0 0 0 1
Late 496 538.0 pelvis 0.405937493 -5.83844573e-09 0.913900852 0 -5.83844573e-09 1 8.98181618e-09 0 -0.913900852 -8.98181618e-09 0.405937493 0 0.0699814484 0.530042112 0.130345687 1
Late 496 538.0 chest 0.602181077 0.0497251302 0.796809494 0 -0.0299456902 0.998762965 -0.0396969281 0 -0.79779768 4.37260096e-05 0.602925181 0 0.0699814484 0.930042088 0.130345687 1
Late 496 538.0 head 0.997396708 -2.03726813e-09 0.0721098781 0 9.73013812e-08 1 -1.27182102e-06 0 -0.0721099377 1.28050669e-06 0.997396708 0 0.0586516671 1.30857217 0.115298994 1
Late 496 538.0 arm_R_0 -0.366797268 9.23797488e-05 0.930300832 0 0.899086833 -0.256829232 0.354515821 0 0.23896122 0.966456831 0.0941212475 0 -0.149289668 0.930042028 0.296056926 1
Late 496 538.0 arm_R_1 -0.348923206 0.000207930803 0.937151253 0 0.920891523 -0.185393572 0.342910528 0 0.173813149 0.982664347 0.0644966811 0 0.0817234889 0.773954213 0.386953652 1
Late 496 538.0 arm_R_2 -0.31283325 0.000727392733 0.949807644 0 0.949338198 -0.0312067233 0.312702507 0 0.0298678912 0.999512732 0.00907200575 0 0.254958749 0.738977134 0.451183558 1
Late 496 538.0 hand_R -0.147874102 0.000651061535 0.989005864 0 0.988474846 -0.0326760411 0.147816122 0 0.0324131548 0.999465883 0.00418840349 0 0.370416343 0.825111628 0.488746852 1
Late 496 538.0 bat_grip -0.147874162 0.000651085924 0.989005864 0 0.988474846 -0.0326761343 0.147816181 0 0.0324132517 0.999465883 0.00418839511 0 0.370416343 0.825111628 0.488746852 1
Late 496 538.0 bat_barrel -0.147874221 0.000651207112 0.989005864 0 0.988474786 -0.0326753855 0.147816226 0 0.0324125327 0.999465883 0.00418816693 0 1.22050476 0.797010124 0.615868747 1
Late 496 538.0 bat_tip -0.147874162 0.000650996575 0.989005864 0 0.988474846 -0.0326761343 0.147816181 0 0.0324132368 0.999465883 0.00418848358 0 1.55658627 0.785900354 0.666126251 1
Late 496 538.0 arm_L_0 -0.724037111 0.00072735548 0.689760625 0 0.654338002 -0.315619588 0.687187076 0 0.218201995 0.9488855 0.22804442 0 0.28925249 0.930042028 -0.0353656299 1
Late 496 538.0 arm_L_1 -0.910255969 0.000896111131 0.414045036 0 0.40708223 -0.180694863 0.895339906 0 0.0756183416 0.983538866 0.164113879 0 0.429207802 0.772102594 0.112027459 1
Late 496 538.0 arm_L_2 -0.993282199 0.00038972497 0.115716934 0 0.115665168 -0.0267260149 0.992928684 0 0.00347992778 0.999642789 0.026501406 0 0.511385143 0.735273957 0.294976145 1
Late 496 538.0 hand_L -0.147873953 0.00065100193 0.989006162 0 0.988474965 -0.0326758325 0.147816062 0 0.0324131846 0.999465823 0.00418832898 0 0.538457215 0.819556594 0.513875723 1
Late 496 538.0 foot_R 0 4.37113883e-08 1 0 0.99999994 0 0 0 0 1 -4.37113883e-08 0 0.0799999833 0.0688500032 0.49000001 1
Late 496 538.0 foot_L -0.195447668 -0.000113447655 0.980714142 0 0.976979792 -0.087205857 0.194693387 0 0.0855019167 0.99619031 0.0171550177 0 0.0947264507 0.102074757 -0.413581133 1
Late 496 538.5 root 1 0 0 0 0 1 0 0 0 0 1 0 0 0 0 1
Late 496 538.5 pelvis 0.401745677 -8.65985612e-08 0.915751278 0 -8.65985541e-08 1 1.32556906e-07 0 -0.915751278 -1.32556906e-07 0.401745677 0 0.0699768066 0.530052662 0.130432099 1
Late 496 538.5 chest 0.595463812 0.0503779389 0.801801026 0 -0.0300046839 0.998730242 -0.0404679775 0 -0.802821636 3.94299495e-05 0.596219301 0 0.0699767768 0.930052578 0.130432114 1
Late 496 538.5 head 0.997354031 9.90454282e-07 0.0726982951 0 -9.6911026e-07 1 -4.03852027e-07 0 -0.0726982951 3.37768142e-07 0.997354031 0 0.0586221926 1.30857038 0.115093447 1
Late 496 538.5 arm_R_0 -0.379883736 8.5812062e-05 0.925034165 0 0.894191146 -0.256039381 0.367241174 0 0.236876696 0.966666341 0.0971884876 0 -0.150691003 0.930052817 0.294311225 1
Late 496 538.5 arm_R_1 -0.366530657 0.000192128122 0.930405974 0 0.914500356 -0.184040189 0.360302746 0 0.17130132 0.98291868 0.0672806948 0 0.0783403665 0.774387658 0.388207048 1
Late 496 538.5 arm_R_2 -0.33962363 0.00066831708 0.940561116 0 0.940186322 -0.0279999822 0.339508206 0 0.0265626125 0.999607682 0.00888113678 0 0.249600768 0.739833832 0.455442667 1
Late 496 538.5 hand_R -0.191825464 0.000641614199 0.981428742 0 0.980957985 -0.0308589935 0.191753566 0 0.0304090679 0.99952358 0.00529017672 0 0.363098264 0.826392949 0.496023625 1
Late 496 538.5 bat_grip -0.191825524 0.000641638471 0.981428742 0 0.980957985 -0.0308590867 0.191753626 0 0.0304091629 0.99952358 0.00529017253 0 0.363098264 0.826392949 0.496023625 1
Late 496 538.5 bat_barrel -0.191825584 0.000641759543 0.981428742 0 0.980957925 -0.0308583397 0.191753671 0 0.0304084551 0.99952358 0.00528991269 0 1.20672214 0.799854159 0.660931706 1
Late 496 538.5 bat_tip -0.191825524 0.000641549123 0.981428742 0 0.980957985 -0.0308590867 0.191753626 0 0.0304091461 0.99952358 0.00529026007 0 1.54024804 0.789362133 0.726127982 1
Late 496 538.5 arm_L_0 -0.74174577 0.000674173236 0.670681059 0 0.636979401 -0.312302113 0.704787016 0 0.20993036 0.949982643 0.231219262 0 0.290644526 0.930052221 -0.0334470794 1
Late 496 538.5 arm_L_1 -0.919787586 0.000810205936 0.392416418 0 0.386158258 -0.176020607 0.90548259 0 0.0698071718 0.984386265 0.161588714 0 0.427364796 0.772635937 0.118224554 1
Late 496 538.5 arm_L_2 -0.995114565 0.000338733196 0.0987284258 0 0.0986921787 -0.0238642171 0.994831979 0 0.00269335508 0.999715269 0.0237141848 0 0.506325066 0.736322939 0.305439204 1
Late 496 538.5 hand_L -0.191822708 0.000618368387 0.981429696 0 0.980958164 -0.0308800936 0.19174993 0 0.0304256976 0.999522924 0.00531682372 0 0.529832363 0.821123958 0.52858758 1
Late 496 538.5 foot_R 0 4.37113883e-08 1 0 0.99999994 0 0 0 0 1 -4.37113883e-08 0 0.0799999833 0.0688500032 0.49000001 1
Late 496 538.5 foot_L -0.201010048 -0.000106354761 0.979589164 0 0.975642502 -0.0896958411 0.200190485 0 0.0878437757 0.995969176 0.0181335304 0 0.0954081491 0.103015348 -0.415622473 1
Late 496 539.0 root 1 0 0 0 0 1 0 0 0 0 1 0 0 0 0 1
Late 496 539.0 pelvis 0.397545427 -1.67924057e-07 0.917582512 0 -1.67924057e-07 1 2.55760654e-07 0 -0.917582512 -2.55760654e-07 0.397545427 0 0.0699721724 0.530063152 0.130518526 1
Late 496 539.0 chest 0.588704824 0.0510306954 0.806735694 0 -0.0300548002 0.998697102 -0.0412412621 0 -0.807789147 3.26514237e-05 0.589471519 0 0.0699721277 0.93006295 0.130518541 1
Late 496 539.0 head 0.997310877 3.56612873e-08 0.073286891 0 4.84960765e-08 0.99999994 -1.10623841e-06 0 -0.0732868612 1.10859219e-06 0.997310877 0 0.0585961081 1.30856824 0.114887007 1
Late 496 539.0 arm_R_0 -0.392894238 6.91972673e-05 0.919583678 0 0.889116406 -0.255246222 0.379896343 0 0.234746531 0.96687597 0.10022331 0 -0.152077004 0.93006283 0.292553812 1
Late 496 539.0 arm_R_1 -0.384007365 0.000155851245 0.923330128 0 0.907780945 -0.182683304 0.377571523 0 0.168735817 0.983171701 0.0700102895 0 0.0749346539 0.774819911 0.389409423 1
Late 496 539.0 arm_R_2 -0.366140395 0.000545330346 0.930559576 0 0.930268586 -0.0247898884 0.366040528 0 0.0232680812 0.99969238 0.00856929272 0 0.244168356 0.740687728 0.459598243 1
Late 496 539.0 hand_R -0.235393628 0.000487938523 0.971900105 0 0.971487284 -0.0290237367 0.2353082 0 0.0283230245 0.999578416 0.00635802001 0 0.355624497 0.827666998 0.503120542 1
Late 496 539.0 bat_grip -0.235393688 0.000487962679 0.971900105 0 0.971487284 -0.0290238298 0.23530826 0 0.0283231195 0.999578416 0.00635802001 0 0.355624497 0.827666998 0.503120542 1
Late 496 539.0 bat_barrel -0.235393748 0.000488083635 0.971900105 0 0.971487224 -0.0290230829 0.235308304 0 0.0283224229 0.999578416 0.00635772897 0 1.19110358 0.80270648 0.705485582 1
Late 496 539.0 bat_tip -0.235393688 0.000487873302 0.971900105 0 0.971487284 -0.0290238298 0.23530826 0 0.028323099 0.999578416 0.00635810709 0 1.52140951 0.792838514 0.785490453 1
Late 496 539.0 arm_L_0 -0.758951247 0.000545337796 0.651147425 0 0.619157732 -0.308981121 0.721924126 0 0.201586097 0.951068044 0.234163895 0 0.292021215 0.93006295 -0.0315167457 1
Late 496 539.0 arm_L_1 -0.928806722 0.000671982765 0.370564431 0 0.36497587 -0.171363801 0.915110409 0 0.0641164482 0.985207617 0.158918589 0 0.425386429 0.773174465 0.124355718 1
Late 496 539.0 arm_L_2 -0.996656835 0.000292390585 0.0817023218 0 0.081677869 -0.0210283548 0.996436894 0 0.00200971961 0.999778867 0.0209340453 0 0.500973642 0.737396717 0.315783739 1
Late 496 539.0 hand_L -0.235393822 0.000487804413 0.971900046 0 0.971487403 -0.0290237665 0.23530823 0 0.0283233225 0.999578595 0.00635790825 0 0.520777166 0.822732687 0.543123007 1
Late 496 539.0 foot_R 0 4.37113883e-08 1 0 0.99999994 0 0 0 0 1 -4.37113883e-08 0 0.0799999833 0.0688500032 0.49000001 1
Late 496 539.0 foot_L -0.206565872 -8.50760771e-05 0.978432715 0 0.97426796 -0.0921851695 0.205678627 0 0.0901794732 0.995741904 0.0191251971 0 0.0960898474 0.103955939 -0.417663813 1
Late 496 539.5 root 1 0 0 0 0 1 0 0 0 0 1 0 0 0 0 1
Late 496 539.5 pelvis 0.393337011 -8.0007581e-08 0.919394374 0 -8.0007581e-08 1 1.21251048e-07 0 -0.919394374 -1.21251048e-07 0.393337011 0 0.0699675381 0.530073702 0.130604953 1
Late 496 539.5 chest 0.581904471 0.051683329 0.811613202 0 -0.0301007237 0.998663545 -0.042013254 0 -0.812699914 1.75541136e-05 0.58268249 0 0.0699675158 0.9300735 0.130604953 1
Late 496 539.5 head 0.997267485 9.52710252e-07 0.0738750994 0 -9.74743671e-07 1 1.91312211e-07 0 -0.0738751292 -2.71604222e-07 0.997267485 0 0.0585667193 1.30856669 0.11468143 1
Late 496 539.5 arm_R_0 -0.405826867 3.96547839e-05 0.913949907 0 0.883862555 -0.254456639 0.392477959 0 0.232576147 0.967084169 0.10323029 0 -0.153478175 0.930073738 0.29080826 1
Late 496 539.5 arm_R_1 -0.401347846 8.82148743e-05 0.915925682 0 0.900735199 -0.181330889 0.394709021 0 0.16612038 0.983422101 0.0726973116 0 0.0715520829 0.775253356 0.390662372 1
Late 496 539.5 arm_R_2 -0.392362982 0.000304661691 0.919810295 0 0.919593513 -0.0215912126 0.392277628 0 0.0199792404 0.999766827 0.00819145143 0 0.238811672 0.741544247 0.463855833 1
Late 496 539.5 hand_R -0.278494835 0.000316619873 0.960437596 0 0.960079849 -0.0272148252 0.278400004 0 0.0262261927 0.999629617 0.0072751753 0 0.348309308 0.828947723 0.510393262 1
Late 496 539.5 bat_grip -0.278494895 0.000316643913 0.960437596 0 0.960079849 -0.0272149183 0.278400064 0 0.0262262877 0.999629617 0.00727517996 0 0.348309308 0.828947723 0.510393262 1
Late 496 539.5 bat_barrel -0.278494954 0.000316764752 0.960437596 0 0.960079789 -0.0272141714 0.278400093 0 0.026225606 0.999629617 0.00727485819 0 1.17397797 0.805542886 0.749817312 1
Late 496 539.5 bat_tip -0.278494895 0.000316554535 0.960437596 0 0.960079849 -0.0272149183 0.278400064 0 0.0262262635 0.999629617 0.00727526564 0 1.50040531 0.796289921 0.844473362 1
Late 496 539.5 arm_L_0 -0.775642276 0.000310435891 0.631172895 0 0.600891113 -0.305663198 0.738579571 0 0.193155766 0.952139616 0.236898705 0 0.293413192 0.930073202 -0.0295984112 1
Late 496 539.5 arm_L_1 -0.937304676 0.000361740589 0.34851107 0 0.343578517 -0.166690931 0.924211919 0 0.0584281832 0.986009121 0.156115949 0 0.423545599 0.773707271 0.130549669 1
Late 496 539.5 arm_L_2 -0.997907281 0.000143557787 0.0646617264 0 0.064648293 -0.0181694627 0.997742534 0 0.00131839514 0.999834895 0.0181221515 0 0.495917618 0.738444448 0.326241225 1
Late 496 539.5 hand_L -0.278492332 0.000295311213 0.960438371 0 0.960080028 -0.0272377431 0.278396517 0 0.0262427926 0.999628961 0.00730189681 0 0.51149708 0.824296713 0.557680905 1
Late 496 539.5 foot_R 0 4.37113883e-08 1 0 0.99999994 0 0 0 0 1 -4.37113883e-08 0 0.0799999833 0.0688500032 0.49000001 1
Late 496 539.5 foot_L -0.212115064 -4.96097782e-05 0.977244675 0 0.972856164 -0.09467379 0.211157739 0 0.0925089717 0.995508373 0.0201299991 0 0.0967992768 0.104895115 -0.419696391 1
Late 496 540.0 root 1 0 0 0 0 1 0 0 0 0 1 0 0 0 0 1
Late 496 540.0 pelvis 0.389120311 8.52428617e-09 0.921186924 0 8.52428617e-09 1 -1.28543496e-08 0 -0.921186924 1.28543496e-08 0.389120311 0 0.0699628964 0.530084252 0.130691379 1
Late 496 540.0 chest 0.575063348 0.0523358881 0.816433191 0 -0.0301377736 0.99862951 -0.0427873768 0 -0.81755358 -2.37540458e-08 0.575852513 0 0.0699628964 0.930084229 0.130691379 1
Late 496 540.0 head 0.997223735 -7.10592474e-08 0.0744634867 0 8.27658866e-08 1 -6.92140816e-08 0 -0.0744633973 8.54958913e-08 0.997223794 0 0.0585406721 1.3085649 0.114474945 1
Late 496 540.0 arm_R_0 -0.418678343 -1.86264515e-09 0.90813452 0 0.878431678 -0.253663957 0.404984444 0 0.23036103 0.967292368 0.106203705 0 -0.154864252 0.930084109 0.289050698 1
Late 496 540.0 arm_R_1 -0.418545187 1.49011612e-08 0.908195913 0 0.893366039 -0.179975599 0.411710829 0 0.163453162 0.98367101 0.0753279999 0 0.0681458265 0.775686026 0.391865224 1
Late 496 540.0 arm_R_2 -0.418269128 1.49011612e-08 0.90832299 0 0.908169448 -0.0183927305 0.418198466 0 0.0167065896 0.999830842 0.0076932013 0 0.233377948 0.74239862 0.468012989 1
Late 496 540.0 hand_R -0.321040154 7.4505806e-08 0.947065473 0 0.946760058 -0.0254001021 0.320936561 0 0.0240556896 0.99967742 0.00815453939 0 0.340832591 0.830222785 0.517494202 1
Late 496 540.0 bat_grip -0.321040213 9.84273925e-08 0.947065473 0 0.946760058 -0.0254001953 0.32093662 0 0.0240557846 0.99967742 0.00815454777 0 0.340832591 0.830222785 0.517494202 1
Late 496 540.0 bat_barrel -0.321040273 2.19175249e-07 0.947065473 0 0.946759999 -0.0253994484 0.32093665 0 0.0240551177 0.99967742 0.00815419573 0 1.15504622 0.808378637 0.793499708 1
Late 496 540.0 bat_tip -0.321040213 9.04926623e-09 0.947065473 0 0.946760058 -0.0254001953 0.32093662 0 0.0240557566 0.99967742 0.00815463252 0 1.4769448 0.799742639 0.90261817 1
Late 496 540.0 arm_L_0 -0.791806817 0 0.610771775 0 0.582186699 -0.302345514 0.75474894 0 0.184664309 0.953198373 0.239399284 0 0.29479003 0.930084229 -0.0276680123 1
Late 496 540.0 arm_L_1 -0.945280194 2.83122063e-07 0.32626 0 0.321948349 -0.162038058 0.932787836 0 0.0528669953 0.986784577 0.15317142 0 0.421565145 0.774246633 0.136683851 1
Late 496 540.0 arm_L_2 -0.998866916 1.78813934e-07 0.047593683 0 0.0475881025 -0.0153362751 0.998749375 0 0.000730365515 0.99988246 0.0153189376 0 0.49056235 0.739519835 0.336591214 1
Late 496 540.0 hand_L -0.321040273 0 0.947065651 0 0.946760297 -0.0253999531 0.32093668 0 0.024055779 0.99967742 0.00815443695 0 0.501781881 0.825904489 0.572053492 1
Late 496 540.0 foot_R 0 4.37113883e-08 1 0 0.99999994 0 0 0 0 1 -4.37113883e-08 0 0.0799999833 0.0688500032 0.49000001 1
Late 496 540.0 foot_L -0.217657268 3.67568056e-08 0.976025283 0 0.971407235 -0.0971615463 0.216627464 0 0.0948321223 0.995268643 0.0211478807 0 0.0975087062 0.10583429 -0.421728939 1
Late 496 592 root 1 0 0 0 0 1 0 0 0 0 1 0 0 0 0 1
Late 496 592 pelvis -0.00841645617 3.52293751e-15 0.999964654 0 -3.52293751e-15 1 -3.55271368e-15 0 -0.999964654 -3.55271368e-15 -0.00841645617 0 0.064915061 0.541028857 0.137934163 1
Late 496 592 chest -0.0288157463 0.103201404 0.994243085 0 0.00298977573 0.994660497 -0.103158101 0 -0.999580324 -1.38148541e-08 -0.0289704353 0 0.064915061 0.941028774 0.137934133 1
Late 496 592 head 0.985719025 -4.59254004e-08 0.168399096 0 2.20947918e-08 1 8.30691107e-08 0 -0.168399066 -7.64367343e-08 0.985719085 0 0.0660482049 1.31800556 0.0988371745 1
Late 496 592 arm_R_0 -0.997181356 7.4505806e-08 0.0750284493 0 0.0638754591 0.524598837 0.848949909 0 -0.0393598042 0.851349533 -0.523120284 0 -0.209969535 0.941028774 0.129967242 1
Late 496 592 arm_R_1 -0.842632532 2.08616257e-07 -0.538489103 0 -0.374298513 0.718922317 0.585705698 0 0.387131989 0.695090294 -0.605787396 0 -0.202088401 0.915755451 0.234712496 1
Late 496 592 arm_R_2 -0.43088001 -2.98023224e-08 -0.902409196 0 -0.618034184 0.7286641 0.295097172 0 0.657553256 0.684871197 -0.31396699 0 -0.251985073 1.01159263 0.312791258 1
Late 496 592 hand_R -0.632245898 4.09781933e-08 -0.774767816 0 -0.667587757 0.507483244 0.544781983 0 0.393181771 0.861661613 -0.320854306 0 -0.359659493 1.22854161 0.364203453 1
Late 496 592 bat_grip -0.632245839 2.87291257e-08 -0.774767876 0 -0.667587876 0.507483184 0.544781983 0 0.393181711 0.861661673 -0.320854247 0 -0.359659493 1.22854161 0.364203453 1
Late 496 592 bat_barrel -0.632245719 9.99384682e-08 -0.774767995 0 -0.667587578 0.50748378 0.544781625 0 0.393182278 0.861661315 -0.320854574 0 -0.933785081 1.66497719 0.832715988 1
Late 496 592 bat_tip -0.632245898 -4.83094311e-08 -0.774767876 0 -0.667587876 0.507483184 0.544781983 0 0.393181652 0.861661673 -0.320854306 0 -1.16076493 1.83752155 1.01794195 1
Late 496 592 arm_L_0 -0.304196775 -5.96046448e-08 -0.95260942 0 -0.879012465 0.385418653 0.280694962 0 0.367153615 0.922741771 -0.117243022 0 0.339799643 0.941028774 0.145901069 1
Late 496 592 arm_L_1 -0.357219458 -4.47034836e-08 -0.934020758 0 -0.858226717 0.394602299 0.328231722 0 0.368566871 0.918852091 -0.140959486 0 0.126594216 0.944512606 0.213983804 1
Late 496 592 arm_L_2 -0.389884621 -7.4505806e-08 -0.920863986 0 -0.844078839 0.399767816 0.357374549 0 0.368132055 0.916616499 -0.155863225 0 -0.144389048 1.06910729 0.317622304 1
Late 496 592 hand_L -0.632245958 5.96046448e-08 -0.774768114 0 -0.667587519 0.507483482 0.544782162 0 0.393182307 0.861661553 -0.320854098 0 -0.473149508 1.31481385 0.456816554 1
Late 496 592 foot_R 0 4.37113883e-08 1 0 0.99999994 0 0 0 0 1 -4.37113883e-08 0 0.0799999833 0.0688500032 0.49000001 1
Late 496 592 foot_L -0.722120464 1.01064728e-07 0.691767275 0 0.651795208 -0.335001469 0.680394709 0 0.231743112 0.942217588 0.241911367 0 0.229666084 0.193512291 -0.584615946 1
Late 496 672 root 1 0 0 0 0 1 0 0 0 0 1 0 0 0 0 1
Late 496 672 pelvis -0.238513038 0 0.971139312 0 0 1 0 0 -0.971139312 0 -0.238513038 0 0.0567981899 0.554153562 0.138017491 1
Late 496 672 chest -0.459056258 0.098882094 0.882887125 0 0.0456160381 0.995099127 -0.0877316743 0 -0.887235403 4.33297842e-08 -0.461317092 0 0.0567981862 0.954153478 0.138017446 1
Late 496 672 head 0.941338062 2.22585363e-08 0.337465137 0 2.65925379e-08 1 -1.42779299e-07 0 -0.337465137 1.43168833e-07 0.941338003 0 0.0740867034 1.33129656 0.104767106 1
Late 496 672 arm_R_0 -0.358733147 -2.90572643e-07 -0.933440149 0 -0.255993038 0.961659312 0.0983811393 0 0.897651434 0.274246693 -0.344979107 0 -0.187191665 0.954153478 0.0111552253 1
Late 496 672 arm_R_1 0.11562413 -9.68575478e-08 -0.993293047 0 -0.474482745 0.878530204 -0.0552322417 0 0.872637987 0.477686465 0.101579338 0 -0.227016538 1.01375961 0.0264604688 1
Late 496 672 arm_R_2 0.237725541 -2.83122063e-07 -0.971332252 0 -0.585361302 0.798014998 -0.143262565 0 0.775137842 0.60263741 0.189708441 0 -0.324619472 1.19447649 0.0150989871 1
Late 496 672 hand_R 0.973969102 1.49011612e-07 0.226680428 0 0.102172628 0.892657638 -0.439002216 0 -0.202348113 0.45073539 0.869420886 0 -0.479999781 1.49630451 -0.0229291487 1
Late 496 672 bat_grip 0.973969102 1.03662849e-07 0.226680472 0 0.10217271 0.892657578 -0.439002305 0 -0.202348128 0.45073548 0.869420826 0 -0.479999781 1.49630451 -0.022929145 1
Late 496 672 bat_barrel 0.973969102 1.01971196e-07 0.226680607 0 0.102172613 0.892657876 -0.43900162 0 -0.202348322 0.450734824 0.869421124 0 -0.392131269 2.26398993 -0.400471121 1
Late 496 672 bat_tip 0.973969102 6.33639559e-08 0.226680398 0 0.10217271 0.892657578 -0.439002305 0 -0.202348039 0.45073548 0.869420826 0 -0.357392579 2.56749392 -0.549731851 1
Late 496 672 arm_L_0 0.622296095 -2.83122063e-07 -0.782782018 0 -0.612237215 0.62311542 -0.486716449 0 0.487763822 0.782129884 0.387762219 0 0.300788045 0.954153538 0.264879614 1
Late 496 672 arm_L_1 0.428878933 -1.94646418e-07 -0.903362095 0 -0.698163033 0.634589076 -0.331458986 0 0.573264003 0.772849679 0.272161841 0 0.104093015 1.06434333 0.108510777 1
Late 496 672 arm_L_2 0.263400167 -4.17232513e-07 -0.964686751 0 -0.749361873 0.629755735 -0.204607606 0 0.607517242 0.776793122 0.16587764 0 -0.150379956 1.29564428 -0.0123026744 1
Late 496 672 hand_L 0.973969162 -5.96046448e-08 0.226680696 0 0.10217312 0.892657459 -0.439002305 0 -0.202348068 0.450735539 0.869421124 0 -0.462630272 1.64805675 -0.0975597352 1
Late 496 672 foot_R 0 4.37113883e-08 1 0 0.99999994 0 0 0 0 1 -4.37113883e-08 0 0.0799999833 0.0688500032 0.49000001 1
Late 496 672 foot_L -0.808856189 7.13973307e-08 0.588006377 0 0.556762815 -0.32163009 0.765878022 0 0.189120591 0.94686538 0.260152489 0 0.263223946 0.188697651 -0.616185665 1
Late 496 696 root 1 0 0 0 0 1 0 0 0 0 1 0 0 0 0 1
Late 496 696 pelvis -0.268312484 0 0.963331997 0 0 1 0 0 -0.963331997 0 -0.268312484 0 0.0550355949 0.556365132 0.135641277 1
Late 496 696 chest -0.528172433 0.0950168669 0.843804359 0 0.0504134484 0.99547565 -0.0805399939 0 -0.847639382 8.66664962e-08 -0.530572951 0 0.0550355837 0.956365108 0.135641262 1
Late 496 696 head 0.920789003 -2.50431e-08 0.39006114 0 5.85923701e-08 0.99999994 -7.7527389e-08 0 -0.39006114 9.80728103e-08 0.920789003 0 0.0741422325 1.33365047 0.105116531 1
Late 496 696 arm_R_0 0.060007859 -2.16066837e-07 -0.998197973 0 -0.270301014 0.962638617 -0.016249679 0 0.960903883 0.270788997 0.0577657446 0 -0.178065211 0.956365108 -0.0102662919 1
Late 496 696 arm_R_1 0.279022932 -1.78813934e-07 -0.960284591 0 -0.475723982 0.868665338 -0.13822788 0 0.834165871 0.495398998 0.242377475 0 -0.220932215 1.01903033 -0.0128432773 1
Late 496 696 arm_R_2 0.332801759 -5.21540642e-08 -0.942996919 0 -0.580804527 0.787813663 -0.204977155 0 0.742905676 0.615913451 0.262185752 0 -0.321577042 1.20280635 -0.0420869961 1
Late 496 696 hand_R 0.799527824 2.98023224e-08 0.600629091 0 0.359476149 0.801122904 -0.478517294 0 -0.481177986 0.598499775 0.640520334 0 -0.479999602 1.50769413 -0.0979971662 1
Late 496 696 bat_grip 0.799527824 -6.56042509e-09 0.600629091 0 0.359476268 0.801122844 -0.478517324 0 -0.481177956 0.598499835 0.640520275 0 -0.479999602 1.50769413 -0.0979971662 1
Late 496 696 bat_barrel 0.799527764 1.50460338e-08 0.600629151 0 0.35947594 0.801123202 -0.478516787 0 -0.481178313 0.598499238 0.640520573 0 -0.170850039 2.1966598 -0.50952208 1
Late 496 696 bat_tip 0.799527884 -6.00704837e-08 0.600629032 0 0.359476268 0.801122844 -0.478517324 0 -0.481177896 0.598499835 0.640520334 0 -0.0486281216 2.46904182 -0.672217965 1
Late 496 696 arm_L_0 0.728509009 2.23517418e-07 -0.685036242 0 -0.544694543 0.606435895 -0.579260886 0 0.415430546 0.795132279 0.441794425 0 0.288136303 0.956365049 0.281548709 1
Late 496 696 arm_L_1 0.546093702 1.38184987e-07 -0.837724268 0 -0.64949739 0.631578743 -0.423392475 0 0.529088914 0.775311708 0.344901502 0 0.110238925 1.06442702 0.092361778 1
Late 496 696 arm_L_2 0.373283088 -4.47034836e-08 -0.927717626 0 -0.716368914 0.635398388 -0.288243115 0 0.589470506 0.772184312 0.237183809 0 -0.125436485 1.29360044 -0.0612697452 1
Late 496 696 hand_L 0.799528003 2.5331974e-07 0.600629151 0 0.359476328 0.801122904 -0.478517056 0 -0.481177896 0.598499596 0.640520573 0 -0.418888986 1.6438849 -0.179345116 1
Late 496 696 foot_R 0 4.37113883e-08 1 0 0.99999994 0 0 0 0 1 -4.37113883e-08 0 0.0799999833 0.0688500032 0.49000001 1
Late 496 696 foot_L -0.817456007 5.10714386e-08 0.575990975 0 0.547489047 -0.310673058 0.777005792 0 0.178944901 0.95051682 0.253961533 0 0.266084492 0.184741557 -0.620885015 1
Late 496 896 root 1 0 0 0 0 1 0 0 0 0 1 0 0 0 0 1
Late 496 896 pelvis -0.36856699 4.73634927e-08 0.929601192 0 -4.73634927e-08 1 -6.97289479e-08 0 -0.929601192 -6.97289479e-08 -0.36856699 0 0.0415513292 0.552301466 0.129999995 1
Late 496 896 chest -0.678174973 0.0558847263 0.732772589 0 0.0379589796 0.998437226 -0.0410148576 0 -0.733919501 4.77123052e-08 -0.679236412 0 0.0415513217 0.952301443 0.129999995 1
Late 496 896 head 0.833646417 -7.50303286e-08 0.552298784 0 1.41925895e-07 1 -8.50664321e-08 0 -0.552298784 1.52510566e-07 0.833646417 0 0.0559377708 1.33070934 0.114455268 1
Late 496 896 arm_R_0 0.603639841 -5.96046448e-08 -0.797257364 0 -0.360018522 0.892235041 -0.272586495 0 0.711340785 0.451571286 0.538588464 0 -0.160276517 0.952301443 -0.0567900091 1
Late 496 896 arm_R_1 0.512529016 -1.10827386e-07 -0.858670235 0 -0.542997837 0.774665773 -0.324108481 0 0.665182292 0.63237083 0.39703849 0 -0.209073171 0.983234882 -0.0937360525 1
Late 496 896 arm_R_2 0.481451124 -8.56816769e-08 -0.876473248 0 -0.627006888 0.698740661 -0.344418138 0 0.612427354 0.715375006 0.336409271 0 -0.315647602 1.1352787 -0.157348961 1
Late 496 896 hand_R 0.545656025 2.16066837e-07 0.838009298 0 0.739462137 0.470493525 -0.481489122 0 -0.394278169 0.882403374 0.256727576 0 -0.479999661 1.40843415 -0.24762845 1
Late 496 896 bat_grip 0.545655966 2.06578008e-07 0.838009357 0 0.739462256 0.470493436 -0.481489092 0 -0.394278109 0.882403433 0.256727517 0 -0.479999661 1.40843415 -0.247628465 1
Late 496 896 bat_barrel 0.545655847 2.82556584e-07 0.838009477 0 0.739461958 0.470494062 -0.481488824 0 -0.394278735 0.882403076 0.256727785 0 0.15593791 1.8130585 -0.66170913 1
Late 496 896 bat_tip 0.545656025 1.27684984e-07 0.838009357 0 0.739462256 0.470493436 -0.481489092 0 -0.394278049 0.882403433 0.256727606 0 0.40735513 1.97302651 -0.825415492 1
Late 496 896 arm_L_0 0.87117511 2.23517418e-08 -0.490972638 0 -0.436965764 0.455960244 -0.775345922 0 0.223864034 0.890000105 0.397221446 0 0.243379191 0.952301443 0.316789806 1
Late 496 896 arm_L_1 0.734173656 -2.79396772e-08 -0.678961933 0 -0.579880774 0.520158648 -0.627035379 0 0.353168011 0.85406971 0.381886899 0 0.101933308 1.00989592 0.0658100545 1
Late 496 896 arm_L_2 0.573392689 -2.01165676e-07 -0.819280744 0 -0.68099165 0.555963278 -0.476607919 0 0.455490172 0.831206799 0.318785369 0 -0.0972904935 1.18860161 -0.149614275 1
Late 496 896 hand_L 0.545656085 1.1920929e-07 0.838009417 0 0.739462376 0.470493346 -0.481488794 0 -0.39427799 0.882403493 0.256727755 0 -0.35429126 1.48841763 -0.329481959 1
Late 496 896 foot_R 0 4.37113883e-08 1 0 0.99999994 0 0 0 0 1 -4.37113883e-08 0 0.0799999833 0.0688500032 0.49000001 1
Late 496 896 foot_L -0.819152057 4.28498268e-08 0.573576331 0 0.55107677 -0.277335018 0.787019432 0 0.159072816 0.960773289 0.227179527 0 0.263338655 0.172645897 -0.626574278 1
Late 496 951.5 root 1 0 0 0 0 1 0 0 0 0 1 0 0 0 0 1
Late 496 951.5 pelvis -0.374602556 0 0.927185416 0 0 1 0 0 -0.927185416 0 -0.374602556 0 0.0400011465 0.55000186 0.129999995 1
Late 496 951.5 chest -0.668225288 0.0523384772 0.742115617 0 0.0350218825 0.998629391 -0.0388945155 0 -0.743134141 -1.35687177e-08 -0.669142425 0 0.0400011465 0.950001657 0.129999995 1
Late 496 951.5 head 0.829040885 -4.25850022e-09 0.559188187 0 -4.89554708e-08 1 6.13720132e-08 0 -0.559188128 -6.51665317e-08 0.829041004 0 0.0532744452 1.32848215 0.115258977 1
Late 496 951.5 arm_R_0 0.631775141 -2.23517418e-08 -0.775151551 0 -0.354748964 0.889131844 -0.289132595 0 0.689211965 0.457651019 0.561731458 0 -0.164360702 0.950001657 -0.0540141612 1
Late 496 951.5 arm_R_1 0.527499259 -7.4505806e-09 -0.849555433 0 -0.540885746 0.77113688 -0.33584255 0 0.655123591 0.636669099 0.406774223 0 -0.211795881 0.978892267 -0.092675373 1
Late 496 951.5 arm_R_2 0.491528481 1.67638063e-08 -0.870861351 0 -0.625820398 0.695400596 -0.353223324 0 0.605597556 0.718622148 0.341809303 0 -0.317008853 1.12889361 -0.15800342 1
Late 496 951.5 hand_R 0.539058328 1.56462193e-07 0.842268825 0 0.751722276 0.451052725 -0.481108189 0 -0.379908115 0.89249742 0.243143648 0 -0.479999572 1.40000641 -0.249998152 1
Late 496 951.5 bat_grip 0.539058268 1.48406016e-07 0.842268884 0 0.751722395 0.451052636 -0.481108159 0 -0.379908055 0.89249748 0.243143588 0 -0.479999572 1.40000641 -0.249998167 1
Late 496 951.5 bat_barrel 0.539058149 2.26794924e-07 0.842268944 0 0.751722097 0.451053262 -0.481107891 0 -0.379908681 0.892497122 0.243143842 0 0.166481704 1.78791165 -0.663751245 1
Late 496 951.5 bat_tip 0.539058328 6.86105253e-08 0.842268884 0 0.751722395 0.451052636 -0.481108159 0 -0.379907995 0.89249748 0.243143663 0 0.422067374 1.94126976 -0.827328086 1
Late 496 951.5 arm_L_0 0.871588349 -5.96046448e-08 -0.490238279 0 -0.438139677 0.448609263 -0.778963089 0 0.219925553 0.893727899 0.391002893 0 0.244363055 0.950001717 0.314014137 1
Late 496 951.5 arm_L_1 0.734550476 -1.11758709e-08 -0.678553998 0 -0.582095742 0.513904333 -0.630132377 0 0.348711967 0.857847393 0.377488941 0 0.103284098 1.00445211 0.0631915331 1
Late 496 951.5 arm_L_2 0.573606133 4.47034836e-08 -0.819131255 0 -0.683761239 0.550644517 -0.47881186 0 0.451050222 0.834739685 0.315853447 0 -0.095572792 1.1800133 -0.152075857 1
Late 496 951.5 hand_L 0.539058268 1.97440386e-07 0.842268825 0 0.751722336 0.451052845 -0.481108069 0 -0.379907697 0.892497063 0.243143916 0 -0.352206886 1.47668517 -0.331786782 1
Late 496 951.5 foot_R 0 4.37113883e-08 1 0 0.99999994 0 0 0 0 1 -4.37113883e-08 0 0.0799999833 0.0688500032 0.49000001 1
Late 496 951.5 foot_L -0.819152236 7.24432141e-08 0.573576093 0 0.551356435 -0.27563867 0.787419438 0 0.1580998 0.961261332 0.225790009 0 0.263164222 0.172028095 -0.626823485 1
Late 496 952 root 1 0 0 0 0 1 0 0 0 0 1 0 0 0 0 1
Late 496 952 pelvis -0.374606699 0 0.927183807 0 0 1 0 0 -0.927183807 0 -0.374606699 0 0.0399999991 0.550000012 0.129999995 1
Late 496 952 chest -0.668213606 0.0523359515 0.742126286 0 0.0350195616 0.99862951 -0.0388932116 0 -0.743144751 -3.46637563e-08 -0.669130683 0 0.0399999991 0.94999969 0.129999995 1
Late 496 952 head 0.829037786 -2.29499229e-08 0.559192896 0 -5.39884155e-08 1 1.04912729e-07 0 -0.559192836 -1.14385017e-07 0.829037726 0 0.053272415 1.32848024 0.115259476 1
Late 496 952 arm_R_0 0.631801903 3.7252903e-09 -0.775129914 0 -0.354742497 0.889129579 -0.289147645 0 0.689190865 0.45765546 0.56175369 0 -0.1643648 0.94999969 -0.054010924 1
Late 496 952 arm_R_1 0.527513683 2.79396772e-08 -0.849546611 0 -0.540882468 0.771134675 -0.3358531 0 0.65511477 0.636671901 0.406783998 0 -0.211798668 0.97888875 -0.0926737338 1
Late 496 952 arm_R_2 0.491538167 1.06170774e-07 -0.870855927 0 -0.625818372 0.69539845 -0.353231192 0 0.605591834 0.718624294 0.341814905 0 -0.317010343 1.12888873 -0.158003435 1
Late 496 952 hand_R 0.539053559 0 0.842271328 0 0.751731038 0.451038361 -0.481107771 0 -0.379896879 0.892504454 0.243133858 0 -0.479999721 1.39999998 -0.249999776 1
Late 496 952 bat_grip 0.5390535 -8.05511746e-09 0.842271388 0 0.751731157 0.451038271 -0.481107742 0 -0.37989682 0.892504513 0.243133798 0 -0.479999721 1.39999998 -0.249999791 1
Late 496 952 bat_barrel 0.53905338 7.03355312e-08 0.842271447 0 0.751730859 0.451038897 -0.481107473 0 -0.379897445 0.892504156 0.243134052 0 0.166489065 1.78789294 -0.663752496 1
Late 496 952 bat_tip 0.539053559 -8.78512409e-08 0.842271388 0 0.751731157 0.451038271 -0.481107742 0 -0.37989676 0.892504513 0.243133873 0 0.422077715 1.94124603 -0.827329218 1
Late 496 952 arm_L_0 0.871587753 -8.94069672e-08 -0.490239292 0 -0.438141912 0.448604017 -0.778964698 0 0.219923481 0.893730581 0.390998065 0 0.244364813 0.94999975 0.314010948 1
Late 496 952 arm_L_1 0.734549522 -5.77419996e-08 -0.678555012 0 -0.582098544 0.513899803 -0.63013339 0 0.348709404 0.857850254 0.377485067 0 0.103285752 1.00444782 0.0631889552 1
Late 496 952 arm_L_2 0.573604822 2.23517418e-08 -0.81913209 0 -0.683764279 0.550640523 -0.478812158 0 0.45104745 0.834742427 0.315850407 0 -0.0955712274 1.18000686 -0.152077764 1
Late 496 952 hand_L 0.539053738 1.86264515e-07 0.842271686 0 0.751731157 0.451038539 -0.481107742 0 -0.379896998 0.892504454 0.243134201 0 -0.352205366 1.47667634 -0.331788093 1
Late 496 952 foot_R 0 4.37113883e-08 1 0 0.99999994 0 0 0 0 1 -4.37113883e-08 0 0.0799999833 0.0688500032 0.49000001 1
Late 496 952 foot_L -0.819152296 8.68321379e-08 0.573576033 0 0.551356554 -0.275637537 0.787419736 0 0.15809913 0.96126163 0.22578907 0 0.263164103 0.172027692 -0.626823664 1
